/home/jeffreyfang/miniconda3/envs/jaxgpu/lib/python3.13/site-packages/gymnasium/spaces/box.py:236: UserWarning: [33mWARN: Box low's precision lowered by casting to float32, current low.dtype=float64[0m
  gym.logger.warn(
/home/jeffreyfang/miniconda3/envs/jaxgpu/lib/python3.13/site-packages/gymnasium/spaces/box.py:306: UserWarning: [33mWARN: Box high's precision lowered by casting to float32, current high.dtype=float64[0m
  gym.logger.warn(
Failed to import warp: No module named 'warp'
Failed to import mujoco_warp: No module named 'warp'
Delay:  0
MPC Controller Reset
ADMM done: Total Iterations=1 converged=True rho=1.000e-01 rp=0.000e+00 (<= 1.016e-02) rd=1.633e-03 (<= 1.000e-02) Rho0 1.000e-01
ADMM done: Total Iterations=1 converged=True rho=1.000e-01 rp=0.000e+00 (<= 1.016e-02) rd=3.725e-10 (<= 1.000e-02) Rho0 1.000e-01
SQP Iteration 0 Feas 9.919076919555664 (<= 0.009999999776482582) Step 88.56694030761719 (<= 9.999999747378752e-05)
Time taken for MPC:  71.8815484540537
ADMM done: Total Iterations=1 converged=True rho=1.000e-01 rp=0.000e+00 (<= 1.002e-02) rd=1.650e-03 (<= 1.000e-02) Rho0 1.000e-01
ADMM done: Total Iterations=1 converged=True rho=1.000e-01 rp=0.000e+00 (<= 1.002e-02) rd=3.027e-10 (<= 1.000e-02) Rho0 1.000e-01
SQP Iteration 0 Feas 88.56694030761719 (<= 0.009999999776482582) Step 88.56694030761719 (<= 9.999999747378752e-05)
Time taken for MPC:  0.023927299305796623
ADMM done: Total Iterations=1 converged=True rho=1.000e-01 rp=0.000e+00 (<= 1.002e-02) rd=2.108e-04 (<= 1.000e-02) Rho0 1.000e-01
ADMM done: Total Iterations=1 converged=True rho=1.000e-01 rp=0.000e+00 (<= 1.002e-02) rd=2.328e-11 (<= 1.000e-02) Rho0 1.000e-01
SQP Iteration 0 Feas 74.66307067871094 (<= 0.009999999776482582) Step 74.66307067871094 (<= 9.999999747378752e-05)
Time taken for MPC:  0.016850766260176897
ADMM done: Total Iterations=1 converged=True rho=1.000e-01 rp=0.000e+00 (<= 1.002e-02) rd=1.851e-04 (<= 1.000e-02) Rho0 1.000e-01
ADMM done: Total Iterations=1 converged=True rho=1.000e-01 rp=0.000e+00 (<= 1.002e-02) rd=2.328e-11 (<= 1.000e-02) Rho0 1.000e-01
SQP Iteration 0 Feas 54.942481994628906 (<= 0.009999999776482582) Step 54.942481994628906 (<= 9.999999747378752e-05)
Time taken for MPC:  0.016459401696920395
ADMM done: Total Iterations=1 converged=True rho=1.000e-01 rp=0.000e+00 (<= 1.002e-02) rd=1.832e-04 (<= 1.000e-02) Rho0 1.000e-01
ADMM done: Total Iterations=1 converged=True rho=1.000e-01 rp=0.000e+00 (<= 1.002e-02) rd=7.276e-12 (<= 1.000e-02) Rho0 1.000e-01
SQP Iteration 0 Feas 41.385108947753906 (<= 0.009999999776482582) Step 41.385108947753906 (<= 9.999999747378752e-05)
Time taken for MPC:  0.017055451404303312
ADMM done: Total Iterations=1 converged=True rho=1.000e-01 rp=0.000e+00 (<= 1.002e-02) rd=1.986e-04 (<= 1.000e-02) Rho0 1.000e-01
ADMM done: Total Iterations=1 converged=True rho=1.000e-01 rp=0.000e+00 (<= 1.002e-02) rd=1.019e-11 (<= 1.000e-02) Rho0 1.000e-01
SQP Iteration 0 Feas 37.25737380981445 (<= 0.009999999776482582) Step 37.25737380981445 (<= 9.999999747378752e-05)
Time taken for MPC:  0.017044539097696543
ADMM done: Total Iterations=1 converged=True rho=1.000e-01 rp=0.000e+00 (<= 1.002e-02) rd=1.910e-04 (<= 1.000e-02) Rho0 1.000e-01
ADMM done: Total Iterations=1 converged=True rho=1.000e-01 rp=0.000e+00 (<= 1.002e-02) rd=7.276e-12 (<= 1.000e-02) Rho0 1.000e-01
SQP Iteration 0 Feas 36.855411529541016 (<= 0.009999999776482582) Step 36.855411529541016 (<= 9.999999747378752e-05)
Time taken for MPC:  0.017645277082920074
ADMM done: Total Iterations=1 converged=True rho=1.000e-01 rp=0.000e+00 (<= 1.002e-02) rd=1.900e-04 (<= 1.000e-02) Rho0 1.000e-01
ADMM done: Total Iterations=1 converged=True rho=1.000e-01 rp=0.000e+00 (<= 1.002e-02) rd=2.328e-11 (<= 1.000e-02) Rho0 1.000e-01
SQP Iteration 0 Feas 37.89828872680664 (<= 0.009999999776482582) Step 37.89828872680664 (<= 9.999999747378752e-05)
Time taken for MPC:  0.016626961063593626
ADMM done: Total Iterations=1 converged=True rho=1.000e-01 rp=0.000e+00 (<= 1.002e-02) rd=1.915e-04 (<= 1.000e-02) Rho0 1.000e-01
ADMM done: Total Iterations=1 converged=True rho=1.000e-01 rp=0.000e+00 (<= 1.002e-02) rd=4.366e-12 (<= 1.000e-02) Rho0 1.000e-01
SQP Iteration 0 Feas 39.83272171020508 (<= 0.009999999776482582) Step 39.83272171020508 (<= 9.999999747378752e-05)
Time taken for MPC:  0.016053786035627127
ADMM done: Total Iterations=1 converged=True rho=1.000e-01 rp=0.000e+00 (<= 1.002e-02) rd=1.953e-04 (<= 1.000e-02) Rho0 1.000e-01
ADMM done: Total Iterations=1 converged=True rho=1.000e-01 rp=0.000e+00 (<= 1.002e-02) rd=1.019e-11 (<= 1.000e-02) Rho0 1.000e-01
SQP Iteration 0 Feas 44.31034851074219 (<= 0.009999999776482582) Step 44.31034851074219 (<= 9.999999747378752e-05)
Time taken for MPC:  0.01699805399402976
ADMM done: Total Iterations=1 converged=True rho=1.000e-01 rp=0.000e+00 (<= 1.002e-02) rd=1.890e-04 (<= 1.000e-02) Rho0 1.000e-01
ADMM done: Total Iterations=1 converged=True rho=1.000e-01 rp=0.000e+00 (<= 1.002e-02) rd=4.366e-12 (<= 1.000e-02) Rho0 1.000e-01
SQP Iteration 0 Feas 79.83258056640625 (<= 0.009999999776482582) Step 79.83258056640625 (<= 9.999999747378752e-05)
Time taken for MPC:  0.016939450055360794
ADMM done: Total Iterations=1 converged=True rho=1.000e-01 rp=0.000e+00 (<= 1.002e-02) rd=1.754e-04 (<= 1.000e-02) Rho0 1.000e-01
ADMM done: Total Iterations=1 converged=True rho=1.000e-01 rp=0.000e+00 (<= 1.002e-02) rd=2.328e-11 (<= 1.000e-02) Rho0 1.000e-01
SQP Iteration 0 Feas 109.81330108642578 (<= 0.009999999776482582) Step 109.81330108642578 (<= 9.999999747378752e-05)
Time taken for MPC:  0.016205551102757454
ADMM done: Total Iterations=1 converged=True rho=1.000e-01 rp=0.000e+00 (<= 1.002e-02) rd=2.272e-04 (<= 1.000e-02) Rho0 1.000e-01
ADMM done: Total Iterations=1 converged=True rho=1.000e-01 rp=0.000e+00 (<= 1.002e-02) rd=2.328e-11 (<= 1.000e-02) Rho0 1.000e-01
SQP Iteration 0 Feas 101.69640350341797 (<= 0.009999999776482582) Step 101.69640350341797 (<= 9.999999747378752e-05)
Time taken for MPC:  0.01609975378960371
ADMM done: Total Iterations=1 converged=True rho=1.000e-01 rp=0.000e+00 (<= 1.002e-02) rd=1.808e-04 (<= 1.000e-02) Rho0 1.000e-01
ADMM done: Total Iterations=1 converged=True rho=1.000e-01 rp=0.000e+00 (<= 1.002e-02) rd=2.910e-12 (<= 1.000e-02) Rho0 1.000e-01
SQP Iteration 0 Feas 89.93025207519531 (<= 0.009999999776482582) Step 89.93025207519531 (<= 9.999999747378752e-05)
Time taken for MPC:  0.016160198021680117
ADMM done: Total Iterations=1 converged=True rho=1.000e-01 rp=0.000e+00 (<= 1.002e-02) rd=2.094e-04 (<= 1.000e-02) Rho0 1.000e-01
ADMM done: Total Iterations=1 converged=True rho=1.000e-01 rp=0.000e+00 (<= 1.002e-02) rd=8.731e-12 (<= 1.000e-02) Rho0 1.000e-01
SQP Iteration 0 Feas 78.78619384765625 (<= 0.009999999776482582) Step 78.78619384765625 (<= 9.999999747378752e-05)
Time taken for MPC:  0.015421226155012846
ADMM done: Total Iterations=1 converged=True rho=1.000e-01 rp=0.000e+00 (<= 1.002e-02) rd=1.931e-04 (<= 1.000e-02) Rho0 1.000e-01
ADMM done: Total Iterations=1 converged=True rho=1.000e-01 rp=0.000e+00 (<= 1.002e-02) rd=2.328e-11 (<= 1.000e-02) Rho0 1.000e-01
SQP Iteration 0 Feas 74.4781494140625 (<= 0.009999999776482582) Step 74.4781494140625 (<= 9.999999747378752e-05)
Time taken for MPC:  0.01541802380234003
ADMM done: Total Iterations=1 converged=True rho=1.000e-01 rp=0.000e+00 (<= 1.002e-02) rd=2.078e-04 (<= 1.000e-02) Rho0 1.000e-01
ADMM done: Total Iterations=1 converged=True rho=1.000e-01 rp=0.000e+00 (<= 1.002e-02) rd=2.328e-11 (<= 1.000e-02) Rho0 1.000e-01
SQP Iteration 0 Feas 68.23887634277344 (<= 0.009999999776482582) Step 68.23887634277344 (<= 9.999999747378752e-05)
Time taken for MPC:  0.015919866040349007
ADMM done: Total Iterations=1 converged=True rho=1.000e-01 rp=0.000e+00 (<= 1.002e-02) rd=2.009e-04 (<= 1.000e-02) Rho0 1.000e-01
ADMM done: Total Iterations=1 converged=True rho=1.000e-01 rp=0.000e+00 (<= 1.002e-02) rd=5.821e-12 (<= 1.000e-02) Rho0 1.000e-01
SQP Iteration 0 Feas 68.3199234008789 (<= 0.009999999776482582) Step 68.3199234008789 (<= 9.999999747378752e-05)
Time taken for MPC:  0.015459148678928614
ADMM done: Total Iterations=1 converged=True rho=1.000e-01 rp=0.000e+00 (<= 1.002e-02) rd=2.118e-04 (<= 1.000e-02) Rho0 1.000e-01
ADMM done: Total Iterations=1 converged=True rho=1.000e-01 rp=0.000e+00 (<= 1.002e-02) rd=8.731e-12 (<= 1.000e-02) Rho0 1.000e-01
SQP Iteration 0 Feas 64.63214111328125 (<= 0.009999999776482582) Step 64.63214111328125 (<= 9.999999747378752e-05)
Time taken for MPC:  0.01780680939555168
ADMM done: Total Iterations=1 converged=True rho=1.000e-01 rp=0.000e+00 (<= 1.002e-02) rd=2.098e-04 (<= 1.000e-02) Rho0 1.000e-01
ADMM done: Total Iterations=1 converged=True rho=1.000e-01 rp=0.000e+00 (<= 1.002e-02) rd=8.731e-12 (<= 1.000e-02) Rho0 1.000e-01
SQP Iteration 0 Feas 66.66053009033203 (<= 0.009999999776482582) Step 66.66053009033203 (<= 9.999999747378752e-05)
Time taken for MPC:  0.018684655893594027
ADMM done: Total Iterations=1 converged=True rho=1.000e-01 rp=0.000e+00 (<= 1.002e-02) rd=2.181e-04 (<= 1.000e-02) Rho0 1.000e-01
ADMM done: Total Iterations=1 converged=True rho=1.000e-01 rp=0.000e+00 (<= 1.002e-02) rd=1.164e-11 (<= 1.000e-02) Rho0 1.000e-01
SQP Iteration 0 Feas 65.38091278076172 (<= 0.009999999776482582) Step 65.38091278076172 (<= 9.999999747378752e-05)
Time taken for MPC:  0.018517442978918552
ADMM done: Total Iterations=1 converged=True rho=1.000e-01 rp=0.000e+00 (<= 1.002e-02) rd=2.200e-04 (<= 1.000e-02) Rho0 1.000e-01
ADMM done: Total Iterations=1 converged=True rho=1.000e-01 rp=0.000e+00 (<= 1.002e-02) rd=8.731e-12 (<= 1.000e-02) Rho0 1.000e-01
SQP Iteration 0 Feas 68.75265502929688 (<= 0.009999999776482582) Step 68.75265502929688 (<= 9.999999747378752e-05)
Time taken for MPC:  0.017666239757090807
ADMM done: Total Iterations=1 converged=True rho=1.000e-01 rp=0.000e+00 (<= 1.003e-02) rd=2.255e-04 (<= 1.000e-02) Rho0 1.000e-01
ADMM done: Total Iterations=1 converged=True rho=1.000e-01 rp=0.000e+00 (<= 1.003e-02) rd=2.328e-11 (<= 1.000e-02) Rho0 1.000e-01
SQP Iteration 0 Feas 67.78279113769531 (<= 0.009999999776482582) Step 67.78279113769531 (<= 9.999999747378752e-05)
Time taken for MPC:  0.017737888731062412
ADMM done: Total Iterations=1 converged=True rho=1.000e-01 rp=0.000e+00 (<= 1.003e-02) rd=2.298e-04 (<= 1.000e-02) Rho0 1.000e-01
ADMM done: Total Iterations=1 converged=True rho=1.000e-01 rp=0.000e+00 (<= 1.003e-02) rd=2.910e-12 (<= 1.000e-02) Rho0 1.000e-01
SQP Iteration 0 Feas 70.69747924804688 (<= 0.009999999776482582) Step 70.69747924804688 (<= 9.999999747378752e-05)
Time taken for MPC:  0.017522801645100117
ADMM done: Total Iterations=1 converged=True rho=1.000e-01 rp=0.000e+00 (<= 1.003e-02) rd=2.363e-04 (<= 1.000e-02) Rho0 1.000e-01
ADMM done: Total Iterations=1 converged=True rho=1.000e-01 rp=0.000e+00 (<= 1.003e-02) rd=2.328e-11 (<= 1.000e-02) Rho0 1.000e-01
SQP Iteration 0 Feas 69.97135925292969 (<= 0.009999999776482582) Step 69.97135925292969 (<= 9.999999747378752e-05)
Time taken for MPC:  0.017769327852874994
ADMM done: Total Iterations=1 converged=True rho=1.000e-01 rp=0.000e+00 (<= 1.003e-02) rd=2.394e-04 (<= 1.000e-02) Rho0 1.000e-01
ADMM done: Total Iterations=1 converged=True rho=1.000e-01 rp=0.000e+00 (<= 1.003e-02) rd=2.328e-11 (<= 1.000e-02) Rho0 1.000e-01
SQP Iteration 0 Feas 72.72977447509766 (<= 0.009999999776482582) Step 72.72977447509766 (<= 9.999999747378752e-05)
Time taken for MPC:  0.017501067370176315
ADMM done: Total Iterations=1 converged=True rho=1.000e-01 rp=0.000e+00 (<= 1.003e-02) rd=2.474e-04 (<= 1.000e-02) Rho0 1.000e-01
ADMM done: Total Iterations=1 converged=True rho=1.000e-01 rp=0.000e+00 (<= 1.003e-02) rd=5.821e-12 (<= 1.000e-02) Rho0 1.000e-01
SQP Iteration 0 Feas 72.20890808105469 (<= 0.009999999776482582) Step 72.20890808105469 (<= 9.999999747378752e-05)
Time taken for MPC:  0.018232827074825764
ADMM done: Total Iterations=1 converged=True rho=1.000e-01 rp=0.000e+00 (<= 1.003e-02) rd=2.462e-04 (<= 1.000e-02) Rho0 1.000e-01
ADMM done: Total Iterations=1 converged=True rho=1.000e-01 rp=0.000e+00 (<= 1.003e-02) rd=1.164e-11 (<= 1.000e-02) Rho0 1.000e-01
SQP Iteration 0 Feas 75.02360534667969 (<= 0.009999999776482582) Step 75.02360534667969 (<= 9.999999747378752e-05)
Time taken for MPC:  0.019187041092664003
ADMM done: Total Iterations=1 converged=True rho=1.000e-01 rp=0.000e+00 (<= 1.003e-02) rd=2.902e-04 (<= 1.000e-02) Rho0 1.000e-01
ADMM done: Total Iterations=1 converged=True rho=1.000e-01 rp=0.000e+00 (<= 1.003e-02) rd=2.328e-11 (<= 1.000e-02) Rho0 1.000e-01
SQP Iteration 0 Feas 75.30429077148438 (<= 0.009999999776482582) Step 75.30429077148438 (<= 9.999999747378752e-05)
Time taken for MPC:  0.019025822170078754
ADMM done: Total Iterations=1 converged=True rho=1.000e-01 rp=0.000e+00 (<= 1.003e-02) rd=2.349e-04 (<= 1.000e-02) Rho0 1.000e-01
ADMM done: Total Iterations=1 converged=True rho=1.000e-01 rp=0.000e+00 (<= 1.003e-02) rd=1.164e-11 (<= 1.000e-02) Rho0 1.000e-01
SQP Iteration 0 Feas 77.61288452148438 (<= 0.009999999776482582) Step 77.61288452148438 (<= 9.999999747378752e-05)
Time taken for MPC:  0.019566163886338472
ADMM done: Total Iterations=1 converged=True rho=1.000e-01 rp=0.000e+00 (<= 1.002e-02) rd=2.342e-04 (<= 1.000e-02) Rho0 1.000e-01
ADMM done: Total Iterations=1 converged=True rho=1.000e-01 rp=0.000e+00 (<= 1.002e-02) rd=8.731e-12 (<= 1.000e-02) Rho0 1.000e-01
SQP Iteration 0 Feas 77.80317687988281 (<= 0.009999999776482582) Step 77.80317687988281 (<= 9.999999747378752e-05)
Time taken for MPC:  0.017827712930738926
ADMM done: Total Iterations=1 converged=True rho=1.000e-01 rp=0.000e+00 (<= 1.002e-02) rd=2.185e-04 (<= 1.000e-02) Rho0 1.000e-01
ADMM done: Total Iterations=1 converged=True rho=1.000e-01 rp=0.000e+00 (<= 1.002e-02) rd=1.164e-11 (<= 1.000e-02) Rho0 1.000e-01
SQP Iteration 0 Feas 79.7945327758789 (<= 0.009999999776482582) Step 79.7945327758789 (<= 9.999999747378752e-05)
Time taken for MPC:  0.01756454911082983
ADMM done: Total Iterations=1 converged=True rho=1.000e-01 rp=0.000e+00 (<= 1.002e-02) rd=2.100e-04 (<= 1.000e-02) Rho0 1.000e-01
ADMM done: Total Iterations=1 converged=True rho=1.000e-01 rp=0.000e+00 (<= 1.002e-02) rd=7.276e-12 (<= 1.000e-02) Rho0 1.000e-01
SQP Iteration 0 Feas 79.1280288696289 (<= 0.009999999776482582) Step 79.1280288696289 (<= 9.999999747378752e-05)
Time taken for MPC:  0.016974210739135742
ADMM done: Total Iterations=1 converged=True rho=1.000e-01 rp=0.000e+00 (<= 1.002e-02) rd=1.745e-04 (<= 1.000e-02) Rho0 1.000e-01
ADMM done: Total Iterations=1 converged=True rho=1.000e-01 rp=0.000e+00 (<= 1.002e-02) rd=1.455e-11 (<= 1.000e-02) Rho0 1.000e-01
SQP Iteration 0 Feas 79.70767211914062 (<= 0.009999999776482582) Step 79.70767211914062 (<= 9.999999747378752e-05)
Time taken for MPC:  0.017609803937375546
ADMM done: Total Iterations=1 converged=True rho=1.000e-01 rp=0.000e+00 (<= 1.002e-02) rd=2.412e-04 (<= 1.000e-02) Rho0 1.000e-01
ADMM done: Total Iterations=1 converged=True rho=1.000e-01 rp=0.000e+00 (<= 1.002e-02) rd=2.328e-11 (<= 1.000e-02) Rho0 1.000e-01
SQP Iteration 0 Feas 89.44200134277344 (<= 0.009999999776482582) Step 89.44200134277344 (<= 9.999999747378752e-05)
Time taken for MPC:  0.0173851209692657
ADMM done: Total Iterations=1 converged=True rho=1.000e-01 rp=0.000e+00 (<= 1.002e-02) rd=1.969e-04 (<= 1.000e-02) Rho0 1.000e-01
ADMM done: Total Iterations=1 converged=True rho=1.000e-01 rp=0.000e+00 (<= 1.002e-02) rd=7.276e-12 (<= 1.000e-02) Rho0 1.000e-01
SQP Iteration 0 Feas 87.74790954589844 (<= 0.009999999776482582) Step 87.74790954589844 (<= 9.999999747378752e-05)
Time taken for MPC:  0.016310839913785458
ADMM done: Total Iterations=1 converged=True rho=1.000e-01 rp=0.000e+00 (<= 1.002e-02) rd=2.290e-04 (<= 1.000e-02) Rho0 1.000e-01
ADMM done: Total Iterations=1 converged=True rho=1.000e-01 rp=0.000e+00 (<= 1.002e-02) rd=2.037e-11 (<= 1.000e-02) Rho0 1.000e-01
SQP Iteration 0 Feas 41.38279724121094 (<= 0.009999999776482582) Step 41.38279724121094 (<= 9.999999747378752e-05)
Time taken for MPC:  0.016584410797804594
ADMM done: Total Iterations=1 converged=True rho=1.000e-01 rp=0.000e+00 (<= 1.003e-02) rd=1.180e-04 (<= 1.000e-02) Rho0 1.000e-01
ADMM done: Total Iterations=1 converged=True rho=1.000e-01 rp=0.000e+00 (<= 1.003e-02) rd=1.746e-11 (<= 1.000e-02) Rho0 1.000e-01
SQP Iteration 0 Feas 124.47406768798828 (<= 0.009999999776482582) Step 124.47406768798828 (<= 9.999999747378752e-05)
Time taken for MPC:  0.015994641929864883
ADMM done: Total Iterations=1 converged=True rho=1.000e-01 rp=0.000e+00 (<= 1.003e-02) rd=1.787e-04 (<= 1.000e-02) Rho0 1.000e-01
ADMM done: Total Iterations=1 converged=True rho=1.000e-01 rp=0.000e+00 (<= 1.003e-02) rd=2.328e-11 (<= 1.000e-02) Rho0 1.000e-01
SQP Iteration 0 Feas 132.0540771484375 (<= 0.009999999776482582) Step 132.0540771484375 (<= 9.999999747378752e-05)
Time taken for MPC:  0.016348260920494795
ADMM done: Total Iterations=1 converged=True rho=1.000e-01 rp=0.000e+00 (<= 1.002e-02) rd=3.180e-04 (<= 1.000e-02) Rho0 1.000e-01
ADMM done: Total Iterations=1 converged=True rho=1.000e-01 rp=0.000e+00 (<= 1.002e-02) rd=2.910e-11 (<= 1.000e-02) Rho0 1.000e-01
SQP Iteration 0 Feas 120.30412292480469 (<= 0.009999999776482582) Step 120.30412292480469 (<= 9.999999747378752e-05)
Time taken for MPC:  0.01645629806444049
ADMM done: Total Iterations=1 converged=True rho=1.000e-01 rp=0.000e+00 (<= 1.002e-02) rd=2.031e-04 (<= 1.000e-02) Rho0 1.000e-01
ADMM done: Total Iterations=1 converged=True rho=1.000e-01 rp=0.000e+00 (<= 1.002e-02) rd=2.328e-11 (<= 1.000e-02) Rho0 1.000e-01
SQP Iteration 0 Feas 77.58805847167969 (<= 0.009999999776482582) Step 77.58805847167969 (<= 9.999999747378752e-05)
Time taken for MPC:  0.015914293006062508
ADMM done: Total Iterations=1 converged=True rho=1.000e-01 rp=0.000e+00 (<= 1.002e-02) rd=1.929e-04 (<= 1.000e-02) Rho0 1.000e-01
ADMM done: Total Iterations=1 converged=True rho=1.000e-01 rp=0.000e+00 (<= 1.002e-02) rd=5.821e-12 (<= 1.000e-02) Rho0 1.000e-01
SQP Iteration 0 Feas 52.81553649902344 (<= 0.009999999776482582) Step 52.81553649902344 (<= 9.999999747378752e-05)
Time taken for MPC:  0.015763779170811176
ADMM done: Total Iterations=1 converged=True rho=1.000e-01 rp=0.000e+00 (<= 1.002e-02) rd=1.895e-04 (<= 1.000e-02) Rho0 1.000e-01
ADMM done: Total Iterations=1 converged=True rho=1.000e-01 rp=0.000e+00 (<= 1.002e-02) rd=1.455e-11 (<= 1.000e-02) Rho0 1.000e-01
SQP Iteration 0 Feas 42.93209457397461 (<= 0.009999999776482582) Step 42.93209457397461 (<= 9.999999747378752e-05)
Time taken for MPC:  0.0163019853644073
ADMM done: Total Iterations=1 converged=True rho=1.000e-01 rp=0.000e+00 (<= 1.002e-02) rd=1.916e-04 (<= 1.000e-02) Rho0 1.000e-01
ADMM done: Total Iterations=1 converged=True rho=1.000e-01 rp=0.000e+00 (<= 1.002e-02) rd=2.328e-11 (<= 1.000e-02) Rho0 1.000e-01
SQP Iteration 0 Feas 40.37732696533203 (<= 0.009999999776482582) Step 40.37732696533203 (<= 9.999999747378752e-05)
Time taken for MPC:  0.01582390209659934
ADMM done: Total Iterations=1 converged=True rho=1.000e-01 rp=0.000e+00 (<= 1.002e-02) rd=1.938e-04 (<= 1.000e-02) Rho0 1.000e-01
ADMM done: Total Iterations=1 converged=True rho=1.000e-01 rp=0.000e+00 (<= 1.002e-02) rd=1.164e-11 (<= 1.000e-02) Rho0 1.000e-01
SQP Iteration 0 Feas 46.00944519042969 (<= 0.009999999776482582) Step 46.00944519042969 (<= 9.999999747378752e-05)
Time taken for MPC:  0.01650052797049284
ADMM done: Total Iterations=1 converged=True rho=1.000e-01 rp=0.000e+00 (<= 1.002e-02) rd=1.922e-04 (<= 1.000e-02) Rho0 1.000e-01
ADMM done: Total Iterations=1 converged=True rho=1.000e-01 rp=0.000e+00 (<= 1.002e-02) rd=5.821e-12 (<= 1.000e-02) Rho0 1.000e-01
SQP Iteration 0 Feas 53.009830474853516 (<= 0.009999999776482582) Step 53.009830474853516 (<= 9.999999747378752e-05)
Time taken for MPC:  0.016472802963107824
ADMM done: Total Iterations=1 converged=True rho=1.000e-01 rp=0.000e+00 (<= 1.002e-02) rd=1.919e-04 (<= 1.000e-02) Rho0 1.000e-01
ADMM done: Total Iterations=1 converged=True rho=1.000e-01 rp=0.000e+00 (<= 1.002e-02) rd=8.731e-12 (<= 1.000e-02) Rho0 1.000e-01
SQP Iteration 0 Feas 60.702484130859375 (<= 0.009999999776482582) Step 60.702484130859375 (<= 9.999999747378752e-05)
Time taken for MPC:  0.01846382301300764
ADMM done: Total Iterations=1 converged=True rho=1.000e-01 rp=0.000e+00 (<= 1.002e-02) rd=1.695e-04 (<= 1.000e-02) Rho0 1.000e-01
ADMM done: Total Iterations=1 converged=True rho=1.000e-01 rp=0.000e+00 (<= 1.002e-02) rd=5.821e-12 (<= 1.000e-02) Rho0 1.000e-01
SQP Iteration 0 Feas 102.32732391357422 (<= 0.009999999776482582) Step 102.32732391357422 (<= 9.999999747378752e-05)
Time taken for MPC:  0.01745728962123394
ADMM done: Total Iterations=1 converged=True rho=1.000e-01 rp=0.000e+00 (<= 1.002e-02) rd=1.977e-04 (<= 1.000e-02) Rho0 1.000e-01
ADMM done: Total Iterations=1 converged=True rho=1.000e-01 rp=0.000e+00 (<= 1.002e-02) rd=2.328e-11 (<= 1.000e-02) Rho0 1.000e-01
SQP Iteration 0 Feas 140.5357208251953 (<= 0.009999999776482582) Step 140.5357208251953 (<= 9.999999747378752e-05)
Time taken for MPC:  0.017450944054871798
ADMM done: Total Iterations=1 converged=True rho=1.000e-01 rp=0.000e+00 (<= 1.002e-02) rd=2.071e-04 (<= 1.000e-02) Rho0 1.000e-01
ADMM done: Total Iterations=1 converged=True rho=1.000e-01 rp=0.000e+00 (<= 1.002e-02) rd=5.821e-12 (<= 1.000e-02) Rho0 1.000e-01
SQP Iteration 0 Feas 120.05171966552734 (<= 0.009999999776482582) Step 120.05171966552734 (<= 9.999999747378752e-05)
Time taken for MPC:  0.01688780076801777
ADMM done: Total Iterations=1 converged=True rho=1.000e-01 rp=0.000e+00 (<= 1.002e-02) rd=1.889e-04 (<= 1.000e-02) Rho0 1.000e-01
ADMM done: Total Iterations=1 converged=True rho=1.000e-01 rp=0.000e+00 (<= 1.002e-02) rd=2.328e-11 (<= 1.000e-02) Rho0 1.000e-01
SQP Iteration 0 Feas 96.12584686279297 (<= 0.009999999776482582) Step 96.12584686279297 (<= 9.999999747378752e-05)
Time taken for MPC:  0.016527189407497644
ADMM done: Total Iterations=1 converged=True rho=1.000e-01 rp=0.000e+00 (<= 1.002e-02) rd=2.056e-04 (<= 1.000e-02) Rho0 1.000e-01
ADMM done: Total Iterations=1 converged=True rho=1.000e-01 rp=0.000e+00 (<= 1.002e-02) rd=1.019e-11 (<= 1.000e-02) Rho0 1.000e-01
SQP Iteration 0 Feas 78.06007385253906 (<= 0.009999999776482582) Step 78.06007385253906 (<= 9.999999747378752e-05)
Time taken for MPC:  0.015950672794133425
ADMM done: Total Iterations=1 converged=True rho=1.000e-01 rp=0.000e+00 (<= 1.002e-02) rd=2.017e-04 (<= 1.000e-02) Rho0 1.000e-01
ADMM done: Total Iterations=1 converged=True rho=1.000e-01 rp=0.000e+00 (<= 1.002e-02) rd=6.003e-12 (<= 1.000e-02) Rho0 1.000e-01
SQP Iteration 0 Feas 71.55880737304688 (<= 0.009999999776482582) Step 71.55880737304688 (<= 9.999999747378752e-05)
Time taken for MPC:  0.015074277762323618
ADMM done: Total Iterations=1 converged=True rho=1.000e-01 rp=0.000e+00 (<= 1.002e-02) rd=2.024e-04 (<= 1.000e-02) Rho0 1.000e-01
ADMM done: Total Iterations=1 converged=True rho=1.000e-01 rp=0.000e+00 (<= 1.002e-02) rd=4.366e-12 (<= 1.000e-02) Rho0 1.000e-01
SQP Iteration 0 Feas 64.5375747680664 (<= 0.009999999776482582) Step 64.5375747680664 (<= 9.999999747378752e-05)
Time taken for MPC:  0.01566150365397334
ADMM done: Total Iterations=1 converged=True rho=1.000e-01 rp=0.000e+00 (<= 1.002e-02) rd=2.036e-04 (<= 1.000e-02) Rho0 1.000e-01
ADMM done: Total Iterations=1 converged=True rho=1.000e-01 rp=0.000e+00 (<= 1.002e-02) rd=8.731e-12 (<= 1.000e-02) Rho0 1.000e-01
SQP Iteration 0 Feas 63.38874816894531 (<= 0.009999999776482582) Step 63.38874816894531 (<= 9.999999747378752e-05)
Time taken for MPC:  0.016639471985399723
ADMM done: Total Iterations=1 converged=True rho=1.000e-01 rp=0.000e+00 (<= 1.002e-02) rd=2.066e-04 (<= 1.000e-02) Rho0 1.000e-01
ADMM done: Total Iterations=1 converged=True rho=1.000e-01 rp=0.000e+00 (<= 1.002e-02) rd=8.731e-12 (<= 1.000e-02) Rho0 1.000e-01
SQP Iteration 0 Feas 63.59135818481445 (<= 0.009999999776482582) Step 63.59135818481445 (<= 9.999999747378752e-05)
Time taken for MPC:  0.015492576174438
ADMM done: Total Iterations=1 converged=True rho=1.000e-01 rp=0.000e+00 (<= 1.002e-02) rd=2.121e-04 (<= 1.000e-02) Rho0 1.000e-01
ADMM done: Total Iterations=1 converged=True rho=1.000e-01 rp=0.000e+00 (<= 1.002e-02) rd=2.328e-11 (<= 1.000e-02) Rho0 1.000e-01
SQP Iteration 0 Feas 66.39834594726562 (<= 0.009999999776482582) Step 66.39834594726562 (<= 9.999999747378752e-05)
Time taken for MPC:  0.015278475359082222
ADMM done: Total Iterations=1 converged=True rho=1.000e-01 rp=0.000e+00 (<= 1.002e-02) rd=2.123e-04 (<= 1.000e-02) Rho0 1.000e-01
ADMM done: Total Iterations=1 converged=True rho=1.000e-01 rp=0.000e+00 (<= 1.002e-02) rd=8.731e-12 (<= 1.000e-02) Rho0 1.000e-01
SQP Iteration 0 Feas 66.91204833984375 (<= 0.009999999776482582) Step 66.91204833984375 (<= 9.999999747378752e-05)
Time taken for MPC:  0.015188087243586779
ADMM done: Total Iterations=1 converged=True rho=1.000e-01 rp=0.000e+00 (<= 1.002e-02) rd=2.185e-04 (<= 1.000e-02) Rho0 1.000e-01
ADMM done: Total Iterations=1 converged=True rho=1.000e-01 rp=0.000e+00 (<= 1.002e-02) rd=5.821e-12 (<= 1.000e-02) Rho0 1.000e-01
SQP Iteration 0 Feas 69.04996490478516 (<= 0.009999999776482582) Step 69.04996490478516 (<= 9.999999747378752e-05)
Time taken for MPC:  0.015366756822913885
ADMM done: Total Iterations=1 converged=True rho=1.000e-01 rp=0.000e+00 (<= 1.003e-02) rd=2.212e-04 (<= 1.000e-02) Rho0 1.000e-01
ADMM done: Total Iterations=1 converged=True rho=1.000e-01 rp=0.000e+00 (<= 1.003e-02) rd=4.366e-12 (<= 1.000e-02) Rho0 1.000e-01
SQP Iteration 0 Feas 69.15861511230469 (<= 0.009999999776482582) Step 69.15861511230469 (<= 9.999999747378752e-05)
Time taken for MPC:  0.014747829176485538
ADMM done: Total Iterations=1 converged=True rho=1.000e-01 rp=0.000e+00 (<= 1.003e-02) rd=2.244e-04 (<= 1.000e-02) Rho0 1.000e-01
ADMM done: Total Iterations=1 converged=True rho=1.000e-01 rp=0.000e+00 (<= 1.003e-02) rd=8.731e-12 (<= 1.000e-02) Rho0 1.000e-01
SQP Iteration 0 Feas 70.76530456542969 (<= 0.009999999776482582) Step 70.76530456542969 (<= 9.999999747378752e-05)
Time taken for MPC:  0.014650829136371613
ADMM done: Total Iterations=1 converged=True rho=1.000e-01 rp=0.000e+00 (<= 1.003e-02) rd=2.314e-04 (<= 1.000e-02) Rho0 1.000e-01
ADMM done: Total Iterations=1 converged=True rho=1.000e-01 rp=0.000e+00 (<= 1.003e-02) rd=8.731e-12 (<= 1.000e-02) Rho0 1.000e-01
SQP Iteration 0 Feas 70.57727813720703 (<= 0.009999999776482582) Step 70.57727813720703 (<= 9.999999747378752e-05)
Time taken for MPC:  0.014997253194451332
ADMM done: Total Iterations=1 converged=True rho=1.000e-01 rp=0.000e+00 (<= 1.003e-02) rd=2.328e-04 (<= 1.000e-02) Rho0 1.000e-01
ADMM done: Total Iterations=1 converged=True rho=1.000e-01 rp=0.000e+00 (<= 1.003e-02) rd=2.328e-11 (<= 1.000e-02) Rho0 1.000e-01
SQP Iteration 0 Feas 72.45829772949219 (<= 0.009999999776482582) Step 72.45829772949219 (<= 9.999999747378752e-05)
Time taken for MPC:  0.015145848970860243
ADMM done: Total Iterations=1 converged=True rho=1.000e-01 rp=0.000e+00 (<= 1.003e-02) rd=2.383e-04 (<= 1.000e-02) Rho0 1.000e-01
ADMM done: Total Iterations=1 converged=True rho=1.000e-01 rp=0.000e+00 (<= 1.003e-02) rd=5.821e-12 (<= 1.000e-02) Rho0 1.000e-01
SQP Iteration 0 Feas 72.6387710571289 (<= 0.009999999776482582) Step 72.6387710571289 (<= 9.999999747378752e-05)
Time taken for MPC:  0.015488089062273502
ADMM done: Total Iterations=1 converged=True rho=1.000e-01 rp=0.000e+00 (<= 1.003e-02) rd=2.402e-04 (<= 1.000e-02) Rho0 1.000e-01
ADMM done: Total Iterations=1 converged=True rho=1.000e-01 rp=0.000e+00 (<= 1.003e-02) rd=1.164e-11 (<= 1.000e-02) Rho0 1.000e-01
SQP Iteration 0 Feas 74.65410614013672 (<= 0.009999999776482582) Step 74.65410614013672 (<= 9.999999747378752e-05)
Time taken for MPC:  0.015895743388682604
ADMM done: Total Iterations=1 converged=True rho=1.000e-01 rp=0.000e+00 (<= 1.003e-02) rd=2.791e-04 (<= 1.000e-02) Rho0 1.000e-01
ADMM done: Total Iterations=1 converged=True rho=1.000e-01 rp=0.000e+00 (<= 1.003e-02) rd=4.657e-11 (<= 1.000e-02) Rho0 1.000e-01
SQP Iteration 0 Feas 75.79161071777344 (<= 0.009999999776482582) Step 75.79161071777344 (<= 9.999999747378752e-05)
Time taken for MPC:  0.01645113294944167
ADMM done: Total Iterations=1 converged=True rho=1.000e-01 rp=0.000e+00 (<= 1.003e-02) rd=2.305e-04 (<= 1.000e-02) Rho0 1.000e-01
ADMM done: Total Iterations=1 converged=True rho=1.000e-01 rp=0.000e+00 (<= 1.003e-02) rd=4.657e-11 (<= 1.000e-02) Rho0 1.000e-01
SQP Iteration 0 Feas 77.50437927246094 (<= 0.009999999776482582) Step 77.50437927246094 (<= 9.999999747378752e-05)
Time taken for MPC:  0.018298516049981117
ADMM done: Total Iterations=1 converged=True rho=1.000e-01 rp=0.000e+00 (<= 1.002e-02) rd=2.284e-04 (<= 1.000e-02) Rho0 1.000e-01
ADMM done: Total Iterations=1 converged=True rho=1.000e-01 rp=0.000e+00 (<= 1.002e-02) rd=2.328e-11 (<= 1.000e-02) Rho0 1.000e-01
SQP Iteration 0 Feas 78.37043762207031 (<= 0.009999999776482582) Step 78.37043762207031 (<= 9.999999747378752e-05)
Time taken for MPC:  0.01770099624991417
ADMM done: Total Iterations=1 converged=True rho=1.000e-01 rp=0.000e+00 (<= 1.002e-02) rd=2.119e-04 (<= 1.000e-02) Rho0 1.000e-01
ADMM done: Total Iterations=1 converged=True rho=1.000e-01 rp=0.000e+00 (<= 1.002e-02) rd=2.328e-11 (<= 1.000e-02) Rho0 1.000e-01
SQP Iteration 0 Feas 79.83827209472656 (<= 0.009999999776482582) Step 79.83827209472656 (<= 9.999999747378752e-05)
Time taken for MPC:  0.016803476959466934
ADMM done: Total Iterations=1 converged=True rho=1.000e-01 rp=0.000e+00 (<= 1.003e-02) rd=1.555e-04 (<= 1.000e-02) Rho0 1.000e-01
ADMM done: Total Iterations=1 converged=True rho=1.000e-01 rp=0.000e+00 (<= 1.003e-02) rd=1.164e-11 (<= 1.000e-02) Rho0 1.000e-01
SQP Iteration 0 Feas 79.51246643066406 (<= 0.009999999776482582) Step 79.51246643066406 (<= 9.999999747378752e-05)
Time taken for MPC:  0.016902366187423468
ADMM done: Total Iterations=1 converged=True rho=1.000e-01 rp=0.000e+00 (<= 1.002e-02) rd=2.680e-04 (<= 1.000e-02) Rho0 1.000e-01
ADMM done: Total Iterations=1 converged=True rho=1.000e-01 rp=0.000e+00 (<= 1.002e-02) rd=1.746e-11 (<= 1.000e-02) Rho0 1.000e-01
SQP Iteration 0 Feas 83.59857940673828 (<= 0.009999999776482582) Step 83.59857940673828 (<= 9.999999747378752e-05)
Time taken for MPC:  0.016288284212350845
ADMM done: Total Iterations=1 converged=True rho=1.000e-01 rp=0.000e+00 (<= 1.002e-02) rd=2.341e-04 (<= 1.000e-02) Rho0 1.000e-01
ADMM done: Total Iterations=1 converged=True rho=1.000e-01 rp=0.000e+00 (<= 1.002e-02) rd=2.328e-11 (<= 1.000e-02) Rho0 1.000e-01
SQP Iteration 0 Feas 93.01351165771484 (<= 0.009999999776482582) Step 93.01351165771484 (<= 9.999999747378752e-05)
Time taken for MPC:  0.0163061348721385
ADMM done: Total Iterations=1 converged=True rho=1.000e-01 rp=0.000e+00 (<= 1.002e-02) rd=2.119e-04 (<= 1.000e-02) Rho0 1.000e-01
ADMM done: Total Iterations=1 converged=True rho=1.000e-01 rp=0.000e+00 (<= 1.002e-02) rd=1.164e-11 (<= 1.000e-02) Rho0 1.000e-01
SQP Iteration 0 Feas 90.12146759033203 (<= 0.009999999776482582) Step 90.12146759033203 (<= 9.999999747378752e-05)
Time taken for MPC:  0.01523073622956872
ADMM done: Total Iterations=1 converged=True rho=1.000e-01 rp=0.000e+00 (<= 1.002e-02) rd=1.868e-04 (<= 1.000e-02) Rho0 1.000e-01
ADMM done: Total Iterations=1 converged=True rho=1.000e-01 rp=0.000e+00 (<= 1.002e-02) rd=1.164e-11 (<= 1.000e-02) Rho0 1.000e-01
SQP Iteration 0 Feas 43.00562286376953 (<= 0.009999999776482582) Step 43.00562286376953 (<= 9.999999747378752e-05)
Time taken for MPC:  0.01532628433778882
ADMM done: Total Iterations=1 converged=True rho=1.000e-01 rp=0.000e+00 (<= 1.003e-02) rd=1.183e-04 (<= 1.000e-02) Rho0 1.000e-01
ADMM done: Total Iterations=1 converged=True rho=1.000e-01 rp=0.000e+00 (<= 1.003e-02) rd=2.328e-11 (<= 1.000e-02) Rho0 1.000e-01
SQP Iteration 0 Feas 122.67118835449219 (<= 0.009999999776482582) Step 122.67118835449219 (<= 9.999999747378752e-05)
Time taken for MPC:  0.01601368375122547
ADMM done: Total Iterations=1 converged=True rho=1.000e-01 rp=0.000e+00 (<= 1.002e-02) rd=2.633e-04 (<= 1.000e-02) Rho0 1.000e-01
ADMM done: Total Iterations=1 converged=True rho=1.000e-01 rp=0.000e+00 (<= 1.002e-02) rd=2.328e-11 (<= 1.000e-02) Rho0 1.000e-01
SQP Iteration 0 Feas 129.06529235839844 (<= 0.009999999776482582) Step 129.06529235839844 (<= 9.999999747378752e-05)
Time taken for MPC:  0.015175167936831713
ADMM done: Total Iterations=1 converged=True rho=1.000e-01 rp=0.000e+00 (<= 1.002e-02) rd=2.585e-04 (<= 1.000e-02) Rho0 1.000e-01
ADMM done: Total Iterations=1 converged=True rho=1.000e-01 rp=0.000e+00 (<= 1.002e-02) rd=2.328e-11 (<= 1.000e-02) Rho0 1.000e-01
SQP Iteration 0 Feas 117.35115051269531 (<= 0.009999999776482582) Step 117.35115051269531 (<= 9.999999747378752e-05)
Time taken for MPC:  0.01578701799735427
ADMM done: Total Iterations=1 converged=True rho=1.000e-01 rp=0.000e+00 (<= 1.002e-02) rd=2.089e-04 (<= 1.000e-02) Rho0 1.000e-01
ADMM done: Total Iterations=1 converged=True rho=1.000e-01 rp=0.000e+00 (<= 1.002e-02) rd=8.731e-12 (<= 1.000e-02) Rho0 1.000e-01
SQP Iteration 0 Feas 82.35646057128906 (<= 0.009999999776482582) Step 82.35646057128906 (<= 9.999999747378752e-05)
Time taken for MPC:  0.015501546207815409
ADMM done: Total Iterations=1 converged=True rho=1.000e-01 rp=0.000e+00 (<= 1.002e-02) rd=2.048e-04 (<= 1.000e-02) Rho0 1.000e-01
ADMM done: Total Iterations=1 converged=True rho=1.000e-01 rp=0.000e+00 (<= 1.002e-02) rd=2.328e-11 (<= 1.000e-02) Rho0 1.000e-01
SQP Iteration 0 Feas 59.26512908935547 (<= 0.009999999776482582) Step 59.26512908935547 (<= 9.999999747378752e-05)
Time taken for MPC:  0.016527175903320312
ADMM done: Total Iterations=1 converged=True rho=1.000e-01 rp=0.000e+00 (<= 1.002e-02) rd=1.972e-04 (<= 1.000e-02) Rho0 1.000e-01
ADMM done: Total Iterations=1 converged=True rho=1.000e-01 rp=0.000e+00 (<= 1.002e-02) rd=2.328e-11 (<= 1.000e-02) Rho0 1.000e-01
SQP Iteration 0 Feas 48.271148681640625 (<= 0.009999999776482582) Step 48.271148681640625 (<= 9.999999747378752e-05)
Time taken for MPC:  0.01625632308423519
ADMM done: Total Iterations=1 converged=True rho=1.000e-01 rp=0.000e+00 (<= 1.002e-02) rd=1.995e-04 (<= 1.000e-02) Rho0 1.000e-01
ADMM done: Total Iterations=1 converged=True rho=1.000e-01 rp=0.000e+00 (<= 1.002e-02) rd=2.328e-11 (<= 1.000e-02) Rho0 1.000e-01
SQP Iteration 0 Feas 44.78229522705078 (<= 0.009999999776482582) Step 44.78229522705078 (<= 9.999999747378752e-05)
Time taken for MPC:  0.0163501868955791
ADMM done: Total Iterations=1 converged=True rho=1.000e-01 rp=0.000e+00 (<= 1.002e-02) rd=1.998e-04 (<= 1.000e-02) Rho0 1.000e-01
ADMM done: Total Iterations=1 converged=True rho=1.000e-01 rp=0.000e+00 (<= 1.002e-02) rd=2.328e-11 (<= 1.000e-02) Rho0 1.000e-01
SQP Iteration 0 Feas 46.899322509765625 (<= 0.009999999776482582) Step 46.899322509765625 (<= 9.999999747378752e-05)
Time taken for MPC:  0.016217388212680817
ADMM done: Total Iterations=1 converged=True rho=1.000e-01 rp=0.000e+00 (<= 1.002e-02) rd=2.025e-04 (<= 1.000e-02) Rho0 1.000e-01
ADMM done: Total Iterations=1 converged=True rho=1.000e-01 rp=0.000e+00 (<= 1.002e-02) rd=3.492e-11 (<= 1.000e-02) Rho0 1.000e-01
SQP Iteration 0 Feas 54.38359069824219 (<= 0.009999999776482582) Step 54.38359069824219 (<= 9.999999747378752e-05)
Time taken for MPC:  0.016148485708981752
ADMM done: Total Iterations=1 converged=True rho=1.000e-01 rp=0.000e+00 (<= 1.002e-02) rd=1.979e-04 (<= 1.000e-02) Rho0 1.000e-01
ADMM done: Total Iterations=1 converged=True rho=1.000e-01 rp=0.000e+00 (<= 1.002e-02) rd=1.164e-11 (<= 1.000e-02) Rho0 1.000e-01
SQP Iteration 0 Feas 63.27558898925781 (<= 0.009999999776482582) Step 63.27558898925781 (<= 9.999999747378752e-05)
Time taken for MPC:  0.016396083403378725
ADMM done: Total Iterations=1 converged=True rho=1.000e-01 rp=0.000e+00 (<= 1.002e-02) rd=1.562e-04 (<= 1.000e-02) Rho0 1.000e-01
ADMM done: Total Iterations=1 converged=True rho=1.000e-01 rp=0.000e+00 (<= 1.002e-02) rd=1.164e-11 (<= 1.000e-02) Rho0 1.000e-01
SQP Iteration 0 Feas 103.16844177246094 (<= 0.009999999776482582) Step 103.16844177246094 (<= 9.999999747378752e-05)
Time taken for MPC:  0.01638649869710207
ADMM done: Total Iterations=1 converged=True rho=1.000e-01 rp=0.000e+00 (<= 1.002e-02) rd=2.291e-04 (<= 1.000e-02) Rho0 1.000e-01
ADMM done: Total Iterations=1 converged=True rho=1.000e-01 rp=0.000e+00 (<= 1.002e-02) rd=1.164e-11 (<= 1.000e-02) Rho0 1.000e-01
SQP Iteration 0 Feas 146.38638305664062 (<= 0.009999999776482582) Step 146.38638305664062 (<= 9.999999747378752e-05)
Time taken for MPC:  0.0156664433889091
ADMM done: Total Iterations=1 converged=True rho=1.000e-01 rp=0.000e+00 (<= 1.002e-02) rd=2.085e-04 (<= 1.000e-02) Rho0 1.000e-01
ADMM done: Total Iterations=1 converged=True rho=1.000e-01 rp=0.000e+00 (<= 1.002e-02) rd=2.328e-11 (<= 1.000e-02) Rho0 1.000e-01
SQP Iteration 0 Feas 127.73577880859375 (<= 0.009999999776482582) Step 127.73577880859375 (<= 9.999999747378752e-05)
Time taken for MPC:  0.016900301910936832
ADMM done: Total Iterations=1 converged=True rho=1.000e-01 rp=0.000e+00 (<= 1.002e-02) rd=1.998e-04 (<= 1.000e-02) Rho0 1.000e-01
ADMM done: Total Iterations=1 converged=True rho=1.000e-01 rp=0.000e+00 (<= 1.002e-02) rd=4.366e-12 (<= 1.000e-02) Rho0 1.000e-01
SQP Iteration 0 Feas 98.72964477539062 (<= 0.009999999776482582) Step 98.72964477539062 (<= 9.999999747378752e-05)
Time taken for MPC:  0.016722290311008692
ADMM done: Total Iterations=1 converged=True rho=1.000e-01 rp=0.000e+00 (<= 1.002e-02) rd=2.169e-04 (<= 1.000e-02) Rho0 1.000e-01
ADMM done: Total Iterations=1 converged=True rho=1.000e-01 rp=0.000e+00 (<= 1.002e-02) rd=4.657e-11 (<= 1.000e-02) Rho0 1.000e-01
SQP Iteration 0 Feas 78.32921600341797 (<= 0.009999999776482582) Step 78.32921600341797 (<= 9.999999747378752e-05)
Time taken for MPC:  0.01586253521963954
ADMM done: Total Iterations=1 converged=True rho=1.000e-01 rp=0.000e+00 (<= 1.002e-02) rd=2.194e-04 (<= 1.000e-02) Rho0 1.000e-01
ADMM done: Total Iterations=1 converged=True rho=1.000e-01 rp=0.000e+00 (<= 1.002e-02) rd=2.328e-11 (<= 1.000e-02) Rho0 1.000e-01
SQP Iteration 0 Feas 70.76520538330078 (<= 0.009999999776482582) Step 70.76520538330078 (<= 9.999999747378752e-05)
Time taken for MPC:  0.016837831120938063
ADMM done: Total Iterations=1 converged=True rho=1.000e-01 rp=0.000e+00 (<= 1.002e-02) rd=2.210e-04 (<= 1.000e-02) Rho0 1.000e-01
ADMM done: Total Iterations=1 converged=True rho=1.000e-01 rp=0.000e+00 (<= 1.002e-02) rd=5.821e-12 (<= 1.000e-02) Rho0 1.000e-01
SQP Iteration 0 Feas 66.17904663085938 (<= 0.009999999776482582) Step 66.17904663085938 (<= 9.999999747378752e-05)
Time taken for MPC:  0.016408280935138464
ADMM done: Total Iterations=1 converged=True rho=1.000e-01 rp=0.000e+00 (<= 1.003e-02) rd=2.253e-04 (<= 1.000e-02) Rho0 1.000e-01
ADMM done: Total Iterations=1 converged=True rho=1.000e-01 rp=0.000e+00 (<= 1.003e-02) rd=2.328e-11 (<= 1.000e-02) Rho0 1.000e-01
SQP Iteration 0 Feas 68.15461730957031 (<= 0.009999999776482582) Step 68.15461730957031 (<= 9.999999747378752e-05)
Time taken for MPC:  0.01630731811746955
ADMM done: Total Iterations=1 converged=True rho=1.000e-01 rp=0.000e+00 (<= 1.003e-02) rd=2.276e-04 (<= 1.000e-02) Rho0 1.000e-01
ADMM done: Total Iterations=1 converged=True rho=1.000e-01 rp=0.000e+00 (<= 1.003e-02) rd=1.164e-11 (<= 1.000e-02) Rho0 1.000e-01
SQP Iteration 0 Feas 67.55815887451172 (<= 0.009999999776482582) Step 67.55815887451172 (<= 9.999999747378752e-05)
Time taken for MPC:  0.016078765969723463
ADMM done: Total Iterations=1 converged=True rho=1.000e-01 rp=0.000e+00 (<= 1.003e-02) rd=2.350e-04 (<= 1.000e-02) Rho0 1.000e-01
ADMM done: Total Iterations=1 converged=True rho=1.000e-01 rp=0.000e+00 (<= 1.003e-02) rd=2.328e-11 (<= 1.000e-02) Rho0 1.000e-01
SQP Iteration 0 Feas 70.41446685791016 (<= 0.009999999776482582) Step 70.41446685791016 (<= 9.999999747378752e-05)
Time taken for MPC:  0.01540470402687788
ADMM done: Total Iterations=1 converged=True rho=1.000e-01 rp=0.000e+00 (<= 1.003e-02) rd=2.352e-04 (<= 1.000e-02) Rho0 1.000e-01
ADMM done: Total Iterations=1 converged=True rho=1.000e-01 rp=0.000e+00 (<= 1.003e-02) rd=2.328e-11 (<= 1.000e-02) Rho0 1.000e-01
SQP Iteration 0 Feas 70.12776184082031 (<= 0.009999999776482582) Step 70.12776184082031 (<= 9.999999747378752e-05)
Time taken for MPC:  0.01734195603057742
ADMM done: Total Iterations=1 converged=True rho=1.000e-01 rp=0.000e+00 (<= 1.003e-02) rd=2.431e-04 (<= 1.000e-02) Rho0 1.000e-01
ADMM done: Total Iterations=1 converged=True rho=1.000e-01 rp=0.000e+00 (<= 1.003e-02) rd=8.731e-12 (<= 1.000e-02) Rho0 1.000e-01
SQP Iteration 0 Feas 72.37688446044922 (<= 0.009999999776482582) Step 72.37688446044922 (<= 9.999999747378752e-05)
Time taken for MPC:  0.01630731299519539
ADMM done: Total Iterations=1 converged=True rho=1.000e-01 rp=0.000e+00 (<= 1.003e-02) rd=2.472e-04 (<= 1.000e-02) Rho0 1.000e-01
ADMM done: Total Iterations=1 converged=True rho=1.000e-01 rp=0.000e+00 (<= 1.003e-02) rd=2.328e-11 (<= 1.000e-02) Rho0 1.000e-01
SQP Iteration 0 Feas 71.6589584350586 (<= 0.009999999776482582) Step 71.6589584350586 (<= 9.999999747378752e-05)
Time taken for MPC:  0.015964355785399675
ADMM done: Total Iterations=1 converged=True rho=1.000e-01 rp=0.000e+00 (<= 1.003e-02) rd=2.538e-04 (<= 1.000e-02) Rho0 1.000e-01
ADMM done: Total Iterations=1 converged=True rho=1.000e-01 rp=0.000e+00 (<= 1.003e-02) rd=2.328e-11 (<= 1.000e-02) Rho0 1.000e-01
SQP Iteration 0 Feas 73.4242935180664 (<= 0.009999999776482582) Step 73.4242935180664 (<= 9.999999747378752e-05)
Time taken for MPC:  0.015588193200528622
ADMM done: Total Iterations=1 converged=True rho=1.000e-01 rp=0.000e+00 (<= 1.003e-02) rd=2.575e-04 (<= 1.000e-02) Rho0 1.000e-01
ADMM done: Total Iterations=1 converged=True rho=1.000e-01 rp=0.000e+00 (<= 1.003e-02) rd=1.164e-11 (<= 1.000e-02) Rho0 1.000e-01
SQP Iteration 0 Feas 72.73098754882812 (<= 0.009999999776482582) Step 72.73098754882812 (<= 9.999999747378752e-05)
Time taken for MPC:  0.015642788726836443
ADMM done: Total Iterations=1 converged=True rho=1.000e-01 rp=0.000e+00 (<= 1.003e-02) rd=2.686e-04 (<= 1.000e-02) Rho0 1.000e-01
ADMM done: Total Iterations=1 converged=True rho=1.000e-01 rp=0.000e+00 (<= 1.003e-02) rd=2.328e-11 (<= 1.000e-02) Rho0 1.000e-01
SQP Iteration 0 Feas 74.69671630859375 (<= 0.009999999776482582) Step 74.69671630859375 (<= 9.999999747378752e-05)
Time taken for MPC:  0.014944078866392374
ADMM done: Total Iterations=1 converged=True rho=1.000e-01 rp=0.000e+00 (<= 1.004e-02) rd=2.756e-04 (<= 1.000e-02) Rho0 1.000e-01
ADMM done: Total Iterations=1 converged=True rho=1.000e-01 rp=0.000e+00 (<= 1.004e-02) rd=4.657e-11 (<= 1.000e-02) Rho0 1.000e-01
SQP Iteration 0 Feas 74.7022705078125 (<= 0.009999999776482582) Step 74.7022705078125 (<= 9.999999747378752e-05)
Time taken for MPC:  0.015744976699352264
ADMM done: Total Iterations=1 converged=True rho=1.000e-01 rp=0.000e+00 (<= 1.004e-02) rd=2.832e-04 (<= 1.000e-02) Rho0 1.000e-01
ADMM done: Total Iterations=1 converged=True rho=1.000e-01 rp=0.000e+00 (<= 1.004e-02) rd=2.328e-11 (<= 1.000e-02) Rho0 1.000e-01
SQP Iteration 0 Feas 79.79917907714844 (<= 0.009999999776482582) Step 76.29361724853516 (<= 9.999999747378752e-05)
Time taken for MPC:  0.016063642222434282
ADMM done: Total Iterations=1 converged=True rho=1.000e-01 rp=0.000e+00 (<= 1.003e-02) rd=3.178e-04 (<= 1.000e-02) Rho0 1.000e-01
ADMM done: Total Iterations=1 converged=True rho=1.000e-01 rp=0.000e+00 (<= 1.003e-02) rd=2.328e-11 (<= 1.000e-02) Rho0 1.000e-01
SQP Iteration 0 Feas 77.01590728759766 (<= 0.009999999776482582) Step 77.01590728759766 (<= 9.999999747378752e-05)
Time taken for MPC:  0.016678050626069307
ADMM done: Total Iterations=1 converged=True rho=1.000e-01 rp=0.000e+00 (<= 1.003e-02) rd=2.614e-04 (<= 1.000e-02) Rho0 1.000e-01
ADMM done: Total Iterations=1 converged=True rho=1.000e-01 rp=0.000e+00 (<= 1.003e-02) rd=1.164e-11 (<= 1.000e-02) Rho0 1.000e-01
SQP Iteration 0 Feas 78.85706329345703 (<= 0.009999999776482582) Step 78.85706329345703 (<= 9.999999747378752e-05)
Time taken for MPC:  0.01575256511569023
ADMM done: Total Iterations=1 converged=True rho=1.000e-01 rp=0.000e+00 (<= 1.003e-02) rd=2.567e-04 (<= 1.000e-02) Rho0 1.000e-01
ADMM done: Total Iterations=1 converged=True rho=1.000e-01 rp=0.000e+00 (<= 1.003e-02) rd=5.821e-12 (<= 1.000e-02) Rho0 1.000e-01
SQP Iteration 0 Feas 78.87478637695312 (<= 0.009999999776482582) Step 78.87478637695312 (<= 9.999999747378752e-05)
Time taken for MPC:  0.015284765977412462
ADMM done: Total Iterations=1 converged=True rho=1.000e-01 rp=0.000e+00 (<= 1.003e-02) rd=2.385e-04 (<= 1.000e-02) Rho0 1.000e-01
ADMM done: Total Iterations=1 converged=True rho=1.000e-01 rp=0.000e+00 (<= 1.003e-02) rd=2.328e-11 (<= 1.000e-02) Rho0 1.000e-01
SQP Iteration 0 Feas 79.92542266845703 (<= 0.009999999776482582) Step 79.92542266845703 (<= 9.999999747378752e-05)
Time taken for MPC:  0.016120086889714003
ADMM done: Total Iterations=1 converged=True rho=1.000e-01 rp=0.000e+00 (<= 1.003e-02) rd=1.583e-04 (<= 1.000e-02) Rho0 1.000e-01
ADMM done: Total Iterations=1 converged=True rho=1.000e-01 rp=0.000e+00 (<= 1.003e-02) rd=1.164e-11 (<= 1.000e-02) Rho0 1.000e-01
SQP Iteration 0 Feas 78.81417083740234 (<= 0.009999999776482582) Step 78.81417083740234 (<= 9.999999747378752e-05)
Time taken for MPC:  0.015858715400099754
ADMM done: Total Iterations=1 converged=True rho=1.000e-01 rp=0.000e+00 (<= 1.002e-02) rd=2.757e-04 (<= 1.000e-02) Rho0 1.000e-01
ADMM done: Total Iterations=1 converged=True rho=1.000e-01 rp=0.000e+00 (<= 1.002e-02) rd=2.328e-11 (<= 1.000e-02) Rho0 1.000e-01
SQP Iteration 0 Feas 79.3106460571289 (<= 0.009999999776482582) Step 79.3106460571289 (<= 9.999999747378752e-05)
Time taken for MPC:  0.016525376122444868
ADMM done: Total Iterations=1 converged=True rho=1.000e-01 rp=0.000e+00 (<= 1.002e-02) rd=2.396e-04 (<= 1.000e-02) Rho0 1.000e-01
ADMM done: Total Iterations=1 converged=True rho=1.000e-01 rp=0.000e+00 (<= 1.002e-02) rd=2.328e-11 (<= 1.000e-02) Rho0 1.000e-01
SQP Iteration 0 Feas 77.82749938964844 (<= 0.009999999776482582) Step 77.82749938964844 (<= 9.999999747378752e-05)
Time taken for MPC:  0.016098330728709698
ADMM done: Total Iterations=1 converged=True rho=1.000e-01 rp=0.000e+00 (<= 1.002e-02) rd=2.045e-04 (<= 1.000e-02) Rho0 1.000e-01
ADMM done: Total Iterations=1 converged=True rho=1.000e-01 rp=0.000e+00 (<= 1.002e-02) rd=5.821e-12 (<= 1.000e-02) Rho0 1.000e-01
SQP Iteration 0 Feas 74.86044311523438 (<= 0.009999999776482582) Step 74.86044311523438 (<= 9.999999747378752e-05)
Time taken for MPC:  0.01531481696292758
ADMM done: Total Iterations=1 converged=True rho=1.000e-01 rp=0.000e+00 (<= 1.002e-02) rd=2.114e-04 (<= 1.000e-02) Rho0 1.000e-01
ADMM done: Total Iterations=1 converged=True rho=1.000e-01 rp=0.000e+00 (<= 1.002e-02) rd=2.328e-11 (<= 1.000e-02) Rho0 1.000e-01
SQP Iteration 0 Feas 56.830265045166016 (<= 0.009999999776482582) Step 56.830265045166016 (<= 9.999999747378752e-05)
Time taken for MPC:  0.015168614219874144
ADMM done: Total Iterations=1 converged=True rho=1.000e-01 rp=0.000e+00 (<= 1.003e-02) rd=1.812e-04 (<= 1.000e-02) Rho0 1.000e-01
ADMM done: Total Iterations=1 converged=True rho=1.000e-01 rp=0.000e+00 (<= 1.003e-02) rd=2.328e-11 (<= 1.000e-02) Rho0 1.000e-01
SQP Iteration 0 Feas 182.58181762695312 (<= 0.009999999776482582) Step 182.58181762695312 (<= 9.999999747378752e-05)
Time taken for MPC:  0.0149513129144907
ADMM done: Total Iterations=1 converged=True rho=1.000e-01 rp=0.000e+00 (<= 1.002e-02) rd=2.864e-04 (<= 1.000e-02) Rho0 1.000e-01
ADMM done: Total Iterations=1 converged=True rho=1.000e-01 rp=0.000e+00 (<= 1.002e-02) rd=2.619e-11 (<= 1.000e-02) Rho0 1.000e-01
SQP Iteration 0 Feas 182.74757385253906 (<= 0.009999999776482582) Step 182.74757385253906 (<= 9.999999747378752e-05)
Time taken for MPC:  0.015655389986932278
ADMM done: Total Iterations=1 converged=True rho=1.000e-01 rp=0.000e+00 (<= 1.002e-02) rd=2.843e-04 (<= 1.000e-02) Rho0 1.000e-01
ADMM done: Total Iterations=1 converged=True rho=1.000e-01 rp=0.000e+00 (<= 1.002e-02) rd=2.910e-11 (<= 1.000e-02) Rho0 1.000e-01
SQP Iteration 0 Feas 141.93215942382812 (<= 0.009999999776482582) Step 141.93215942382812 (<= 9.999999747378752e-05)
Time taken for MPC:  0.015601588413119316
ADMM done: Total Iterations=1 converged=True rho=1.000e-01 rp=0.000e+00 (<= 1.002e-02) rd=1.904e-04 (<= 1.000e-02) Rho0 1.000e-01
ADMM done: Total Iterations=1 converged=True rho=1.000e-01 rp=0.000e+00 (<= 1.002e-02) rd=1.164e-11 (<= 1.000e-02) Rho0 1.000e-01
SQP Iteration 0 Feas 86.76976013183594 (<= 0.009999999776482582) Step 86.76976013183594 (<= 9.999999747378752e-05)
Time taken for MPC:  0.015737030655145645
ADMM done: Total Iterations=1 converged=True rho=1.000e-01 rp=0.000e+00 (<= 1.002e-02) rd=1.879e-04 (<= 1.000e-02) Rho0 1.000e-01
ADMM done: Total Iterations=1 converged=True rho=1.000e-01 rp=0.000e+00 (<= 1.002e-02) rd=5.821e-12 (<= 1.000e-02) Rho0 1.000e-01
SQP Iteration 0 Feas 61.38468933105469 (<= 0.009999999776482582) Step 61.38468933105469 (<= 9.999999747378752e-05)
Time taken for MPC:  0.015664852689951658
ADMM done: Total Iterations=1 converged=True rho=1.000e-01 rp=0.000e+00 (<= 1.002e-02) rd=1.951e-04 (<= 1.000e-02) Rho0 1.000e-01
ADMM done: Total Iterations=1 converged=True rho=1.000e-01 rp=0.000e+00 (<= 1.002e-02) rd=7.276e-12 (<= 1.000e-02) Rho0 1.000e-01
SQP Iteration 0 Feas 55.68865203857422 (<= 0.009999999776482582) Step 55.68865203857422 (<= 9.999999747378752e-05)
Time taken for MPC:  0.015456715133041143
ADMM done: Total Iterations=1 converged=True rho=1.000e-01 rp=0.000e+00 (<= 1.002e-02) rd=1.998e-04 (<= 1.000e-02) Rho0 1.000e-01
ADMM done: Total Iterations=1 converged=True rho=1.000e-01 rp=0.000e+00 (<= 1.002e-02) rd=5.821e-12 (<= 1.000e-02) Rho0 1.000e-01
SQP Iteration 0 Feas 54.454532623291016 (<= 0.009999999776482582) Step 54.454532623291016 (<= 9.999999747378752e-05)
Time taken for MPC:  0.015111648943275213
ADMM done: Total Iterations=1 converged=True rho=1.000e-01 rp=0.000e+00 (<= 1.002e-02) rd=1.966e-04 (<= 1.000e-02) Rho0 1.000e-01
ADMM done: Total Iterations=1 converged=True rho=1.000e-01 rp=0.000e+00 (<= 1.002e-02) rd=8.731e-12 (<= 1.000e-02) Rho0 1.000e-01
SQP Iteration 0 Feas 53.52015686035156 (<= 0.009999999776482582) Step 53.52015686035156 (<= 9.999999747378752e-05)
Time taken for MPC:  0.014972100965678692
ADMM done: Total Iterations=1 converged=True rho=1.000e-01 rp=0.000e+00 (<= 1.002e-02) rd=2.008e-04 (<= 1.000e-02) Rho0 1.000e-01
ADMM done: Total Iterations=1 converged=True rho=1.000e-01 rp=0.000e+00 (<= 1.002e-02) rd=2.328e-11 (<= 1.000e-02) Rho0 1.000e-01
SQP Iteration 0 Feas 52.00675582885742 (<= 0.009999999776482582) Step 52.00675582885742 (<= 9.999999747378752e-05)
Time taken for MPC:  0.014908280223608017
ADMM done: Total Iterations=1 converged=True rho=1.000e-01 rp=0.000e+00 (<= 1.002e-02) rd=1.974e-04 (<= 1.000e-02) Rho0 1.000e-01
ADMM done: Total Iterations=1 converged=True rho=1.000e-01 rp=0.000e+00 (<= 1.002e-02) rd=5.821e-12 (<= 1.000e-02) Rho0 1.000e-01
SQP Iteration 0 Feas 60.74309158325195 (<= 0.009999999776482582) Step 60.74309158325195 (<= 9.999999747378752e-05)
Time taken for MPC:  0.015103236772119999
ADMM done: Total Iterations=1 converged=True rho=1.000e-01 rp=0.000e+00 (<= 1.002e-02) rd=1.658e-04 (<= 1.000e-02) Rho0 1.000e-01
ADMM done: Total Iterations=1 converged=True rho=1.000e-01 rp=0.000e+00 (<= 1.002e-02) rd=1.164e-11 (<= 1.000e-02) Rho0 1.000e-01
SQP Iteration 0 Feas 103.3956298828125 (<= 0.009999999776482582) Step 103.3956298828125 (<= 9.999999747378752e-05)
Time taken for MPC:  0.015918970108032227
ADMM done: Total Iterations=1 converged=True rho=1.000e-01 rp=0.000e+00 (<= 1.002e-02) rd=2.449e-04 (<= 1.000e-02) Rho0 1.000e-01
ADMM done: Total Iterations=1 converged=True rho=1.000e-01 rp=0.000e+00 (<= 1.002e-02) rd=5.821e-12 (<= 1.000e-02) Rho0 1.000e-01
SQP Iteration 0 Feas 165.76478576660156 (<= 0.009999999776482582) Step 165.76478576660156 (<= 9.999999747378752e-05)
Time taken for MPC:  0.01571871107444167
ADMM done: Total Iterations=1 converged=True rho=1.000e-01 rp=0.000e+00 (<= 1.002e-02) rd=1.900e-04 (<= 1.000e-02) Rho0 1.000e-01
ADMM done: Total Iterations=1 converged=True rho=1.000e-01 rp=0.000e+00 (<= 1.002e-02) rd=5.821e-12 (<= 1.000e-02) Rho0 1.000e-01
SQP Iteration 0 Feas 168.0251922607422 (<= 0.009999999776482582) Step 168.0251922607422 (<= 9.999999747378752e-05)
Time taken for MPC:  0.016125401947647333
ADMM done: Total Iterations=1 converged=True rho=1.000e-01 rp=0.000e+00 (<= 1.002e-02) rd=1.910e-04 (<= 1.000e-02) Rho0 1.000e-01
ADMM done: Total Iterations=1 converged=True rho=1.000e-01 rp=0.000e+00 (<= 1.002e-02) rd=1.164e-11 (<= 1.000e-02) Rho0 1.000e-01
SQP Iteration 0 Feas 129.81011962890625 (<= 0.009999999776482582) Step 129.81011962890625 (<= 9.999999747378752e-05)
Time taken for MPC:  0.016100279986858368
ADMM done: Total Iterations=1 converged=True rho=1.000e-01 rp=0.000e+00 (<= 1.002e-02) rd=2.006e-04 (<= 1.000e-02) Rho0 1.000e-01
ADMM done: Total Iterations=1 converged=True rho=1.000e-01 rp=0.000e+00 (<= 1.002e-02) rd=8.731e-12 (<= 1.000e-02) Rho0 1.000e-01
SQP Iteration 0 Feas 90.08379364013672 (<= 0.009999999776482582) Step 90.08379364013672 (<= 9.999999747378752e-05)
Time taken for MPC:  0.016010518185794353
ADMM done: Total Iterations=1 converged=True rho=1.000e-01 rp=0.000e+00 (<= 1.002e-02) rd=2.123e-04 (<= 1.000e-02) Rho0 1.000e-01
ADMM done: Total Iterations=1 converged=True rho=1.000e-01 rp=0.000e+00 (<= 1.002e-02) rd=2.328e-11 (<= 1.000e-02) Rho0 1.000e-01
SQP Iteration 0 Feas 73.66448211669922 (<= 0.009999999776482582) Step 73.66448211669922 (<= 9.999999747378752e-05)
Time taken for MPC:  0.015432673040777445
ADMM done: Total Iterations=1 converged=True rho=1.000e-01 rp=0.000e+00 (<= 1.002e-02) rd=2.154e-04 (<= 1.000e-02) Rho0 1.000e-01
ADMM done: Total Iterations=1 converged=True rho=1.000e-01 rp=0.000e+00 (<= 1.002e-02) rd=5.821e-12 (<= 1.000e-02) Rho0 1.000e-01
SQP Iteration 0 Feas 64.89598083496094 (<= 0.009999999776482582) Step 64.89598083496094 (<= 9.999999747378752e-05)
Time taken for MPC:  0.015830637887120247
ADMM done: Total Iterations=1 converged=True rho=1.000e-01 rp=0.000e+00 (<= 1.002e-02) rd=2.185e-04 (<= 1.000e-02) Rho0 1.000e-01
ADMM done: Total Iterations=1 converged=True rho=1.000e-01 rp=0.000e+00 (<= 1.002e-02) rd=8.731e-12 (<= 1.000e-02) Rho0 1.000e-01
SQP Iteration 0 Feas 66.86754608154297 (<= 0.009999999776482582) Step 66.86754608154297 (<= 9.999999747378752e-05)
Time taken for MPC:  0.01611952856183052
ADMM done: Total Iterations=1 converged=True rho=1.000e-01 rp=0.000e+00 (<= 1.002e-02) rd=2.179e-04 (<= 1.000e-02) Rho0 1.000e-01
ADMM done: Total Iterations=1 converged=True rho=1.000e-01 rp=0.000e+00 (<= 1.002e-02) rd=5.821e-12 (<= 1.000e-02) Rho0 1.000e-01
SQP Iteration 0 Feas 67.16595458984375 (<= 0.009999999776482582) Step 67.16595458984375 (<= 9.999999747378752e-05)
Time taken for MPC:  0.01579819805920124
ADMM done: Total Iterations=1 converged=True rho=1.000e-01 rp=0.000e+00 (<= 1.003e-02) rd=2.263e-04 (<= 1.000e-02) Rho0 1.000e-01
ADMM done: Total Iterations=1 converged=True rho=1.000e-01 rp=0.000e+00 (<= 1.003e-02) rd=2.328e-11 (<= 1.000e-02) Rho0 1.000e-01
SQP Iteration 0 Feas 70.38056945800781 (<= 0.009999999776482582) Step 70.38056945800781 (<= 9.999999747378752e-05)
Time taken for MPC:  0.01616394380107522
ADMM done: Total Iterations=1 converged=True rho=1.000e-01 rp=0.000e+00 (<= 1.003e-02) rd=2.248e-04 (<= 1.000e-02) Rho0 1.000e-01
ADMM done: Total Iterations=1 converged=True rho=1.000e-01 rp=0.000e+00 (<= 1.003e-02) rd=2.328e-11 (<= 1.000e-02) Rho0 1.000e-01
SQP Iteration 0 Feas 70.4875717163086 (<= 0.009999999776482582) Step 70.4875717163086 (<= 9.999999747378752e-05)
Time taken for MPC:  0.01553671108558774
ADMM done: Total Iterations=1 converged=True rho=1.000e-01 rp=0.000e+00 (<= 1.003e-02) rd=2.309e-04 (<= 1.000e-02) Rho0 1.000e-01
ADMM done: Total Iterations=1 converged=True rho=1.000e-01 rp=0.000e+00 (<= 1.003e-02) rd=1.164e-11 (<= 1.000e-02) Rho0 1.000e-01
SQP Iteration 0 Feas 72.58467102050781 (<= 0.009999999776482582) Step 72.58467102050781 (<= 9.999999747378752e-05)
Time taken for MPC:  0.016114213969558477
ADMM done: Total Iterations=1 converged=True rho=1.000e-01 rp=0.000e+00 (<= 1.003e-02) rd=2.335e-04 (<= 1.000e-02) Rho0 1.000e-01
ADMM done: Total Iterations=1 converged=True rho=1.000e-01 rp=0.000e+00 (<= 1.003e-02) rd=2.328e-11 (<= 1.000e-02) Rho0 1.000e-01
SQP Iteration 0 Feas 71.83336639404297 (<= 0.009999999776482582) Step 71.83336639404297 (<= 9.999999747378752e-05)
Time taken for MPC:  0.016101842280477285
ADMM done: Total Iterations=1 converged=True rho=1.000e-01 rp=0.000e+00 (<= 1.003e-02) rd=2.318e-04 (<= 1.000e-02) Rho0 1.000e-01
ADMM done: Total Iterations=1 converged=True rho=1.000e-01 rp=0.000e+00 (<= 1.003e-02) rd=5.821e-12 (<= 1.000e-02) Rho0 1.000e-01
SQP Iteration 0 Feas 73.052001953125 (<= 0.009999999776482582) Step 73.052001953125 (<= 9.999999747378752e-05)
Time taken for MPC:  0.01567200804129243
ADMM done: Total Iterations=1 converged=True rho=1.000e-01 rp=0.000e+00 (<= 1.003e-02) rd=2.465e-04 (<= 1.000e-02) Rho0 1.000e-01
ADMM done: Total Iterations=1 converged=True rho=1.000e-01 rp=0.000e+00 (<= 1.003e-02) rd=2.328e-11 (<= 1.000e-02) Rho0 1.000e-01
SQP Iteration 0 Feas 72.28465270996094 (<= 0.009999999776482582) Step 72.28465270996094 (<= 9.999999747378752e-05)
Time taken for MPC:  0.015999082010239363
ADMM done: Total Iterations=1 converged=True rho=1.000e-01 rp=0.000e+00 (<= 1.003e-02) rd=2.534e-04 (<= 1.000e-02) Rho0 1.000e-01
ADMM done: Total Iterations=1 converged=True rho=1.000e-01 rp=0.000e+00 (<= 1.003e-02) rd=5.821e-12 (<= 1.000e-02) Rho0 1.000e-01
SQP Iteration 0 Feas 74.23295593261719 (<= 0.009999999776482582) Step 74.23295593261719 (<= 9.999999747378752e-05)
Time taken for MPC:  0.01624422799795866
ADMM done: Total Iterations=1 converged=True rho=1.000e-01 rp=0.000e+00 (<= 1.003e-02) rd=2.451e-04 (<= 1.000e-02) Rho0 1.000e-01
ADMM done: Total Iterations=1 converged=True rho=1.000e-01 rp=0.000e+00 (<= 1.003e-02) rd=1.164e-11 (<= 1.000e-02) Rho0 1.000e-01
SQP Iteration 0 Feas 73.0106430053711 (<= 0.009999999776482582) Step 73.0106430053711 (<= 9.999999747378752e-05)
Time taken for MPC:  0.015402162913233042
ADMM done: Total Iterations=1 converged=True rho=1.000e-01 rp=0.000e+00 (<= 1.004e-02) rd=2.636e-04 (<= 1.000e-02) Rho0 1.000e-01
ADMM done: Total Iterations=1 converged=True rho=1.000e-01 rp=0.000e+00 (<= 1.004e-02) rd=1.164e-11 (<= 1.000e-02) Rho0 1.000e-01
SQP Iteration 0 Feas 78.03462219238281 (<= 0.009999999776482582) Step 75.63346099853516 (<= 9.999999747378752e-05)
Time taken for MPC:  0.015875833109021187
ADMM done: Total Iterations=1 converged=True rho=1.000e-01 rp=0.000e+00 (<= 1.003e-02) rd=3.130e-04 (<= 1.000e-02) Rho0 1.000e-01
ADMM done: Total Iterations=1 converged=True rho=1.000e-01 rp=0.000e+00 (<= 1.003e-02) rd=2.328e-11 (<= 1.000e-02) Rho0 1.000e-01
SQP Iteration 0 Feas 76.48883819580078 (<= 0.009999999776482582) Step 76.48883819580078 (<= 9.999999747378752e-05)
Time taken for MPC:  0.01565736997872591
ADMM done: Total Iterations=1 converged=True rho=1.000e-01 rp=0.000e+00 (<= 1.003e-02) rd=2.359e-04 (<= 1.000e-02) Rho0 1.000e-01
ADMM done: Total Iterations=1 converged=True rho=1.000e-01 rp=0.000e+00 (<= 1.003e-02) rd=1.164e-11 (<= 1.000e-02) Rho0 1.000e-01
SQP Iteration 0 Feas 76.70109558105469 (<= 0.009999999776482582) Step 76.70109558105469 (<= 9.999999747378752e-05)
Time taken for MPC:  0.016062838956713676
ADMM done: Total Iterations=1 converged=True rho=1.000e-01 rp=0.000e+00 (<= 1.003e-02) rd=2.471e-04 (<= 1.000e-02) Rho0 1.000e-01
ADMM done: Total Iterations=1 converged=True rho=1.000e-01 rp=0.000e+00 (<= 1.003e-02) rd=2.328e-11 (<= 1.000e-02) Rho0 1.000e-01
SQP Iteration 0 Feas 77.80279541015625 (<= 0.009999999776482582) Step 77.80279541015625 (<= 9.999999747378752e-05)
Time taken for MPC:  0.015623730141669512
ADMM done: Total Iterations=1 converged=True rho=1.000e-01 rp=0.000e+00 (<= 1.003e-02) rd=2.180e-04 (<= 1.000e-02) Rho0 1.000e-01
ADMM done: Total Iterations=1 converged=True rho=1.000e-01 rp=0.000e+00 (<= 1.003e-02) rd=2.328e-11 (<= 1.000e-02) Rho0 1.000e-01
SQP Iteration 0 Feas 78.91707611083984 (<= 0.009999999776482582) Step 78.91707611083984 (<= 9.999999747378752e-05)
Time taken for MPC:  0.015485452953726053
ADMM done: Total Iterations=1 converged=True rho=1.000e-01 rp=0.000e+00 (<= 1.003e-02) rd=1.926e-04 (<= 1.000e-02) Rho0 1.000e-01
ADMM done: Total Iterations=1 converged=True rho=1.000e-01 rp=0.000e+00 (<= 1.003e-02) rd=1.746e-11 (<= 1.000e-02) Rho0 1.000e-01
SQP Iteration 0 Feas 78.24286651611328 (<= 0.009999999776482582) Step 78.24286651611328 (<= 9.999999747378752e-05)
Time taken for MPC:  0.015302552841603756
ADMM done: Total Iterations=1 converged=True rho=1.000e-01 rp=0.000e+00 (<= 1.002e-02) rd=2.356e-04 (<= 1.000e-02) Rho0 1.000e-01
ADMM done: Total Iterations=1 converged=True rho=1.000e-01 rp=0.000e+00 (<= 1.002e-02) rd=1.164e-11 (<= 1.000e-02) Rho0 1.000e-01
SQP Iteration 0 Feas 79.82306671142578 (<= 0.009999999776482582) Step 79.82306671142578 (<= 9.999999747378752e-05)
Time taken for MPC:  0.015924693550914526
ADMM done: Total Iterations=1 converged=True rho=1.000e-01 rp=0.000e+00 (<= 1.002e-02) rd=2.423e-04 (<= 1.000e-02) Rho0 1.000e-01
ADMM done: Total Iterations=1 converged=True rho=1.000e-01 rp=0.000e+00 (<= 1.002e-02) rd=2.328e-11 (<= 1.000e-02) Rho0 1.000e-01
SQP Iteration 0 Feas 79.08184051513672 (<= 0.009999999776482582) Step 79.08184051513672 (<= 9.999999747378752e-05)
Time taken for MPC:  0.016257612966001034
ADMM done: Total Iterations=1 converged=True rho=1.000e-01 rp=0.000e+00 (<= 1.002e-02) rd=2.087e-04 (<= 1.000e-02) Rho0 1.000e-01
ADMM done: Total Iterations=1 converged=True rho=1.000e-01 rp=0.000e+00 (<= 1.002e-02) rd=1.455e-12 (<= 1.000e-02) Rho0 1.000e-01
SQP Iteration 0 Feas 76.79354858398438 (<= 0.009999999776482582) Step 76.79354858398438 (<= 9.999999747378752e-05)
Time taken for MPC:  0.016143333166837692
ADMM done: Total Iterations=1 converged=True rho=1.000e-01 rp=0.000e+00 (<= 1.002e-02) rd=2.116e-04 (<= 1.000e-02) Rho0 1.000e-01
ADMM done: Total Iterations=1 converged=True rho=1.000e-01 rp=0.000e+00 (<= 1.002e-02) rd=8.731e-12 (<= 1.000e-02) Rho0 1.000e-01
SQP Iteration 0 Feas 59.08020782470703 (<= 0.009999999776482582) Step 59.08020782470703 (<= 9.999999747378752e-05)
Time taken for MPC:  0.015724737662822008
ADMM done: Total Iterations=1 converged=True rho=1.000e-01 rp=0.000e+00 (<= 1.003e-02) rd=1.443e-04 (<= 1.000e-02) Rho0 1.000e-01
ADMM done: Total Iterations=1 converged=True rho=1.000e-01 rp=0.000e+00 (<= 1.003e-02) rd=2.328e-11 (<= 1.000e-02) Rho0 1.000e-01
SQP Iteration 0 Feas 159.1248016357422 (<= 0.009999999776482582) Step 159.1248016357422 (<= 9.999999747378752e-05)
Time taken for MPC:  0.016104410868138075
ADMM done: Total Iterations=1 converged=True rho=1.000e-01 rp=0.000e+00 (<= 1.002e-02) rd=2.674e-04 (<= 1.000e-02) Rho0 1.000e-01
ADMM done: Total Iterations=1 converged=True rho=1.000e-01 rp=0.000e+00 (<= 1.002e-02) rd=4.657e-11 (<= 1.000e-02) Rho0 1.000e-01
SQP Iteration 0 Feas 157.67404174804688 (<= 0.009999999776482582) Step 157.67404174804688 (<= 9.999999747378752e-05)
Time taken for MPC:  0.015898561105132103
ADMM done: Total Iterations=1 converged=True rho=1.000e-01 rp=0.000e+00 (<= 1.002e-02) rd=2.742e-04 (<= 1.000e-02) Rho0 1.000e-01
ADMM done: Total Iterations=1 converged=True rho=1.000e-01 rp=0.000e+00 (<= 1.002e-02) rd=2.328e-11 (<= 1.000e-02) Rho0 1.000e-01
SQP Iteration 0 Feas 126.82038116455078 (<= 0.009999999776482582) Step 126.82038116455078 (<= 9.999999747378752e-05)
Time taken for MPC:  0.015606158878654242
ADMM done: Total Iterations=1 converged=True rho=1.000e-01 rp=0.000e+00 (<= 1.002e-02) rd=1.966e-04 (<= 1.000e-02) Rho0 1.000e-01
ADMM done: Total Iterations=1 converged=True rho=1.000e-01 rp=0.000e+00 (<= 1.002e-02) rd=8.731e-12 (<= 1.000e-02) Rho0 1.000e-01
SQP Iteration 0 Feas 79.83572387695312 (<= 0.009999999776482582) Step 79.83572387695312 (<= 9.999999747378752e-05)
Time taken for MPC:  0.015922265127301216
ADMM done: Total Iterations=1 converged=True rho=1.000e-01 rp=0.000e+00 (<= 1.002e-02) rd=1.956e-04 (<= 1.000e-02) Rho0 1.000e-01
ADMM done: Total Iterations=1 converged=True rho=1.000e-01 rp=0.000e+00 (<= 1.002e-02) rd=5.821e-12 (<= 1.000e-02) Rho0 1.000e-01
SQP Iteration 0 Feas 57.98174285888672 (<= 0.009999999776482582) Step 57.98174285888672 (<= 9.999999747378752e-05)
Time taken for MPC:  0.01593059627339244
ADMM done: Total Iterations=1 converged=True rho=1.000e-01 rp=0.000e+00 (<= 1.002e-02) rd=1.995e-04 (<= 1.000e-02) Rho0 1.000e-01
ADMM done: Total Iterations=1 converged=True rho=1.000e-01 rp=0.000e+00 (<= 1.002e-02) rd=2.328e-11 (<= 1.000e-02) Rho0 1.000e-01
SQP Iteration 0 Feas 52.66775894165039 (<= 0.009999999776482582) Step 52.66775894165039 (<= 9.999999747378752e-05)
Time taken for MPC:  0.01592679787427187
ADMM done: Total Iterations=1 converged=True rho=1.000e-01 rp=0.000e+00 (<= 1.002e-02) rd=2.017e-04 (<= 1.000e-02) Rho0 1.000e-01
ADMM done: Total Iterations=1 converged=True rho=1.000e-01 rp=0.000e+00 (<= 1.002e-02) rd=5.821e-12 (<= 1.000e-02) Rho0 1.000e-01
SQP Iteration 0 Feas 51.45549774169922 (<= 0.009999999776482582) Step 51.45549774169922 (<= 9.999999747378752e-05)
Time taken for MPC:  0.015580370090901852
ADMM done: Total Iterations=1 converged=True rho=1.000e-01 rp=0.000e+00 (<= 1.002e-02) rd=2.026e-04 (<= 1.000e-02) Rho0 1.000e-01
ADMM done: Total Iterations=1 converged=True rho=1.000e-01 rp=0.000e+00 (<= 1.002e-02) rd=2.328e-11 (<= 1.000e-02) Rho0 1.000e-01
SQP Iteration 0 Feas 50.81303405761719 (<= 0.009999999776482582) Step 50.81303405761719 (<= 9.999999747378752e-05)
Time taken for MPC:  0.01573750702664256
ADMM done: Total Iterations=1 converged=True rho=1.000e-01 rp=0.000e+00 (<= 1.002e-02) rd=2.018e-04 (<= 1.000e-02) Rho0 1.000e-01
ADMM done: Total Iterations=1 converged=True rho=1.000e-01 rp=0.000e+00 (<= 1.002e-02) rd=2.328e-11 (<= 1.000e-02) Rho0 1.000e-01
SQP Iteration 0 Feas 54.563106536865234 (<= 0.009999999776482582) Step 54.563106536865234 (<= 9.999999747378752e-05)
Time taken for MPC:  0.015815397258847952
ADMM done: Total Iterations=1 converged=True rho=1.000e-01 rp=0.000e+00 (<= 1.002e-02) rd=2.033e-04 (<= 1.000e-02) Rho0 1.000e-01
ADMM done: Total Iterations=1 converged=True rho=1.000e-01 rp=0.000e+00 (<= 1.002e-02) rd=8.731e-12 (<= 1.000e-02) Rho0 1.000e-01
SQP Iteration 0 Feas 63.773582458496094 (<= 0.009999999776482582) Step 63.773582458496094 (<= 9.999999747378752e-05)
Time taken for MPC:  0.01601260621100664
ADMM done: Total Iterations=1 converged=True rho=1.000e-01 rp=0.000e+00 (<= 1.002e-02) rd=1.649e-04 (<= 1.000e-02) Rho0 1.000e-01
ADMM done: Total Iterations=1 converged=True rho=1.000e-01 rp=0.000e+00 (<= 1.002e-02) rd=1.164e-11 (<= 1.000e-02) Rho0 1.000e-01
SQP Iteration 0 Feas 104.18087768554688 (<= 0.009999999776482582) Step 104.18087768554688 (<= 9.999999747378752e-05)
Time taken for MPC:  0.01613228814676404
ADMM done: Total Iterations=1 converged=True rho=1.000e-01 rp=0.000e+00 (<= 1.002e-02) rd=2.410e-04 (<= 1.000e-02) Rho0 1.000e-01
ADMM done: Total Iterations=1 converged=True rho=1.000e-01 rp=0.000e+00 (<= 1.002e-02) rd=1.746e-11 (<= 1.000e-02) Rho0 1.000e-01
SQP Iteration 0 Feas 161.5598602294922 (<= 0.009999999776482582) Step 161.5598602294922 (<= 9.999999747378752e-05)
Time taken for MPC:  0.016128527000546455
ADMM done: Total Iterations=1 converged=True rho=1.000e-01 rp=0.000e+00 (<= 1.002e-02) rd=1.917e-04 (<= 1.000e-02) Rho0 1.000e-01
ADMM done: Total Iterations=1 converged=True rho=1.000e-01 rp=0.000e+00 (<= 1.002e-02) rd=1.164e-11 (<= 1.000e-02) Rho0 1.000e-01
SQP Iteration 0 Feas 155.41273498535156 (<= 0.009999999776482582) Step 155.41273498535156 (<= 9.999999747378752e-05)
Time taken for MPC:  0.01606243196874857
ADMM done: Total Iterations=1 converged=True rho=1.000e-01 rp=0.000e+00 (<= 1.002e-02) rd=2.060e-04 (<= 1.000e-02) Rho0 1.000e-01
ADMM done: Total Iterations=1 converged=True rho=1.000e-01 rp=0.000e+00 (<= 1.002e-02) rd=1.164e-11 (<= 1.000e-02) Rho0 1.000e-01
SQP Iteration 0 Feas 118.8277359008789 (<= 0.009999999776482582) Step 118.8277359008789 (<= 9.999999747378752e-05)
Time taken for MPC:  0.015781647991389036
ADMM done: Total Iterations=1 converged=True rho=1.000e-01 rp=0.000e+00 (<= 1.002e-02) rd=2.104e-04 (<= 1.000e-02) Rho0 1.000e-01
ADMM done: Total Iterations=1 converged=True rho=1.000e-01 rp=0.000e+00 (<= 1.002e-02) rd=3.638e-12 (<= 1.000e-02) Rho0 1.000e-01
SQP Iteration 0 Feas 86.04499816894531 (<= 0.009999999776482582) Step 86.04499816894531 (<= 9.999999747378752e-05)
Time taken for MPC:  0.015609628986567259
ADMM done: Total Iterations=1 converged=True rho=1.000e-01 rp=0.000e+00 (<= 1.003e-02) rd=2.188e-04 (<= 1.000e-02) Rho0 1.000e-01
ADMM done: Total Iterations=1 converged=True rho=1.000e-01 rp=0.000e+00 (<= 1.003e-02) rd=2.328e-11 (<= 1.000e-02) Rho0 1.000e-01
SQP Iteration 0 Feas 71.89129638671875 (<= 0.009999999776482582) Step 71.89129638671875 (<= 9.999999747378752e-05)
Time taken for MPC:  0.01554912468418479
ADMM done: Total Iterations=1 converged=True rho=1.000e-01 rp=0.000e+00 (<= 1.003e-02) rd=2.317e-04 (<= 1.000e-02) Rho0 1.000e-01
ADMM done: Total Iterations=1 converged=True rho=1.000e-01 rp=0.000e+00 (<= 1.003e-02) rd=2.328e-11 (<= 1.000e-02) Rho0 1.000e-01
SQP Iteration 0 Feas 67.26568603515625 (<= 0.009999999776482582) Step 67.26568603515625 (<= 9.999999747378752e-05)
Time taken for MPC:  0.016319636721163988
ADMM done: Total Iterations=1 converged=True rho=1.000e-01 rp=0.000e+00 (<= 1.003e-02) rd=2.268e-04 (<= 1.000e-02) Rho0 1.000e-01
ADMM done: Total Iterations=1 converged=True rho=1.000e-01 rp=0.000e+00 (<= 1.003e-02) rd=1.164e-11 (<= 1.000e-02) Rho0 1.000e-01
SQP Iteration 0 Feas 68.74052429199219 (<= 0.009999999776482582) Step 68.74052429199219 (<= 9.999999747378752e-05)
Time taken for MPC:  0.017079059965908527
ADMM done: Total Iterations=1 converged=True rho=1.000e-01 rp=0.000e+00 (<= 1.003e-02) rd=2.364e-04 (<= 1.000e-02) Rho0 1.000e-01
ADMM done: Total Iterations=1 converged=True rho=1.000e-01 rp=0.000e+00 (<= 1.003e-02) rd=1.164e-11 (<= 1.000e-02) Rho0 1.000e-01
SQP Iteration 0 Feas 68.76119232177734 (<= 0.009999999776482582) Step 68.76119232177734 (<= 9.999999747378752e-05)
Time taken for MPC:  0.016501958016306162
ADMM done: Total Iterations=1 converged=True rho=1.000e-01 rp=0.000e+00 (<= 1.003e-02) rd=2.379e-04 (<= 1.000e-02) Rho0 1.000e-01
ADMM done: Total Iterations=1 converged=True rho=1.000e-01 rp=0.000e+00 (<= 1.003e-02) rd=8.731e-12 (<= 1.000e-02) Rho0 1.000e-01
SQP Iteration 0 Feas 71.25733184814453 (<= 0.009999999776482582) Step 71.25733184814453 (<= 9.999999747378752e-05)
Time taken for MPC:  0.015735873952507973
ADMM done: Total Iterations=1 converged=True rho=1.000e-01 rp=0.000e+00 (<= 1.003e-02) rd=2.370e-04 (<= 1.000e-02) Rho0 1.000e-01
ADMM done: Total Iterations=1 converged=True rho=1.000e-01 rp=0.000e+00 (<= 1.003e-02) rd=2.328e-11 (<= 1.000e-02) Rho0 1.000e-01
SQP Iteration 0 Feas 71.03466796875 (<= 0.009999999776482582) Step 71.03466796875 (<= 9.999999747378752e-05)
Time taken for MPC:  0.015973408706486225
ADMM done: Total Iterations=1 converged=True rho=1.000e-01 rp=0.000e+00 (<= 1.003e-02) rd=2.417e-04 (<= 1.000e-02) Rho0 1.000e-01
ADMM done: Total Iterations=1 converged=True rho=1.000e-01 rp=0.000e+00 (<= 1.003e-02) rd=2.328e-11 (<= 1.000e-02) Rho0 1.000e-01
SQP Iteration 0 Feas 72.59305572509766 (<= 0.009999999776482582) Step 72.59305572509766 (<= 9.999999747378752e-05)
Time taken for MPC:  0.015823523979634047
ADMM done: Total Iterations=1 converged=True rho=1.000e-01 rp=0.000e+00 (<= 1.003e-02) rd=2.449e-04 (<= 1.000e-02) Rho0 1.000e-01
ADMM done: Total Iterations=1 converged=True rho=1.000e-01 rp=0.000e+00 (<= 1.003e-02) rd=1.164e-11 (<= 1.000e-02) Rho0 1.000e-01
SQP Iteration 0 Feas 71.60540008544922 (<= 0.009999999776482582) Step 71.60540008544922 (<= 9.999999747378752e-05)
Time taken for MPC:  0.015686362981796265
ADMM done: Total Iterations=1 converged=True rho=1.000e-01 rp=0.000e+00 (<= 1.003e-02) rd=2.643e-04 (<= 1.000e-02) Rho0 1.000e-01
ADMM done: Total Iterations=1 converged=True rho=1.000e-01 rp=0.000e+00 (<= 1.003e-02) rd=5.821e-12 (<= 1.000e-02) Rho0 1.000e-01
SQP Iteration 0 Feas 72.92882537841797 (<= 0.009999999776482582) Step 72.92882537841797 (<= 9.999999747378752e-05)
Time taken for MPC:  0.0161226699128747
ADMM done: Total Iterations=1 converged=True rho=1.000e-01 rp=0.000e+00 (<= 1.004e-02) rd=2.491e-04 (<= 1.000e-02) Rho0 1.000e-01
ADMM done: Total Iterations=1 converged=True rho=1.000e-01 rp=0.000e+00 (<= 1.004e-02) rd=2.328e-11 (<= 1.000e-02) Rho0 1.000e-01
SQP Iteration 0 Feas 71.43070220947266 (<= 0.009999999776482582) Step 71.43070220947266 (<= 9.999999747378752e-05)
Time taken for MPC:  0.015608518850058317
ADMM done: Total Iterations=1 converged=True rho=1.000e-01 rp=0.000e+00 (<= 1.004e-02) rd=2.666e-04 (<= 1.000e-02) Rho0 1.000e-01
ADMM done: Total Iterations=1 converged=True rho=1.000e-01 rp=0.000e+00 (<= 1.004e-02) rd=1.164e-11 (<= 1.000e-02) Rho0 1.000e-01
SQP Iteration 0 Feas 72.89682006835938 (<= 0.009999999776482582) Step 72.89682006835938 (<= 9.999999747378752e-05)
Time taken for MPC:  0.01588696474209428
ADMM done: Total Iterations=1 converged=True rho=1.000e-01 rp=0.000e+00 (<= 1.004e-02) rd=2.956e-04 (<= 1.000e-02) Rho0 1.000e-01
ADMM done: Total Iterations=1 converged=True rho=1.000e-01 rp=0.000e+00 (<= 1.004e-02) rd=2.328e-11 (<= 1.000e-02) Rho0 1.000e-01
SQP Iteration 0 Feas 73.1783676147461 (<= 0.009999999776482582) Step 73.1783676147461 (<= 9.999999747378752e-05)
Time taken for MPC:  0.014981945976614952
ADMM done: Total Iterations=1 converged=True rho=1.000e-01 rp=0.000e+00 (<= 1.004e-02) rd=2.536e-04 (<= 1.000e-02) Rho0 1.000e-01
ADMM done: Total Iterations=1 converged=True rho=1.000e-01 rp=0.000e+00 (<= 1.004e-02) rd=9.313e-11 (<= 1.000e-02) Rho0 1.000e-01
SQP Iteration 0 Feas 93.0849380493164 (<= 0.009999999776482582) Step 73.88689422607422 (<= 9.999999747378752e-05)
Time taken for MPC:  0.01530372491106391
ADMM done: Total Iterations=1 converged=True rho=1.000e-01 rp=0.000e+00 (<= 1.003e-02) rd=4.014e-04 (<= 1.000e-02) Rho0 1.000e-01
ADMM done: Total Iterations=1 converged=True rho=1.000e-01 rp=0.000e+00 (<= 1.003e-02) rd=2.328e-11 (<= 1.000e-02) Rho0 1.000e-01
SQP Iteration 0 Feas 75.49779510498047 (<= 0.009999999776482582) Step 75.49779510498047 (<= 9.999999747378752e-05)
Time taken for MPC:  0.015237454790621996
ADMM done: Total Iterations=1 converged=True rho=1.000e-01 rp=0.000e+00 (<= 1.003e-02) rd=2.164e-04 (<= 1.000e-02) Rho0 1.000e-01
ADMM done: Total Iterations=1 converged=True rho=1.000e-01 rp=0.000e+00 (<= 1.003e-02) rd=1.164e-11 (<= 1.000e-02) Rho0 1.000e-01
SQP Iteration 0 Feas 74.03833770751953 (<= 0.009999999776482582) Step 74.03833770751953 (<= 9.999999747378752e-05)
Time taken for MPC:  0.015460608061403036
ADMM done: Total Iterations=1 converged=True rho=1.000e-01 rp=0.000e+00 (<= 1.003e-02) rd=2.759e-04 (<= 1.000e-02) Rho0 1.000e-01
ADMM done: Total Iterations=1 converged=True rho=1.000e-01 rp=0.000e+00 (<= 1.003e-02) rd=2.328e-11 (<= 1.000e-02) Rho0 1.000e-01
SQP Iteration 0 Feas 75.212158203125 (<= 0.009999999776482582) Step 75.212158203125 (<= 9.999999747378752e-05)
Time taken for MPC:  0.016239377204328775
ADMM done: Total Iterations=1 converged=True rho=1.000e-01 rp=0.000e+00 (<= 1.003e-02) rd=2.396e-04 (<= 1.000e-02) Rho0 1.000e-01
ADMM done: Total Iterations=1 converged=True rho=1.000e-01 rp=0.000e+00 (<= 1.003e-02) rd=8.731e-12 (<= 1.000e-02) Rho0 1.000e-01
SQP Iteration 0 Feas 75.74681091308594 (<= 0.009999999776482582) Step 75.74681091308594 (<= 9.999999747378752e-05)
Time taken for MPC:  0.01554934261366725
ADMM done: Total Iterations=1 converged=True rho=1.000e-01 rp=0.000e+00 (<= 1.003e-02) rd=1.617e-04 (<= 1.000e-02) Rho0 1.000e-01
ADMM done: Total Iterations=1 converged=True rho=1.000e-01 rp=0.000e+00 (<= 1.003e-02) rd=1.164e-11 (<= 1.000e-02) Rho0 1.000e-01
SQP Iteration 0 Feas 74.1993637084961 (<= 0.009999999776482582) Step 74.1993637084961 (<= 9.999999747378752e-05)
Time taken for MPC:  0.016113060992211103
ADMM done: Total Iterations=1 converged=True rho=1.000e-01 rp=0.000e+00 (<= 1.002e-02) rd=2.970e-04 (<= 1.000e-02) Rho0 1.000e-01
ADMM done: Total Iterations=1 converged=True rho=1.000e-01 rp=0.000e+00 (<= 1.002e-02) rd=2.328e-11 (<= 1.000e-02) Rho0 1.000e-01
SQP Iteration 0 Feas 74.80137634277344 (<= 0.009999999776482582) Step 74.80137634277344 (<= 9.999999747378752e-05)
Time taken for MPC:  0.015408945269882679
ADMM done: Total Iterations=1 converged=True rho=1.000e-01 rp=0.000e+00 (<= 1.002e-02) rd=2.390e-04 (<= 1.000e-02) Rho0 1.000e-01
ADMM done: Total Iterations=1 converged=True rho=1.000e-01 rp=0.000e+00 (<= 1.002e-02) rd=2.328e-11 (<= 1.000e-02) Rho0 1.000e-01
SQP Iteration 0 Feas 73.02619934082031 (<= 0.009999999776482582) Step 73.02619934082031 (<= 9.999999747378752e-05)
Time taken for MPC:  0.01612090691924095
ADMM done: Total Iterations=1 converged=True rho=1.000e-01 rp=0.000e+00 (<= 1.002e-02) rd=2.038e-04 (<= 1.000e-02) Rho0 1.000e-01
ADMM done: Total Iterations=1 converged=True rho=1.000e-01 rp=0.000e+00 (<= 1.002e-02) rd=2.328e-11 (<= 1.000e-02) Rho0 1.000e-01
SQP Iteration 0 Feas 70.92387390136719 (<= 0.009999999776482582) Step 70.92387390136719 (<= 9.999999747378752e-05)
Time taken for MPC:  0.015400610864162445
ADMM done: Total Iterations=1 converged=True rho=1.000e-01 rp=0.000e+00 (<= 1.002e-02) rd=2.193e-04 (<= 1.000e-02) Rho0 1.000e-01
ADMM done: Total Iterations=1 converged=True rho=1.000e-01 rp=0.000e+00 (<= 1.002e-02) rd=1.164e-11 (<= 1.000e-02) Rho0 1.000e-01
SQP Iteration 0 Feas 56.9937858581543 (<= 0.009999999776482582) Step 56.9937858581543 (<= 9.999999747378752e-05)
Time taken for MPC:  0.01522368611767888
ADMM done: Total Iterations=1 converged=True rho=1.000e-01 rp=0.000e+00 (<= 1.003e-02) rd=1.905e-04 (<= 1.000e-02) Rho0 1.000e-01
ADMM done: Total Iterations=1 converged=True rho=1.000e-01 rp=0.000e+00 (<= 1.003e-02) rd=3.492e-11 (<= 1.000e-02) Rho0 1.000e-01
SQP Iteration 0 Feas 194.95230102539062 (<= 0.009999999776482582) Step 194.95230102539062 (<= 9.999999747378752e-05)
Time taken for MPC:  0.01720130769535899
ADMM done: Total Iterations=1 converged=True rho=1.000e-01 rp=0.000e+00 (<= 1.002e-02) rd=2.952e-04 (<= 1.000e-02) Rho0 1.000e-01
ADMM done: Total Iterations=1 converged=True rho=1.000e-01 rp=0.000e+00 (<= 1.002e-02) rd=3.201e-11 (<= 1.000e-02) Rho0 1.000e-01
SQP Iteration 0 Feas 185.910888671875 (<= 0.009999999776482582) Step 185.910888671875 (<= 9.999999747378752e-05)
Time taken for MPC:  0.017008207738399506
ADMM done: Total Iterations=1 converged=True rho=1.000e-01 rp=0.000e+00 (<= 1.002e-02) rd=2.642e-04 (<= 1.000e-02) Rho0 1.000e-01
ADMM done: Total Iterations=1 converged=True rho=1.000e-01 rp=0.000e+00 (<= 1.002e-02) rd=2.619e-11 (<= 1.000e-02) Rho0 1.000e-01
SQP Iteration 0 Feas 141.02647399902344 (<= 0.009999999776482582) Step 141.02647399902344 (<= 9.999999747378752e-05)
Time taken for MPC:  0.015551518183201551
ADMM done: Total Iterations=1 converged=True rho=1.000e-01 rp=0.000e+00 (<= 1.002e-02) rd=1.913e-04 (<= 1.000e-02) Rho0 1.000e-01
ADMM done: Total Iterations=1 converged=True rho=1.000e-01 rp=0.000e+00 (<= 1.002e-02) rd=2.328e-11 (<= 1.000e-02) Rho0 1.000e-01
SQP Iteration 0 Feas 90.95435333251953 (<= 0.009999999776482582) Step 90.95435333251953 (<= 9.999999747378752e-05)
Time taken for MPC:  0.015381800942122936
ADMM done: Total Iterations=1 converged=True rho=1.000e-01 rp=0.000e+00 (<= 1.002e-02) rd=1.884e-04 (<= 1.000e-02) Rho0 1.000e-01
ADMM done: Total Iterations=1 converged=True rho=1.000e-01 rp=0.000e+00 (<= 1.002e-02) rd=5.821e-12 (<= 1.000e-02) Rho0 1.000e-01
SQP Iteration 0 Feas 67.61244201660156 (<= 0.009999999776482582) Step 67.61244201660156 (<= 9.999999747378752e-05)
Time taken for MPC:  0.014644867274910212
ADMM done: Total Iterations=1 converged=True rho=1.000e-01 rp=0.000e+00 (<= 1.002e-02) rd=1.990e-04 (<= 1.000e-02) Rho0 1.000e-01
ADMM done: Total Iterations=1 converged=True rho=1.000e-01 rp=0.000e+00 (<= 1.002e-02) rd=1.164e-11 (<= 1.000e-02) Rho0 1.000e-01
SQP Iteration 0 Feas 60.992042541503906 (<= 0.009999999776482582) Step 60.992042541503906 (<= 9.999999747378752e-05)
Time taken for MPC:  0.015890964772552252
ADMM done: Total Iterations=1 converged=True rho=1.000e-01 rp=0.000e+00 (<= 1.002e-02) rd=1.995e-04 (<= 1.000e-02) Rho0 1.000e-01
ADMM done: Total Iterations=1 converged=True rho=1.000e-01 rp=0.000e+00 (<= 1.002e-02) rd=2.328e-11 (<= 1.000e-02) Rho0 1.000e-01
SQP Iteration 0 Feas 58.16611862182617 (<= 0.009999999776482582) Step 58.16611862182617 (<= 9.999999747378752e-05)
Time taken for MPC:  0.015621990896761417
ADMM done: Total Iterations=1 converged=True rho=1.000e-01 rp=0.000e+00 (<= 1.002e-02) rd=1.997e-04 (<= 1.000e-02) Rho0 1.000e-01
ADMM done: Total Iterations=1 converged=True rho=1.000e-01 rp=0.000e+00 (<= 1.002e-02) rd=1.164e-11 (<= 1.000e-02) Rho0 1.000e-01
SQP Iteration 0 Feas 56.32588577270508 (<= 0.009999999776482582) Step 56.32588577270508 (<= 9.999999747378752e-05)
Time taken for MPC:  0.015546249225735664
ADMM done: Total Iterations=1 converged=True rho=1.000e-01 rp=0.000e+00 (<= 1.002e-02) rd=2.002e-04 (<= 1.000e-02) Rho0 1.000e-01
ADMM done: Total Iterations=1 converged=True rho=1.000e-01 rp=0.000e+00 (<= 1.002e-02) rd=1.164e-11 (<= 1.000e-02) Rho0 1.000e-01
SQP Iteration 0 Feas 54.2340087890625 (<= 0.009999999776482582) Step 54.2340087890625 (<= 9.999999747378752e-05)
Time taken for MPC:  0.01644128793850541
ADMM done: Total Iterations=1 converged=True rho=1.000e-01 rp=0.000e+00 (<= 1.002e-02) rd=1.993e-04 (<= 1.000e-02) Rho0 1.000e-01
ADMM done: Total Iterations=1 converged=True rho=1.000e-01 rp=0.000e+00 (<= 1.002e-02) rd=5.821e-12 (<= 1.000e-02) Rho0 1.000e-01
SQP Iteration 0 Feas 58.057525634765625 (<= 0.009999999776482582) Step 58.057525634765625 (<= 9.999999747378752e-05)
Time taken for MPC:  0.015565008856356144
ADMM done: Total Iterations=1 converged=True rho=1.000e-01 rp=0.000e+00 (<= 1.002e-02) rd=1.630e-04 (<= 1.000e-02) Rho0 1.000e-01
ADMM done: Total Iterations=1 converged=True rho=1.000e-01 rp=0.000e+00 (<= 1.002e-02) rd=1.164e-11 (<= 1.000e-02) Rho0 1.000e-01
SQP Iteration 0 Feas 100.48345947265625 (<= 0.009999999776482582) Step 100.48345947265625 (<= 9.999999747378752e-05)
Time taken for MPC:  0.015511461067944765
ADMM done: Total Iterations=1 converged=True rho=1.000e-01 rp=0.000e+00 (<= 1.002e-02) rd=2.468e-04 (<= 1.000e-02) Rho0 1.000e-01
ADMM done: Total Iterations=1 converged=True rho=1.000e-01 rp=0.000e+00 (<= 1.002e-02) rd=1.164e-11 (<= 1.000e-02) Rho0 1.000e-01
SQP Iteration 0 Feas 166.0855712890625 (<= 0.009999999776482582) Step 166.0855712890625 (<= 9.999999747378752e-05)
Time taken for MPC:  0.01567750284448266
ADMM done: Total Iterations=1 converged=True rho=1.000e-01 rp=0.000e+00 (<= 1.002e-02) rd=2.023e-04 (<= 1.000e-02) Rho0 1.000e-01
ADMM done: Total Iterations=1 converged=True rho=1.000e-01 rp=0.000e+00 (<= 1.002e-02) rd=5.821e-12 (<= 1.000e-02) Rho0 1.000e-01
SQP Iteration 0 Feas 177.750732421875 (<= 0.009999999776482582) Step 177.750732421875 (<= 9.999999747378752e-05)
Time taken for MPC:  0.01597118191421032
ADMM done: Total Iterations=1 converged=True rho=1.000e-01 rp=0.000e+00 (<= 1.002e-02) rd=1.857e-04 (<= 1.000e-02) Rho0 1.000e-01
ADMM done: Total Iterations=1 converged=True rho=1.000e-01 rp=0.000e+00 (<= 1.002e-02) rd=1.164e-11 (<= 1.000e-02) Rho0 1.000e-01
SQP Iteration 0 Feas 147.8477783203125 (<= 0.009999999776482582) Step 147.8477783203125 (<= 9.999999747378752e-05)
Time taken for MPC:  0.015567183028906584
ADMM done: Total Iterations=1 converged=True rho=1.000e-01 rp=0.000e+00 (<= 1.002e-02) rd=2.013e-04 (<= 1.000e-02) Rho0 1.000e-01
ADMM done: Total Iterations=1 converged=True rho=1.000e-01 rp=0.000e+00 (<= 1.002e-02) rd=1.164e-11 (<= 1.000e-02) Rho0 1.000e-01
SQP Iteration 0 Feas 102.35458374023438 (<= 0.009999999776482582) Step 102.35458374023438 (<= 9.999999747378752e-05)
Time taken for MPC:  0.015879003331065178
ADMM done: Total Iterations=1 converged=True rho=1.000e-01 rp=0.000e+00 (<= 1.002e-02) rd=2.079e-04 (<= 1.000e-02) Rho0 1.000e-01
ADMM done: Total Iterations=1 converged=True rho=1.000e-01 rp=0.000e+00 (<= 1.002e-02) rd=1.164e-11 (<= 1.000e-02) Rho0 1.000e-01
SQP Iteration 0 Feas 74.98143768310547 (<= 0.009999999776482582) Step 74.98143768310547 (<= 9.999999747378752e-05)
Time taken for MPC:  0.01581900892779231
ADMM done: Total Iterations=1 converged=True rho=1.000e-01 rp=0.000e+00 (<= 1.002e-02) rd=2.243e-04 (<= 1.000e-02) Rho0 1.000e-01
ADMM done: Total Iterations=1 converged=True rho=1.000e-01 rp=0.000e+00 (<= 1.002e-02) rd=6.003e-12 (<= 1.000e-02) Rho0 1.000e-01
SQP Iteration 0 Feas 67.76889038085938 (<= 0.009999999776482582) Step 67.76889038085938 (<= 9.999999747378752e-05)
Time taken for MPC:  0.01593997608870268
ADMM done: Total Iterations=1 converged=True rho=1.000e-01 rp=0.000e+00 (<= 1.002e-02) rd=2.290e-04 (<= 1.000e-02) Rho0 1.000e-01
ADMM done: Total Iterations=1 converged=True rho=1.000e-01 rp=0.000e+00 (<= 1.002e-02) rd=4.657e-11 (<= 1.000e-02) Rho0 1.000e-01
SQP Iteration 0 Feas 68.92595672607422 (<= 0.009999999776482582) Step 68.92595672607422 (<= 9.999999747378752e-05)
Time taken for MPC:  0.01640361687168479
ADMM done: Total Iterations=1 converged=True rho=1.000e-01 rp=0.000e+00 (<= 1.003e-02) rd=2.194e-04 (<= 1.000e-02) Rho0 1.000e-01
ADMM done: Total Iterations=1 converged=True rho=1.000e-01 rp=0.000e+00 (<= 1.003e-02) rd=8.731e-12 (<= 1.000e-02) Rho0 1.000e-01
SQP Iteration 0 Feas 69.32738494873047 (<= 0.009999999776482582) Step 69.32738494873047 (<= 9.999999747378752e-05)
Time taken for MPC:  0.014786221086978912
ADMM done: Total Iterations=1 converged=True rho=1.000e-01 rp=0.000e+00 (<= 1.003e-02) rd=2.361e-04 (<= 1.000e-02) Rho0 1.000e-01
ADMM done: Total Iterations=1 converged=True rho=1.000e-01 rp=0.000e+00 (<= 1.003e-02) rd=8.731e-12 (<= 1.000e-02) Rho0 1.000e-01
SQP Iteration 0 Feas 72.14251708984375 (<= 0.009999999776482582) Step 72.14251708984375 (<= 9.999999747378752e-05)
Time taken for MPC:  0.015897816978394985
ADMM done: Total Iterations=1 converged=True rho=1.000e-01 rp=0.000e+00 (<= 1.003e-02) rd=2.284e-04 (<= 1.000e-02) Rho0 1.000e-01
ADMM done: Total Iterations=1 converged=True rho=1.000e-01 rp=0.000e+00 (<= 1.003e-02) rd=2.328e-11 (<= 1.000e-02) Rho0 1.000e-01
SQP Iteration 0 Feas 71.88858795166016 (<= 0.009999999776482582) Step 71.88858795166016 (<= 9.999999747378752e-05)
Time taken for MPC:  0.016836585011333227
ADMM done: Total Iterations=1 converged=True rho=1.000e-01 rp=0.000e+00 (<= 1.003e-02) rd=2.323e-04 (<= 1.000e-02) Rho0 1.000e-01
ADMM done: Total Iterations=1 converged=True rho=1.000e-01 rp=0.000e+00 (<= 1.003e-02) rd=8.731e-12 (<= 1.000e-02) Rho0 1.000e-01
SQP Iteration 0 Feas 73.52021789550781 (<= 0.009999999776482582) Step 73.52021789550781 (<= 9.999999747378752e-05)
Time taken for MPC:  0.01705889403820038
ADMM done: Total Iterations=1 converged=True rho=1.000e-01 rp=0.000e+00 (<= 1.003e-02) rd=2.165e-04 (<= 1.000e-02) Rho0 1.000e-01
ADMM done: Total Iterations=1 converged=True rho=1.000e-01 rp=0.000e+00 (<= 1.003e-02) rd=1.164e-11 (<= 1.000e-02) Rho0 1.000e-01
SQP Iteration 0 Feas 72.31192779541016 (<= 0.009999999776482582) Step 72.31192779541016 (<= 9.999999747378752e-05)
Time taken for MPC:  0.015457836911082268
ADMM done: Total Iterations=1 converged=True rho=1.000e-01 rp=0.000e+00 (<= 1.003e-02) rd=2.808e-04 (<= 1.000e-02) Rho0 1.000e-01
ADMM done: Total Iterations=1 converged=True rho=1.000e-01 rp=0.000e+00 (<= 1.003e-02) rd=8.731e-12 (<= 1.000e-02) Rho0 1.000e-01
SQP Iteration 0 Feas 73.70576477050781 (<= 0.009999999776482582) Step 73.70576477050781 (<= 9.999999747378752e-05)
Time taken for MPC:  0.015624431893229485
ADMM done: Total Iterations=1 converged=True rho=1.000e-01 rp=0.000e+00 (<= 1.003e-02) rd=2.026e-04 (<= 1.000e-02) Rho0 1.000e-01
ADMM done: Total Iterations=1 converged=True rho=1.000e-01 rp=0.000e+00 (<= 1.003e-02) rd=2.328e-11 (<= 1.000e-02) Rho0 1.000e-01
SQP Iteration 0 Feas 71.12248229980469 (<= 0.009999999776482582) Step 71.12248229980469 (<= 9.999999747378752e-05)
Time taken for MPC:  0.015767290722578764
ADMM done: Total Iterations=1 converged=True rho=1.000e-01 rp=0.000e+00 (<= 1.003e-02) rd=2.807e-04 (<= 1.000e-02) Rho0 1.000e-01
ADMM done: Total Iterations=1 converged=True rho=1.000e-01 rp=0.000e+00 (<= 1.003e-02) rd=4.657e-11 (<= 1.000e-02) Rho0 1.000e-01
SQP Iteration 0 Feas 73.28506469726562 (<= 0.009999999776482582) Step 73.28506469726562 (<= 9.999999747378752e-05)
Time taken for MPC:  0.016172844916582108
ADMM done: Total Iterations=1 converged=True rho=1.000e-01 rp=0.000e+00 (<= 1.003e-02) rd=2.453e-04 (<= 1.000e-02) Rho0 1.000e-01
ADMM done: Total Iterations=1 converged=True rho=1.000e-01 rp=0.000e+00 (<= 1.003e-02) rd=2.328e-11 (<= 1.000e-02) Rho0 1.000e-01
SQP Iteration 0 Feas 72.3494873046875 (<= 0.009999999776482582) Step 72.3494873046875 (<= 9.999999747378752e-05)
Time taken for MPC:  0.01589625235646963
ADMM done: Total Iterations=1 converged=True rho=1.000e-01 rp=0.000e+00 (<= 1.003e-02) rd=2.811e-04 (<= 1.000e-02) Rho0 1.000e-01
ADMM done: Total Iterations=1 converged=True rho=1.000e-01 rp=0.000e+00 (<= 1.003e-02) rd=2.328e-11 (<= 1.000e-02) Rho0 1.000e-01
SQP Iteration 0 Feas 86.24983978271484 (<= 0.009999999776482582) Step 73.71370697021484 (<= 9.999999747378752e-05)
Time taken for MPC:  0.01547121163457632
ADMM done: Total Iterations=1 converged=True rho=1.000e-01 rp=0.000e+00 (<= 1.003e-02) rd=2.727e-04 (<= 1.000e-02) Rho0 1.000e-01
ADMM done: Total Iterations=1 converged=True rho=1.000e-01 rp=0.000e+00 (<= 1.003e-02) rd=2.328e-11 (<= 1.000e-02) Rho0 1.000e-01
SQP Iteration 0 Feas 73.17760467529297 (<= 0.009999999776482582) Step 73.17760467529297 (<= 9.999999747378752e-05)
Time taken for MPC:  0.015454008243978024
ADMM done: Total Iterations=1 converged=True rho=1.000e-01 rp=0.000e+00 (<= 1.003e-02) rd=2.640e-04 (<= 1.000e-02) Rho0 1.000e-01
ADMM done: Total Iterations=1 converged=True rho=1.000e-01 rp=0.000e+00 (<= 1.003e-02) rd=1.164e-11 (<= 1.000e-02) Rho0 1.000e-01
SQP Iteration 0 Feas 74.6431884765625 (<= 0.009999999776482582) Step 74.6431884765625 (<= 9.999999747378752e-05)
Time taken for MPC:  0.015409109182655811
ADMM done: Total Iterations=1 converged=True rho=1.000e-01 rp=0.000e+00 (<= 1.003e-02) rd=2.601e-04 (<= 1.000e-02) Rho0 1.000e-01
ADMM done: Total Iterations=1 converged=True rho=1.000e-01 rp=0.000e+00 (<= 1.003e-02) rd=4.657e-11 (<= 1.000e-02) Rho0 1.000e-01
SQP Iteration 0 Feas 74.8933334350586 (<= 0.009999999776482582) Step 74.8933334350586 (<= 9.999999747378752e-05)
Time taken for MPC:  0.015804741997271776
ADMM done: Total Iterations=1 converged=True rho=1.000e-01 rp=0.000e+00 (<= 1.003e-02) rd=2.236e-04 (<= 1.000e-02) Rho0 1.000e-01
ADMM done: Total Iterations=1 converged=True rho=1.000e-01 rp=0.000e+00 (<= 1.003e-02) rd=8.731e-12 (<= 1.000e-02) Rho0 1.000e-01
SQP Iteration 0 Feas 75.3105697631836 (<= 0.009999999776482582) Step 75.3105697631836 (<= 9.999999747378752e-05)
Time taken for MPC:  0.01615014486014843
ADMM done: Total Iterations=1 converged=True rho=1.000e-01 rp=0.000e+00 (<= 1.003e-02) rd=1.650e-04 (<= 1.000e-02) Rho0 1.000e-01
ADMM done: Total Iterations=1 converged=True rho=1.000e-01 rp=0.000e+00 (<= 1.003e-02) rd=2.328e-11 (<= 1.000e-02) Rho0 1.000e-01
SQP Iteration 0 Feas 73.9812240600586 (<= 0.009999999776482582) Step 73.9812240600586 (<= 9.999999747378752e-05)
Time taken for MPC:  0.016069080214947462
ADMM done: Total Iterations=1 converged=True rho=1.000e-01 rp=0.000e+00 (<= 1.002e-02) rd=3.000e-04 (<= 1.000e-02) Rho0 1.000e-01
ADMM done: Total Iterations=1 converged=True rho=1.000e-01 rp=0.000e+00 (<= 1.002e-02) rd=2.328e-11 (<= 1.000e-02) Rho0 1.000e-01
SQP Iteration 0 Feas 75.82504272460938 (<= 0.009999999776482582) Step 75.82504272460938 (<= 9.999999747378752e-05)
Time taken for MPC:  0.016022331081330776
ADMM done: Total Iterations=1 converged=True rho=1.000e-01 rp=0.000e+00 (<= 1.002e-02) rd=2.271e-04 (<= 1.000e-02) Rho0 1.000e-01
ADMM done: Total Iterations=1 converged=True rho=1.000e-01 rp=0.000e+00 (<= 1.002e-02) rd=2.328e-11 (<= 1.000e-02) Rho0 1.000e-01
SQP Iteration 0 Feas 74.65813446044922 (<= 0.009999999776482582) Step 74.65813446044922 (<= 9.999999747378752e-05)
Time taken for MPC:  0.016547870822250843
ADMM done: Total Iterations=1 converged=True rho=1.000e-01 rp=0.000e+00 (<= 1.002e-02) rd=2.038e-04 (<= 1.000e-02) Rho0 1.000e-01
ADMM done: Total Iterations=1 converged=True rho=1.000e-01 rp=0.000e+00 (<= 1.002e-02) rd=1.164e-11 (<= 1.000e-02) Rho0 1.000e-01
SQP Iteration 0 Feas 73.05558013916016 (<= 0.009999999776482582) Step 73.05558013916016 (<= 9.999999747378752e-05)
Time taken for MPC:  0.015629922039806843
ADMM done: Total Iterations=1 converged=True rho=1.000e-01 rp=0.000e+00 (<= 1.002e-02) rd=2.187e-04 (<= 1.000e-02) Rho0 1.000e-01
ADMM done: Total Iterations=1 converged=True rho=1.000e-01 rp=0.000e+00 (<= 1.002e-02) rd=2.328e-11 (<= 1.000e-02) Rho0 1.000e-01
SQP Iteration 0 Feas 58.995704650878906 (<= 0.009999999776482582) Step 58.995704650878906 (<= 9.999999747378752e-05)
Time taken for MPC:  0.015342279803007841
ADMM done: Total Iterations=1 converged=True rho=1.000e-01 rp=0.000e+00 (<= 1.003e-02) rd=1.609e-04 (<= 1.000e-02) Rho0 1.000e-01
ADMM done: Total Iterations=1 converged=True rho=1.000e-01 rp=0.000e+00 (<= 1.003e-02) rd=2.328e-11 (<= 1.000e-02) Rho0 1.000e-01
SQP Iteration 0 Feas 175.88238525390625 (<= 0.009999999776482582) Step 175.88238525390625 (<= 9.999999747378752e-05)
Time taken for MPC:  0.015486502088606358
ADMM done: Total Iterations=1 converged=True rho=1.000e-01 rp=0.000e+00 (<= 1.002e-02) rd=2.853e-04 (<= 1.000e-02) Rho0 1.000e-01
ADMM done: Total Iterations=1 converged=True rho=1.000e-01 rp=0.000e+00 (<= 1.002e-02) rd=4.657e-11 (<= 1.000e-02) Rho0 1.000e-01
SQP Iteration 0 Feas 165.9777069091797 (<= 0.009999999776482582) Step 165.9777069091797 (<= 9.999999747378752e-05)
Time taken for MPC:  0.015622192062437534
ADMM done: Total Iterations=1 converged=True rho=1.000e-01 rp=0.000e+00 (<= 1.002e-02) rd=2.562e-04 (<= 1.000e-02) Rho0 1.000e-01
ADMM done: Total Iterations=1 converged=True rho=1.000e-01 rp=0.000e+00 (<= 1.002e-02) rd=2.328e-11 (<= 1.000e-02) Rho0 1.000e-01
SQP Iteration 0 Feas 125.9545669555664 (<= 0.009999999776482582) Step 125.9545669555664 (<= 9.999999747378752e-05)
Time taken for MPC:  0.015992020722478628
ADMM done: Total Iterations=1 converged=True rho=1.000e-01 rp=0.000e+00 (<= 1.002e-02) rd=1.918e-04 (<= 1.000e-02) Rho0 1.000e-01
ADMM done: Total Iterations=1 converged=True rho=1.000e-01 rp=0.000e+00 (<= 1.002e-02) rd=1.164e-11 (<= 1.000e-02) Rho0 1.000e-01
SQP Iteration 0 Feas 82.80064392089844 (<= 0.009999999776482582) Step 82.80064392089844 (<= 9.999999747378752e-05)
Time taken for MPC:  0.017193954903632402
ADMM done: Total Iterations=1 converged=True rho=1.000e-01 rp=0.000e+00 (<= 1.002e-02) rd=1.989e-04 (<= 1.000e-02) Rho0 1.000e-01
ADMM done: Total Iterations=1 converged=True rho=1.000e-01 rp=0.000e+00 (<= 1.002e-02) rd=2.328e-11 (<= 1.000e-02) Rho0 1.000e-01
SQP Iteration 0 Feas 62.79864501953125 (<= 0.009999999776482582) Step 62.79864501953125 (<= 9.999999747378752e-05)
Time taken for MPC:  0.015658780932426453
ADMM done: Total Iterations=1 converged=True rho=1.000e-01 rp=0.000e+00 (<= 1.002e-02) rd=2.014e-04 (<= 1.000e-02) Rho0 1.000e-01
ADMM done: Total Iterations=1 converged=True rho=1.000e-01 rp=0.000e+00 (<= 1.002e-02) rd=5.821e-12 (<= 1.000e-02) Rho0 1.000e-01
SQP Iteration 0 Feas 57.16264343261719 (<= 0.009999999776482582) Step 57.16264343261719 (<= 9.999999747378752e-05)
Time taken for MPC:  0.015416617039591074
ADMM done: Total Iterations=1 converged=True rho=1.000e-01 rp=0.000e+00 (<= 1.002e-02) rd=2.026e-04 (<= 1.000e-02) Rho0 1.000e-01
ADMM done: Total Iterations=1 converged=True rho=1.000e-01 rp=0.000e+00 (<= 1.002e-02) rd=2.328e-11 (<= 1.000e-02) Rho0 1.000e-01
SQP Iteration 0 Feas 55.191829681396484 (<= 0.009999999776482582) Step 55.191829681396484 (<= 9.999999747378752e-05)
Time taken for MPC:  0.015998851042240858
ADMM done: Total Iterations=1 converged=True rho=1.000e-01 rp=0.000e+00 (<= 1.002e-02) rd=2.021e-04 (<= 1.000e-02) Rho0 1.000e-01
ADMM done: Total Iterations=1 converged=True rho=1.000e-01 rp=0.000e+00 (<= 1.002e-02) rd=2.328e-11 (<= 1.000e-02) Rho0 1.000e-01
SQP Iteration 0 Feas 53.8010368347168 (<= 0.009999999776482582) Step 53.8010368347168 (<= 9.999999747378752e-05)
Time taken for MPC:  0.016054224222898483
ADMM done: Total Iterations=1 converged=True rho=1.000e-01 rp=0.000e+00 (<= 1.002e-02) rd=2.036e-04 (<= 1.000e-02) Rho0 1.000e-01
ADMM done: Total Iterations=1 converged=True rho=1.000e-01 rp=0.000e+00 (<= 1.002e-02) rd=2.328e-11 (<= 1.000e-02) Rho0 1.000e-01
SQP Iteration 0 Feas 52.986202239990234 (<= 0.009999999776482582) Step 52.986202239990234 (<= 9.999999747378752e-05)
Time taken for MPC:  0.015093239024281502
ADMM done: Total Iterations=1 converged=True rho=1.000e-01 rp=0.000e+00 (<= 1.002e-02) rd=1.994e-04 (<= 1.000e-02) Rho0 1.000e-01
ADMM done: Total Iterations=1 converged=True rho=1.000e-01 rp=0.000e+00 (<= 1.002e-02) rd=5.821e-12 (<= 1.000e-02) Rho0 1.000e-01
SQP Iteration 0 Feas 61.390968322753906 (<= 0.009999999776482582) Step 61.390968322753906 (<= 9.999999747378752e-05)
Time taken for MPC:  0.015707239042967558
ADMM done: Total Iterations=1 converged=True rho=1.000e-01 rp=0.000e+00 (<= 1.002e-02) rd=1.629e-04 (<= 1.000e-02) Rho0 1.000e-01
ADMM done: Total Iterations=1 converged=True rho=1.000e-01 rp=0.000e+00 (<= 1.002e-02) rd=2.328e-11 (<= 1.000e-02) Rho0 1.000e-01
SQP Iteration 0 Feas 102.14736938476562 (<= 0.009999999776482582) Step 102.14736938476562 (<= 9.999999747378752e-05)
Time taken for MPC:  0.015058470889925957
ADMM done: Total Iterations=1 converged=True rho=1.000e-01 rp=0.000e+00 (<= 1.002e-02) rd=2.647e-04 (<= 1.000e-02) Rho0 1.000e-01
ADMM done: Total Iterations=1 converged=True rho=1.000e-01 rp=0.000e+00 (<= 1.002e-02) rd=4.657e-11 (<= 1.000e-02) Rho0 1.000e-01
SQP Iteration 0 Feas 165.89962768554688 (<= 0.009999999776482582) Step 165.89962768554688 (<= 9.999999747378752e-05)
Time taken for MPC:  0.014998148195445538
ADMM done: Total Iterations=1 converged=True rho=1.000e-01 rp=0.000e+00 (<= 1.002e-02) rd=1.862e-04 (<= 1.000e-02) Rho0 1.000e-01
ADMM done: Total Iterations=1 converged=True rho=1.000e-01 rp=0.000e+00 (<= 1.002e-02) rd=1.164e-11 (<= 1.000e-02) Rho0 1.000e-01
SQP Iteration 0 Feas 172.028076171875 (<= 0.009999999776482582) Step 172.028076171875 (<= 9.999999747378752e-05)
Time taken for MPC:  0.015065670013427734
ADMM done: Total Iterations=1 converged=True rho=1.000e-01 rp=0.000e+00 (<= 1.002e-02) rd=1.918e-04 (<= 1.000e-02) Rho0 1.000e-01
ADMM done: Total Iterations=1 converged=True rho=1.000e-01 rp=0.000e+00 (<= 1.002e-02) rd=5.821e-12 (<= 1.000e-02) Rho0 1.000e-01
SQP Iteration 0 Feas 134.84347534179688 (<= 0.009999999776482582) Step 134.84347534179688 (<= 9.999999747378752e-05)
Time taken for MPC:  0.016101525630801916
ADMM done: Total Iterations=1 converged=True rho=1.000e-01 rp=0.000e+00 (<= 1.002e-02) rd=2.122e-04 (<= 1.000e-02) Rho0 1.000e-01
ADMM done: Total Iterations=1 converged=True rho=1.000e-01 rp=0.000e+00 (<= 1.002e-02) rd=5.821e-12 (<= 1.000e-02) Rho0 1.000e-01
SQP Iteration 0 Feas 93.60636901855469 (<= 0.009999999776482582) Step 93.60636901855469 (<= 9.999999747378752e-05)
Time taken for MPC:  0.01567395031452179
ADMM done: Total Iterations=1 converged=True rho=1.000e-01 rp=0.000e+00 (<= 1.003e-02) rd=2.201e-04 (<= 1.000e-02) Rho0 1.000e-01
ADMM done: Total Iterations=1 converged=True rho=1.000e-01 rp=0.000e+00 (<= 1.003e-02) rd=2.328e-11 (<= 1.000e-02) Rho0 1.000e-01
SQP Iteration 0 Feas 73.51702117919922 (<= 0.009999999776482582) Step 73.51702117919922 (<= 9.999999747378752e-05)
Time taken for MPC:  0.015543176792562008
ADMM done: Total Iterations=1 converged=True rho=1.000e-01 rp=0.000e+00 (<= 1.003e-02) rd=2.292e-04 (<= 1.000e-02) Rho0 1.000e-01
ADMM done: Total Iterations=1 converged=True rho=1.000e-01 rp=0.000e+00 (<= 1.003e-02) rd=4.657e-11 (<= 1.000e-02) Rho0 1.000e-01
SQP Iteration 0 Feas 68.89649200439453 (<= 0.009999999776482582) Step 68.89649200439453 (<= 9.999999747378752e-05)
Time taken for MPC:  0.016380605287849903
ADMM done: Total Iterations=1 converged=True rho=1.000e-01 rp=0.000e+00 (<= 1.003e-02) rd=2.336e-04 (<= 1.000e-02) Rho0 1.000e-01
ADMM done: Total Iterations=1 converged=True rho=1.000e-01 rp=0.000e+00 (<= 1.003e-02) rd=2.328e-11 (<= 1.000e-02) Rho0 1.000e-01
SQP Iteration 0 Feas 70.4371566772461 (<= 0.009999999776482582) Step 70.4371566772461 (<= 9.999999747378752e-05)
Time taken for MPC:  0.01506501017138362
ADMM done: Total Iterations=1 converged=True rho=1.000e-01 rp=0.000e+00 (<= 1.003e-02) rd=2.346e-04 (<= 1.000e-02) Rho0 1.000e-01
ADMM done: Total Iterations=1 converged=True rho=1.000e-01 rp=0.000e+00 (<= 1.003e-02) rd=2.328e-11 (<= 1.000e-02) Rho0 1.000e-01
SQP Iteration 0 Feas 70.64887237548828 (<= 0.009999999776482582) Step 70.64887237548828 (<= 9.999999747378752e-05)
Time taken for MPC:  0.015207772143185139
ADMM done: Total Iterations=1 converged=True rho=1.000e-01 rp=0.000e+00 (<= 1.003e-02) rd=2.461e-04 (<= 1.000e-02) Rho0 1.000e-01
ADMM done: Total Iterations=1 converged=True rho=1.000e-01 rp=0.000e+00 (<= 1.003e-02) rd=2.328e-11 (<= 1.000e-02) Rho0 1.000e-01
SQP Iteration 0 Feas 73.18428039550781 (<= 0.009999999776482582) Step 73.18428039550781 (<= 9.999999747378752e-05)
Time taken for MPC:  0.014899879228323698
ADMM done: Total Iterations=1 converged=True rho=1.000e-01 rp=0.000e+00 (<= 1.003e-02) rd=2.403e-04 (<= 1.000e-02) Rho0 1.000e-01
ADMM done: Total Iterations=1 converged=True rho=1.000e-01 rp=0.000e+00 (<= 1.003e-02) rd=2.328e-11 (<= 1.000e-02) Rho0 1.000e-01
SQP Iteration 0 Feas 72.68031311035156 (<= 0.009999999776482582) Step 72.68031311035156 (<= 9.999999747378752e-05)
Time taken for MPC:  0.015018211212009192
ADMM done: Total Iterations=1 converged=True rho=1.000e-01 rp=0.000e+00 (<= 1.003e-02) rd=2.272e-04 (<= 1.000e-02) Rho0 1.000e-01
ADMM done: Total Iterations=1 converged=True rho=1.000e-01 rp=0.000e+00 (<= 1.003e-02) rd=2.328e-11 (<= 1.000e-02) Rho0 1.000e-01
SQP Iteration 0 Feas 73.8060302734375 (<= 0.009999999776482582) Step 73.8060302734375 (<= 9.999999747378752e-05)
Time taken for MPC:  0.01632472313940525
ADMM done: Total Iterations=1 converged=True rho=1.000e-01 rp=0.000e+00 (<= 1.003e-02) rd=2.633e-04 (<= 1.000e-02) Rho0 1.000e-01
ADMM done: Total Iterations=1 converged=True rho=1.000e-01 rp=0.000e+00 (<= 1.003e-02) rd=1.164e-11 (<= 1.000e-02) Rho0 1.000e-01
SQP Iteration 0 Feas 72.6685791015625 (<= 0.009999999776482582) Step 72.6685791015625 (<= 9.999999747378752e-05)
Time taken for MPC:  0.01577413361519575
ADMM done: Total Iterations=1 converged=True rho=1.000e-01 rp=0.000e+00 (<= 1.003e-02) rd=2.445e-04 (<= 1.000e-02) Rho0 1.000e-01
ADMM done: Total Iterations=1 converged=True rho=1.000e-01 rp=0.000e+00 (<= 1.003e-02) rd=2.328e-11 (<= 1.000e-02) Rho0 1.000e-01
SQP Iteration 0 Feas 72.4987564086914 (<= 0.009999999776482582) Step 72.4987564086914 (<= 9.999999747378752e-05)
Time taken for MPC:  0.016427140217274427
ADMM done: Total Iterations=1 converged=True rho=1.000e-01 rp=0.000e+00 (<= 1.004e-02) rd=2.558e-04 (<= 1.000e-02) Rho0 1.000e-01
ADMM done: Total Iterations=1 converged=True rho=1.000e-01 rp=0.000e+00 (<= 1.004e-02) rd=2.328e-11 (<= 1.000e-02) Rho0 1.000e-01
SQP Iteration 0 Feas 70.88954162597656 (<= 0.009999999776482582) Step 70.88954162597656 (<= 9.999999747378752e-05)
Time taken for MPC:  0.015893043018877506
ADMM done: Total Iterations=1 converged=True rho=1.000e-01 rp=0.000e+00 (<= 1.004e-02) rd=2.681e-04 (<= 1.000e-02) Rho0 1.000e-01
ADMM done: Total Iterations=1 converged=True rho=1.000e-01 rp=0.000e+00 (<= 1.004e-02) rd=2.328e-11 (<= 1.000e-02) Rho0 1.000e-01
SQP Iteration 0 Feas 72.6826171875 (<= 0.009999999776482582) Step 72.6826171875 (<= 9.999999747378752e-05)
Time taken for MPC:  0.015046506188809872
ADMM done: Total Iterations=1 converged=True rho=1.000e-01 rp=0.000e+00 (<= 1.004e-02) rd=2.703e-04 (<= 1.000e-02) Rho0 1.000e-01
ADMM done: Total Iterations=1 converged=True rho=1.000e-01 rp=0.000e+00 (<= 1.004e-02) rd=2.328e-11 (<= 1.000e-02) Rho0 1.000e-01
SQP Iteration 0 Feas 70.73300170898438 (<= 0.009999999776482582) Step 70.73300170898438 (<= 9.999999747378752e-05)
Time taken for MPC:  0.015187951736152172
ADMM done: Total Iterations=1 converged=True rho=1.000e-01 rp=0.000e+00 (<= 1.003e-02) rd=3.387e-04 (<= 1.000e-02) Rho0 1.000e-01
ADMM done: Total Iterations=1 converged=True rho=1.000e-01 rp=0.000e+00 (<= 1.003e-02) rd=4.657e-11 (<= 1.000e-02) Rho0 1.000e-01
SQP Iteration 0 Feas 96.35942077636719 (<= 0.009999999776482582) Step 73.24869537353516 (<= 9.999999747378752e-05)
Time taken for MPC:  0.015866938047111034
ADMM done: Total Iterations=1 converged=True rho=1.000e-01 rp=0.000e+00 (<= 1.003e-02) rd=2.875e-04 (<= 1.000e-02) Rho0 1.000e-01
ADMM done: Total Iterations=1 converged=True rho=1.000e-01 rp=0.000e+00 (<= 1.003e-02) rd=1.164e-11 (<= 1.000e-02) Rho0 1.000e-01
SQP Iteration 0 Feas 68.4342041015625 (<= 0.009999999776482582) Step 70.7684326171875 (<= 9.999999747378752e-05)
Time taken for MPC:  0.015687694307416677
ADMM done: Total Iterations=1 converged=True rho=1.000e-01 rp=0.000e+00 (<= 1.004e-02) rd=1.932e-04 (<= 1.000e-02) Rho0 1.000e-01
ADMM done: Total Iterations=1 converged=True rho=1.000e-01 rp=0.000e+00 (<= 1.004e-02) rd=4.657e-11 (<= 1.000e-02) Rho0 1.000e-01
SQP Iteration 0 Feas 68.11178588867188 (<= 0.009999999776482582) Step 68.11178588867188 (<= 9.999999747378752e-05)
Time taken for MPC:  0.015263103879988194
ADMM done: Total Iterations=1 converged=True rho=1.000e-01 rp=0.000e+00 (<= 1.003e-02) rd=3.492e-04 (<= 1.000e-02) Rho0 1.000e-01
ADMM done: Total Iterations=1 converged=True rho=1.000e-01 rp=0.000e+00 (<= 1.003e-02) rd=4.657e-11 (<= 1.000e-02) Rho0 1.000e-01
SQP Iteration 0 Feas 74.88079833984375 (<= 0.009999999776482582) Step 74.88079833984375 (<= 9.999999747378752e-05)
Time taken for MPC:  0.01534570287913084
ADMM done: Total Iterations=1 converged=True rho=1.000e-01 rp=0.000e+00 (<= 1.003e-02) rd=1.975e-04 (<= 1.000e-02) Rho0 1.000e-01
ADMM done: Total Iterations=1 converged=True rho=1.000e-01 rp=0.000e+00 (<= 1.003e-02) rd=1.746e-11 (<= 1.000e-02) Rho0 1.000e-01
SQP Iteration 0 Feas 72.35474395751953 (<= 0.009999999776482582) Step 72.35474395751953 (<= 9.999999747378752e-05)
Time taken for MPC:  0.015238001942634583
ADMM done: Total Iterations=1 converged=True rho=1.000e-01 rp=0.000e+00 (<= 1.003e-02) rd=2.087e-04 (<= 1.000e-02) Rho0 1.000e-01
ADMM done: Total Iterations=1 converged=True rho=1.000e-01 rp=0.000e+00 (<= 1.003e-02) rd=2.328e-11 (<= 1.000e-02) Rho0 1.000e-01
SQP Iteration 0 Feas 72.30943298339844 (<= 0.009999999776482582) Step 72.30943298339844 (<= 9.999999747378752e-05)
Time taken for MPC:  0.01542906416580081
ADMM done: Total Iterations=1 converged=True rho=1.000e-01 rp=0.000e+00 (<= 1.002e-02) rd=2.979e-04 (<= 1.000e-02) Rho0 1.000e-01
ADMM done: Total Iterations=1 converged=True rho=1.000e-01 rp=0.000e+00 (<= 1.002e-02) rd=2.510e-11 (<= 1.000e-02) Rho0 1.000e-01
SQP Iteration 0 Feas 70.5540771484375 (<= 0.009999999776482582) Step 70.5540771484375 (<= 9.999999747378752e-05)
Time taken for MPC:  0.015101958066225052
ADMM done: Total Iterations=1 converged=True rho=1.000e-01 rp=0.000e+00 (<= 1.002e-02) rd=2.319e-04 (<= 1.000e-02) Rho0 1.000e-01
ADMM done: Total Iterations=1 converged=True rho=1.000e-01 rp=0.000e+00 (<= 1.002e-02) rd=1.164e-11 (<= 1.000e-02) Rho0 1.000e-01
SQP Iteration 0 Feas 68.77548217773438 (<= 0.009999999776482582) Step 68.77548217773438 (<= 9.999999747378752e-05)
Time taken for MPC:  0.01546255499124527
ADMM done: Total Iterations=1 converged=True rho=1.000e-01 rp=0.000e+00 (<= 1.002e-02) rd=1.947e-04 (<= 1.000e-02) Rho0 1.000e-01
ADMM done: Total Iterations=1 converged=True rho=1.000e-01 rp=0.000e+00 (<= 1.002e-02) rd=4.366e-12 (<= 1.000e-02) Rho0 1.000e-01
SQP Iteration 0 Feas 68.30297088623047 (<= 0.009999999776482582) Step 68.30297088623047 (<= 9.999999747378752e-05)
Time taken for MPC:  0.015777116175740957
ADMM done: Total Iterations=1 converged=True rho=1.000e-01 rp=0.000e+00 (<= 1.002e-02) rd=2.215e-04 (<= 1.000e-02) Rho0 1.000e-01
ADMM done: Total Iterations=1 converged=True rho=1.000e-01 rp=0.000e+00 (<= 1.002e-02) rd=8.731e-12 (<= 1.000e-02) Rho0 1.000e-01
SQP Iteration 0 Feas 35.58107376098633 (<= 0.009999999776482582) Step 43.51537322998047 (<= 9.999999747378752e-05)
Time taken for MPC:  0.015925819985568523
ADMM done: Total Iterations=1 converged=True rho=1.000e-01 rp=0.000e+00 (<= 1.003e-02) rd=1.662e-04 (<= 1.000e-02) Rho0 1.000e-01
ADMM done: Total Iterations=1 converged=True rho=1.000e-01 rp=0.000e+00 (<= 1.003e-02) rd=2.328e-11 (<= 1.000e-02) Rho0 1.000e-01
SQP Iteration 0 Feas 201.6513671875 (<= 0.009999999776482582) Step 201.6513671875 (<= 9.999999747378752e-05)
Time taken for MPC:  0.017408690880984068
ADMM done: Total Iterations=1 converged=True rho=1.000e-01 rp=0.000e+00 (<= 1.002e-02) rd=3.209e-04 (<= 1.000e-02) Rho0 1.000e-01
ADMM done: Total Iterations=1 converged=True rho=1.000e-01 rp=0.000e+00 (<= 1.002e-02) rd=4.657e-11 (<= 1.000e-02) Rho0 1.000e-01
SQP Iteration 0 Feas 185.0099639892578 (<= 0.009999999776482582) Step 185.0099639892578 (<= 9.999999747378752e-05)
Time taken for MPC:  0.015537229366600513
ADMM done: Total Iterations=1 converged=True rho=1.000e-01 rp=0.000e+00 (<= 1.001e-02) rd=2.546e-04 (<= 1.000e-02) Rho0 1.000e-01
ADMM done: Total Iterations=1 converged=True rho=1.000e-01 rp=0.000e+00 (<= 1.001e-02) rd=2.328e-11 (<= 1.000e-02) Rho0 1.000e-01
SQP Iteration 0 Feas 142.36920166015625 (<= 0.009999999776482582) Step 142.36920166015625 (<= 9.999999747378752e-05)
Time taken for MPC:  0.015289027243852615
ADMM done: Total Iterations=1 converged=True rho=1.000e-01 rp=0.000e+00 (<= 1.002e-02) rd=1.842e-04 (<= 1.000e-02) Rho0 1.000e-01
ADMM done: Total Iterations=1 converged=True rho=1.000e-01 rp=0.000e+00 (<= 1.002e-02) rd=8.731e-12 (<= 1.000e-02) Rho0 1.000e-01
SQP Iteration 0 Feas 94.86271667480469 (<= 0.009999999776482582) Step 94.86271667480469 (<= 9.999999747378752e-05)
Time taken for MPC:  0.015542924404144287
ADMM done: Total Iterations=1 converged=True rho=1.000e-01 rp=0.000e+00 (<= 1.002e-02) rd=1.951e-04 (<= 1.000e-02) Rho0 1.000e-01
ADMM done: Total Iterations=1 converged=True rho=1.000e-01 rp=0.000e+00 (<= 1.002e-02) rd=5.821e-12 (<= 1.000e-02) Rho0 1.000e-01
SQP Iteration 0 Feas 71.84722900390625 (<= 0.009999999776482582) Step 71.84722900390625 (<= 9.999999747378752e-05)
Time taken for MPC:  0.016562658827751875
ADMM done: Total Iterations=1 converged=True rho=1.000e-01 rp=0.000e+00 (<= 1.001e-02) rd=1.942e-04 (<= 1.000e-02) Rho0 1.000e-01
ADMM done: Total Iterations=1 converged=True rho=1.000e-01 rp=0.000e+00 (<= 1.001e-02) rd=5.821e-12 (<= 1.000e-02) Rho0 1.000e-01
SQP Iteration 0 Feas 62.49284744262695 (<= 0.009999999776482582) Step 62.49284744262695 (<= 9.999999747378752e-05)
Time taken for MPC:  0.017030863091349602
ADMM done: Total Iterations=1 converged=True rho=1.000e-01 rp=0.000e+00 (<= 1.002e-02) rd=1.932e-04 (<= 1.000e-02) Rho0 1.000e-01
ADMM done: Total Iterations=1 converged=True rho=1.000e-01 rp=0.000e+00 (<= 1.002e-02) rd=2.328e-11 (<= 1.000e-02) Rho0 1.000e-01
SQP Iteration 0 Feas 58.44805145263672 (<= 0.009999999776482582) Step 58.44805145263672 (<= 9.999999747378752e-05)
Time taken for MPC:  0.016107439063489437
ADMM done: Total Iterations=1 converged=True rho=1.000e-01 rp=0.000e+00 (<= 1.001e-02) rd=1.986e-04 (<= 1.000e-02) Rho0 1.000e-01
ADMM done: Total Iterations=1 converged=True rho=1.000e-01 rp=0.000e+00 (<= 1.001e-02) rd=1.164e-11 (<= 1.000e-02) Rho0 1.000e-01
SQP Iteration 0 Feas 55.46495056152344 (<= 0.009999999776482582) Step 55.46495056152344 (<= 9.999999747378752e-05)
Time taken for MPC:  0.01587791508063674
ADMM done: Total Iterations=1 converged=True rho=1.000e-01 rp=0.000e+00 (<= 1.003e-02) rd=1.594e-04 (<= 1.000e-02) Rho0 1.000e-01
ADMM done: Total Iterations=1 converged=True rho=1.000e-01 rp=0.000e+00 (<= 1.003e-02) rd=2.328e-11 (<= 1.000e-02) Rho0 1.000e-01
SQP Iteration 0 Feas 53.15367889404297 (<= 0.009999999776482582) Step 53.15367889404297 (<= 9.999999747378752e-05)
Time taken for MPC:  0.01602525496855378
ADMM done: Total Iterations=1 converged=True rho=1.000e-01 rp=0.000e+00 (<= 1.015e-02) rd=1.269e-03 (<= 1.000e-02) Rho0 1.000e-01
ADMM done: Total Iterations=1 converged=True rho=1.000e-01 rp=0.000e+00 (<= 1.015e-02) rd=1.863e-10 (<= 1.000e-02) Rho0 1.000e-01
SQP Iteration 0 Feas 53.48944854736328 (<= 0.009999999776482582) Step 569.8663940429688 (<= 9.999999747378752e-05)
Time taken for MPC:  0.01578190503641963
ADMM done: Total Iterations=1 converged=True rho=1.000e-01 rp=0.000e+00 (<= 1.024e-02) rd=3.884e-03 (<= 1.000e-02) Rho0 1.000e-01
ADMM done: Total Iterations=1 converged=True rho=1.000e-01 rp=0.000e+00 (<= 1.024e-02) rd=1.304e-09 (<= 1.000e-02) Rho0 1.000e-01
SQP Iteration 0 Feas 191.16748046875 (<= 0.009999999776482582) Step 395.9895935058594 (<= 9.999999747378752e-05)
Time taken for MPC:  0.015071597881615162
ADMM done: Total Iterations=1 converged=True rho=1.000e-01 rp=0.000e+00 (<= 1.008e-02) rd=3.147e-03 (<= 1.000e-02) Rho0 1.000e-01
ADMM done: Total Iterations=1 converged=True rho=1.000e-01 rp=0.000e+00 (<= 1.008e-02) rd=5.588e-10 (<= 1.000e-02) Rho0 1.000e-01
SQP Iteration 0 Feas 216.59005737304688 (<= 0.009999999776482582) Step 216.59005737304688 (<= 9.999999747378752e-05)
Time taken for MPC:  0.015024733729660511
ADMM done: Total Iterations=1 converged=True rho=1.000e-01 rp=0.000e+00 (<= 1.004e-02) rd=8.681e-04 (<= 1.000e-02) Rho0 1.000e-01
ADMM done: Total Iterations=1 converged=True rho=1.000e-01 rp=0.000e+00 (<= 1.004e-02) rd=1.397e-10 (<= 1.000e-02) Rho0 1.000e-01
SQP Iteration 0 Feas 159.57989501953125 (<= 0.009999999776482582) Step 204.8077392578125 (<= 9.999999747378752e-05)
Time taken for MPC:  0.015115669928491116
ADMM done: Total Iterations=1 converged=True rho=1.000e-01 rp=0.000e+00 (<= 1.002e-02) rd=4.073e-04 (<= 1.000e-02) Rho0 1.000e-01
ADMM done: Total Iterations=1 converged=True rho=1.000e-01 rp=0.000e+00 (<= 1.002e-02) rd=4.657e-11 (<= 1.000e-02) Rho0 1.000e-01
SQP Iteration 0 Feas 115.2667465209961 (<= 0.009999999776482582) Step 115.2667465209961 (<= 9.999999747378752e-05)
Time taken for MPC:  0.014706017915159464
ADMM done: Total Iterations=1 converged=True rho=1.000e-01 rp=0.000e+00 (<= 1.001e-02) rd=2.895e-04 (<= 1.000e-02) Rho0 1.000e-01
ADMM done: Total Iterations=1 converged=True rho=1.000e-01 rp=0.000e+00 (<= 1.001e-02) rd=4.657e-11 (<= 1.000e-02) Rho0 1.000e-01
SQP Iteration 0 Feas 147.87533569335938 (<= 0.009999999776482582) Step 147.87533569335938 (<= 9.999999747378752e-05)
Time taken for MPC:  0.01499476796016097
ADMM done: Total Iterations=1 converged=True rho=1.000e-01 rp=0.000e+00 (<= 1.001e-02) rd=2.212e-04 (<= 1.000e-02) Rho0 1.000e-01
ADMM done: Total Iterations=1 converged=True rho=1.000e-01 rp=0.000e+00 (<= 1.001e-02) rd=2.910e-11 (<= 1.000e-02) Rho0 1.000e-01
SQP Iteration 0 Feas 96.36239624023438 (<= 0.009999999776482582) Step 96.36239624023438 (<= 9.999999747378752e-05)
Time taken for MPC:  0.015531406737864017
ADMM done: Total Iterations=1 converged=True rho=1.000e-01 rp=0.000e+00 (<= 1.002e-02) rd=1.471e-04 (<= 1.000e-02) Rho0 1.000e-01
ADMM done: Total Iterations=1 converged=True rho=1.000e-01 rp=0.000e+00 (<= 1.002e-02) rd=8.731e-12 (<= 1.000e-02) Rho0 1.000e-01
SQP Iteration 0 Feas 70.54141998291016 (<= 0.009999999776482582) Step 70.54141998291016 (<= 9.999999747378752e-05)
Time taken for MPC:  0.015610487200319767
ADMM done: Total Iterations=1 converged=True rho=1.000e-01 rp=0.000e+00 (<= 1.002e-02) rd=1.858e-04 (<= 1.000e-02) Rho0 1.000e-01
ADMM done: Total Iterations=1 converged=True rho=1.000e-01 rp=0.000e+00 (<= 1.002e-02) rd=4.366e-12 (<= 1.000e-02) Rho0 1.000e-01
SQP Iteration 0 Feas 66.71556854248047 (<= 0.009999999776482582) Step 66.71556854248047 (<= 9.999999747378752e-05)
Time taken for MPC:  0.015155973844230175
ADMM done: Total Iterations=1 converged=True rho=1.000e-01 rp=0.000e+00 (<= 1.002e-02) rd=1.870e-04 (<= 1.000e-02) Rho0 1.000e-01
ADMM done: Total Iterations=1 converged=True rho=1.000e-01 rp=0.000e+00 (<= 1.002e-02) rd=7.276e-12 (<= 1.000e-02) Rho0 1.000e-01
SQP Iteration 0 Feas 70.26644134521484 (<= 0.009999999776482582) Step 70.26644134521484 (<= 9.999999747378752e-05)
Time taken for MPC:  0.015709956176579
ADMM done: Total Iterations=1 converged=True rho=1.000e-01 rp=0.000e+00 (<= 1.002e-02) rd=1.906e-04 (<= 1.000e-02) Rho0 1.000e-01
ADMM done: Total Iterations=1 converged=True rho=1.000e-01 rp=0.000e+00 (<= 1.002e-02) rd=2.328e-11 (<= 1.000e-02) Rho0 1.000e-01
SQP Iteration 0 Feas 72.31066131591797 (<= 0.009999999776482582) Step 72.31066131591797 (<= 9.999999747378752e-05)
Time taken for MPC:  0.015630031935870647
ADMM done: Total Iterations=1 converged=True rho=1.000e-01 rp=0.000e+00 (<= 1.002e-02) rd=1.945e-04 (<= 1.000e-02) Rho0 1.000e-01
ADMM done: Total Iterations=1 converged=True rho=1.000e-01 rp=0.000e+00 (<= 1.002e-02) rd=4.366e-12 (<= 1.000e-02) Rho0 1.000e-01
SQP Iteration 0 Feas 75.17188262939453 (<= 0.009999999776482582) Step 75.17188262939453 (<= 9.999999747378752e-05)
Time taken for MPC:  0.015083934180438519
ADMM done: Total Iterations=1 converged=True rho=1.000e-01 rp=0.000e+00 (<= 1.002e-02) rd=1.943e-04 (<= 1.000e-02) Rho0 1.000e-01
ADMM done: Total Iterations=1 converged=True rho=1.000e-01 rp=0.000e+00 (<= 1.002e-02) rd=5.821e-12 (<= 1.000e-02) Rho0 1.000e-01
SQP Iteration 0 Feas 75.51187896728516 (<= 0.009999999776482582) Step 75.51187896728516 (<= 9.999999747378752e-05)
Time taken for MPC:  0.015656192786991596
ADMM done: Total Iterations=1 converged=True rho=1.000e-01 rp=0.000e+00 (<= 1.002e-02) rd=1.953e-04 (<= 1.000e-02) Rho0 1.000e-01
ADMM done: Total Iterations=1 converged=True rho=1.000e-01 rp=0.000e+00 (<= 1.002e-02) rd=2.328e-11 (<= 1.000e-02) Rho0 1.000e-01
SQP Iteration 0 Feas 76.1723861694336 (<= 0.009999999776482582) Step 76.1723861694336 (<= 9.999999747378752e-05)
Time taken for MPC:  0.015053801238536835
ADMM done: Total Iterations=1 converged=True rho=1.000e-01 rp=0.000e+00 (<= 1.002e-02) rd=1.992e-04 (<= 1.000e-02) Rho0 1.000e-01
ADMM done: Total Iterations=1 converged=True rho=1.000e-01 rp=0.000e+00 (<= 1.002e-02) rd=1.164e-11 (<= 1.000e-02) Rho0 1.000e-01
SQP Iteration 0 Feas 75.1429214477539 (<= 0.009999999776482582) Step 75.1429214477539 (<= 9.999999747378752e-05)
Time taken for MPC:  0.015658770222216845
ADMM done: Total Iterations=1 converged=True rho=1.000e-01 rp=0.000e+00 (<= 1.002e-02) rd=1.910e-04 (<= 1.000e-02) Rho0 1.000e-01
ADMM done: Total Iterations=1 converged=True rho=1.000e-01 rp=0.000e+00 (<= 1.002e-02) rd=2.328e-11 (<= 1.000e-02) Rho0 1.000e-01
SQP Iteration 0 Feas 75.36856842041016 (<= 0.009999999776482582) Step 75.36856842041016 (<= 9.999999747378752e-05)
Time taken for MPC:  0.01606595516204834
ADMM done: Total Iterations=1 converged=True rho=1.000e-01 rp=0.000e+00 (<= 1.002e-02) rd=2.067e-04 (<= 1.000e-02) Rho0 1.000e-01
ADMM done: Total Iterations=1 converged=True rho=1.000e-01 rp=0.000e+00 (<= 1.002e-02) rd=1.164e-11 (<= 1.000e-02) Rho0 1.000e-01
SQP Iteration 0 Feas 74.5451431274414 (<= 0.009999999776482582) Step 74.5451431274414 (<= 9.999999747378752e-05)
Time taken for MPC:  0.016662828158587217
ADMM done: Total Iterations=1 converged=True rho=1.000e-01 rp=0.000e+00 (<= 1.002e-02) rd=2.014e-04 (<= 1.000e-02) Rho0 1.000e-01
ADMM done: Total Iterations=1 converged=True rho=1.000e-01 rp=0.000e+00 (<= 1.002e-02) rd=5.821e-12 (<= 1.000e-02) Rho0 1.000e-01
SQP Iteration 0 Feas 75.49197387695312 (<= 0.009999999776482582) Step 75.49197387695312 (<= 9.999999747378752e-05)
Time taken for MPC:  0.016374242026358843
ADMM done: Total Iterations=1 converged=True rho=1.000e-01 rp=0.000e+00 (<= 1.002e-02) rd=2.047e-04 (<= 1.000e-02) Rho0 1.000e-01
ADMM done: Total Iterations=1 converged=True rho=1.000e-01 rp=0.000e+00 (<= 1.002e-02) rd=2.910e-12 (<= 1.000e-02) Rho0 1.000e-01
SQP Iteration 0 Feas 75.44696807861328 (<= 0.009999999776482582) Step 75.44696807861328 (<= 9.999999747378752e-05)
Time taken for MPC:  0.015747055877000093
ADMM done: Total Iterations=1 converged=True rho=1.000e-01 rp=0.000e+00 (<= 1.002e-02) rd=2.384e-04 (<= 1.000e-02) Rho0 1.000e-01
ADMM done: Total Iterations=1 converged=True rho=1.000e-01 rp=0.000e+00 (<= 1.002e-02) rd=1.164e-11 (<= 1.000e-02) Rho0 1.000e-01
SQP Iteration 0 Feas 77.0995864868164 (<= 0.009999999776482582) Step 77.0995864868164 (<= 9.999999747378752e-05)
Time taken for MPC:  0.015489439945667982
ADMM done: Total Iterations=1 converged=True rho=1.000e-01 rp=0.000e+00 (<= 1.002e-02) rd=2.005e-04 (<= 1.000e-02) Rho0 1.000e-01
ADMM done: Total Iterations=1 converged=True rho=1.000e-01 rp=0.000e+00 (<= 1.002e-02) rd=1.019e-11 (<= 1.000e-02) Rho0 1.000e-01
SQP Iteration 0 Feas 77.51313781738281 (<= 0.009999999776482582) Step 77.51313781738281 (<= 9.999999747378752e-05)
Time taken for MPC:  0.01572837494313717
ADMM done: Total Iterations=1 converged=True rho=1.000e-01 rp=0.000e+00 (<= 1.002e-02) rd=2.008e-04 (<= 1.000e-02) Rho0 1.000e-01
ADMM done: Total Iterations=1 converged=True rho=1.000e-01 rp=0.000e+00 (<= 1.002e-02) rd=2.328e-11 (<= 1.000e-02) Rho0 1.000e-01
SQP Iteration 0 Feas 78.70015716552734 (<= 0.009999999776482582) Step 78.70015716552734 (<= 9.999999747378752e-05)
Time taken for MPC:  0.01596831902861595
ADMM done: Total Iterations=1 converged=True rho=1.000e-01 rp=0.000e+00 (<= 1.002e-02) rd=2.062e-04 (<= 1.000e-02) Rho0 1.000e-01
ADMM done: Total Iterations=1 converged=True rho=1.000e-01 rp=0.000e+00 (<= 1.002e-02) rd=7.276e-12 (<= 1.000e-02) Rho0 1.000e-01
SQP Iteration 0 Feas 79.61264038085938 (<= 0.009999999776482582) Step 79.61264038085938 (<= 9.999999747378752e-05)
Time taken for MPC:  0.015801000874489546
ADMM done: Total Iterations=1 converged=True rho=1.000e-01 rp=0.000e+00 (<= 1.003e-02) rd=1.639e-04 (<= 1.000e-02) Rho0 1.000e-01
ADMM done: Total Iterations=1 converged=True rho=1.000e-01 rp=0.000e+00 (<= 1.003e-02) rd=1.164e-11 (<= 1.000e-02) Rho0 1.000e-01
SQP Iteration 0 Feas 80.9918441772461 (<= 0.009999999776482582) Step 80.9918441772461 (<= 9.999999747378752e-05)
Time taken for MPC:  0.015721855219453573
ADMM done: Total Iterations=1 converged=True rho=1.000e-01 rp=0.000e+00 (<= 1.002e-02) rd=2.540e-04 (<= 1.000e-02) Rho0 1.000e-01
ADMM done: Total Iterations=1 converged=True rho=1.000e-01 rp=0.000e+00 (<= 1.002e-02) rd=4.657e-11 (<= 1.000e-02) Rho0 1.000e-01
SQP Iteration 0 Feas 86.13533782958984 (<= 0.009999999776482582) Step 86.13533782958984 (<= 9.999999747378752e-05)
Time taken for MPC:  0.015060274861752987
ADMM done: Total Iterations=1 converged=True rho=1.000e-01 rp=0.000e+00 (<= 1.002e-02) rd=2.038e-04 (<= 1.000e-02) Rho0 1.000e-01
ADMM done: Total Iterations=1 converged=True rho=1.000e-01 rp=0.000e+00 (<= 1.002e-02) rd=1.455e-11 (<= 1.000e-02) Rho0 1.000e-01
SQP Iteration 0 Feas 91.03388977050781 (<= 0.009999999776482582) Step 91.03388977050781 (<= 9.999999747378752e-05)
Time taken for MPC:  0.015440403949469328
ADMM done: Total Iterations=1 converged=True rho=1.000e-01 rp=0.000e+00 (<= 1.002e-02) rd=2.271e-04 (<= 1.000e-02) Rho0 1.000e-01
ADMM done: Total Iterations=1 converged=True rho=1.000e-01 rp=0.000e+00 (<= 1.002e-02) rd=1.164e-11 (<= 1.000e-02) Rho0 1.000e-01
SQP Iteration 0 Feas 96.9676284790039 (<= 0.009999999776482582) Step 96.9676284790039 (<= 9.999999747378752e-05)
Time taken for MPC:  0.01534019922837615
ADMM done: Total Iterations=1 converged=True rho=1.000e-01 rp=0.000e+00 (<= 1.002e-02) rd=2.055e-04 (<= 1.000e-02) Rho0 1.000e-01
ADMM done: Total Iterations=1 converged=True rho=1.000e-01 rp=0.000e+00 (<= 1.002e-02) rd=2.328e-11 (<= 1.000e-02) Rho0 1.000e-01
SQP Iteration 0 Feas 66.2563247680664 (<= 0.009999999776482582) Step 66.2563247680664 (<= 9.999999747378752e-05)
Time taken for MPC:  0.015576716978102922
ADMM done: Total Iterations=1 converged=True rho=1.000e-01 rp=0.000e+00 (<= 1.002e-02) rd=1.615e-04 (<= 1.000e-02) Rho0 1.000e-01
ADMM done: Total Iterations=1 converged=True rho=1.000e-01 rp=0.000e+00 (<= 1.002e-02) rd=5.821e-12 (<= 1.000e-02) Rho0 1.000e-01
SQP Iteration 0 Feas 85.1962661743164 (<= 0.009999999776482582) Step 85.1962661743164 (<= 9.999999747378752e-05)
Time taken for MPC:  0.0157681149430573
ADMM done: Total Iterations=1 converged=True rho=1.000e-01 rp=0.000e+00 (<= 1.002e-02) rd=2.358e-04 (<= 1.000e-02) Rho0 1.000e-01
ADMM done: Total Iterations=1 converged=True rho=1.000e-01 rp=0.000e+00 (<= 1.002e-02) rd=2.328e-11 (<= 1.000e-02) Rho0 1.000e-01
SQP Iteration 0 Feas 90.70085906982422 (<= 0.009999999776482582) Step 90.70085906982422 (<= 9.999999747378752e-05)
Time taken for MPC:  0.015543756075203419
ADMM done: Total Iterations=1 converged=True rho=1.000e-01 rp=0.000e+00 (<= 1.002e-02) rd=2.344e-04 (<= 1.000e-02) Rho0 1.000e-01
ADMM done: Total Iterations=1 converged=True rho=1.000e-01 rp=0.000e+00 (<= 1.002e-02) rd=2.328e-11 (<= 1.000e-02) Rho0 1.000e-01
SQP Iteration 0 Feas 86.45889282226562 (<= 0.009999999776482582) Step 86.45889282226562 (<= 9.999999747378752e-05)
Time taken for MPC:  0.01608153712004423
ADMM done: Total Iterations=1 converged=True rho=1.000e-01 rp=0.000e+00 (<= 1.002e-02) rd=2.228e-04 (<= 1.000e-02) Rho0 1.000e-01
ADMM done: Total Iterations=1 converged=True rho=1.000e-01 rp=0.000e+00 (<= 1.002e-02) rd=1.164e-11 (<= 1.000e-02) Rho0 1.000e-01
SQP Iteration 0 Feas 68.83047485351562 (<= 0.009999999776482582) Step 68.83047485351562 (<= 9.999999747378752e-05)
Time taken for MPC:  0.01553261885419488
ADMM done: Total Iterations=1 converged=True rho=1.000e-01 rp=0.000e+00 (<= 1.001e-02) rd=2.219e-04 (<= 1.000e-02) Rho0 1.000e-01
ADMM done: Total Iterations=1 converged=True rho=1.000e-01 rp=0.000e+00 (<= 1.001e-02) rd=2.328e-11 (<= 1.000e-02) Rho0 1.000e-01
SQP Iteration 0 Feas 53.08256530761719 (<= 0.009999999776482582) Step 53.08256530761719 (<= 9.999999747378752e-05)
Time taken for MPC:  0.015022101812064648
ADMM done: Total Iterations=1 converged=True rho=1.000e-01 rp=0.000e+00 (<= 1.001e-02) rd=2.156e-04 (<= 1.000e-02) Rho0 1.000e-01
ADMM done: Total Iterations=1 converged=True rho=1.000e-01 rp=0.000e+00 (<= 1.001e-02) rd=2.328e-11 (<= 1.000e-02) Rho0 1.000e-01
SQP Iteration 0 Feas 50.990360260009766 (<= 0.009999999776482582) Step 50.990360260009766 (<= 9.999999747378752e-05)
Time taken for MPC:  0.015456278808414936
ADMM done: Total Iterations=1 converged=True rho=1.000e-01 rp=0.000e+00 (<= 1.001e-02) rd=2.104e-04 (<= 1.000e-02) Rho0 1.000e-01
ADMM done: Total Iterations=1 converged=True rho=1.000e-01 rp=0.000e+00 (<= 1.001e-02) rd=2.328e-11 (<= 1.000e-02) Rho0 1.000e-01
SQP Iteration 0 Feas 53.95166015625 (<= 0.009999999776482582) Step 53.95166015625 (<= 9.999999747378752e-05)
Time taken for MPC:  0.01648156624287367
ADMM done: Total Iterations=1 converged=True rho=1.000e-01 rp=0.000e+00 (<= 1.002e-02) rd=2.096e-04 (<= 1.000e-02) Rho0 1.000e-01
ADMM done: Total Iterations=1 converged=True rho=1.000e-01 rp=0.000e+00 (<= 1.002e-02) rd=5.821e-12 (<= 1.000e-02) Rho0 1.000e-01
SQP Iteration 0 Feas 58.54780578613281 (<= 0.009999999776482582) Step 58.54780578613281 (<= 9.999999747378752e-05)
Time taken for MPC:  0.01611316902562976
ADMM done: Total Iterations=1 converged=True rho=1.000e-01 rp=0.000e+00 (<= 1.002e-02) rd=2.075e-04 (<= 1.000e-02) Rho0 1.000e-01
ADMM done: Total Iterations=1 converged=True rho=1.000e-01 rp=0.000e+00 (<= 1.002e-02) rd=5.821e-12 (<= 1.000e-02) Rho0 1.000e-01
SQP Iteration 0 Feas 63.792945861816406 (<= 0.009999999776482582) Step 63.792945861816406 (<= 9.999999747378752e-05)
Time taken for MPC:  0.016954672057181597
ADMM done: Total Iterations=1 converged=True rho=1.000e-01 rp=0.000e+00 (<= 1.002e-02) rd=2.023e-04 (<= 1.000e-02) Rho0 1.000e-01
ADMM done: Total Iterations=1 converged=True rho=1.000e-01 rp=0.000e+00 (<= 1.002e-02) rd=1.164e-11 (<= 1.000e-02) Rho0 1.000e-01
SQP Iteration 0 Feas 70.9345703125 (<= 0.009999999776482582) Step 70.9345703125 (<= 9.999999747378752e-05)
Time taken for MPC:  0.016285061836242676
ADMM done: Total Iterations=1 converged=True rho=1.000e-01 rp=0.000e+00 (<= 1.003e-02) rd=1.513e-04 (<= 1.000e-02) Rho0 1.000e-01
ADMM done: Total Iterations=1 converged=True rho=1.000e-01 rp=0.000e+00 (<= 1.003e-02) rd=5.821e-12 (<= 1.000e-02) Rho0 1.000e-01
SQP Iteration 0 Feas 92.49304962158203 (<= 0.009999999776482582) Step 92.49304962158203 (<= 9.999999747378752e-05)
Time taken for MPC:  0.016171432565897703
ADMM done: Total Iterations=1 converged=True rho=1.000e-01 rp=0.000e+00 (<= 1.002e-02) rd=2.362e-04 (<= 1.000e-02) Rho0 1.000e-01
ADMM done: Total Iterations=1 converged=True rho=1.000e-01 rp=0.000e+00 (<= 1.002e-02) rd=1.164e-11 (<= 1.000e-02) Rho0 1.000e-01
SQP Iteration 0 Feas 121.98650360107422 (<= 0.009999999776482582) Step 121.98650360107422 (<= 9.999999747378752e-05)
Time taken for MPC:  0.016412165015935898
ADMM done: Total Iterations=1 converged=True rho=1.000e-01 rp=0.000e+00 (<= 1.003e-02) rd=2.188e-04 (<= 1.000e-02) Rho0 1.000e-01
ADMM done: Total Iterations=1 converged=True rho=1.000e-01 rp=0.000e+00 (<= 1.003e-02) rd=1.237e-11 (<= 1.000e-02) Rho0 1.000e-01
SQP Iteration 0 Feas 104.212646484375 (<= 0.009999999776482582) Step 104.212646484375 (<= 9.999999747378752e-05)
Time taken for MPC:  0.015670372638851404
ADMM done: Total Iterations=1 converged=True rho=1.000e-01 rp=0.000e+00 (<= 1.003e-02) rd=2.161e-04 (<= 1.000e-02) Rho0 1.000e-01
ADMM done: Total Iterations=1 converged=True rho=1.000e-01 rp=0.000e+00 (<= 1.003e-02) rd=2.328e-11 (<= 1.000e-02) Rho0 1.000e-01
SQP Iteration 0 Feas 89.87126159667969 (<= 0.009999999776482582) Step 89.87126159667969 (<= 9.999999747378752e-05)
Time taken for MPC:  0.01551573583856225
ADMM done: Total Iterations=1 converged=True rho=1.000e-01 rp=0.000e+00 (<= 1.003e-02) rd=2.354e-04 (<= 1.000e-02) Rho0 1.000e-01
ADMM done: Total Iterations=1 converged=True rho=1.000e-01 rp=0.000e+00 (<= 1.003e-02) rd=2.328e-11 (<= 1.000e-02) Rho0 1.000e-01
SQP Iteration 0 Feas 80.0013656616211 (<= 0.009999999776482582) Step 80.0013656616211 (<= 9.999999747378752e-05)
Time taken for MPC:  0.0156864020973444
ADMM done: Total Iterations=1 converged=True rho=1.000e-01 rp=0.000e+00 (<= 1.003e-02) rd=2.282e-04 (<= 1.000e-02) Rho0 1.000e-01
ADMM done: Total Iterations=1 converged=True rho=1.000e-01 rp=0.000e+00 (<= 1.003e-02) rd=2.328e-11 (<= 1.000e-02) Rho0 1.000e-01
SQP Iteration 0 Feas 76.35041046142578 (<= 0.009999999776482582) Step 76.35041046142578 (<= 9.999999747378752e-05)
Time taken for MPC:  0.016018318012356758
ADMM done: Total Iterations=1 converged=True rho=1.000e-01 rp=0.000e+00 (<= 1.003e-02) rd=2.399e-04 (<= 1.000e-02) Rho0 1.000e-01
ADMM done: Total Iterations=1 converged=True rho=1.000e-01 rp=0.000e+00 (<= 1.003e-02) rd=2.328e-11 (<= 1.000e-02) Rho0 1.000e-01
SQP Iteration 0 Feas 70.1702880859375 (<= 0.009999999776482582) Step 70.1702880859375 (<= 9.999999747378752e-05)
Time taken for MPC:  0.016007075086236
ADMM done: Total Iterations=1 converged=True rho=1.000e-01 rp=0.000e+00 (<= 1.003e-02) rd=2.541e-04 (<= 1.000e-02) Rho0 1.000e-01
ADMM done: Total Iterations=1 converged=True rho=1.000e-01 rp=0.000e+00 (<= 1.003e-02) rd=2.328e-11 (<= 1.000e-02) Rho0 1.000e-01
SQP Iteration 0 Feas 70.98458862304688 (<= 0.009999999776482582) Step 70.98458862304688 (<= 9.999999747378752e-05)
Time taken for MPC:  0.015318776946514845
ADMM done: Total Iterations=1 converged=True rho=1.000e-01 rp=0.000e+00 (<= 1.004e-02) rd=2.599e-04 (<= 1.000e-02) Rho0 1.000e-01
ADMM done: Total Iterations=1 converged=True rho=1.000e-01 rp=0.000e+00 (<= 1.004e-02) rd=4.657e-11 (<= 1.000e-02) Rho0 1.000e-01
SQP Iteration 0 Feas 69.14323425292969 (<= 0.009999999776482582) Step 69.14323425292969 (<= 9.999999747378752e-05)
Time taken for MPC:  0.015469036996364594
ADMM done: Total Iterations=1 converged=True rho=1.000e-01 rp=0.000e+00 (<= 1.004e-02) rd=2.784e-04 (<= 1.000e-02) Rho0 1.000e-01
ADMM done: Total Iterations=1 converged=True rho=1.000e-01 rp=0.000e+00 (<= 1.004e-02) rd=4.657e-11 (<= 1.000e-02) Rho0 1.000e-01
SQP Iteration 0 Feas 71.52082061767578 (<= 0.009999999776482582) Step 71.52082061767578 (<= 9.999999747378752e-05)
Time taken for MPC:  0.01563760032877326
ADMM done: Total Iterations=1 converged=True rho=1.000e-01 rp=0.000e+00 (<= 1.004e-02) rd=3.025e-04 (<= 1.000e-02) Rho0 1.000e-01
ADMM done: Total Iterations=1 converged=True rho=1.000e-01 rp=0.000e+00 (<= 1.004e-02) rd=4.657e-11 (<= 1.000e-02) Rho0 1.000e-01
SQP Iteration 0 Feas 70.50637817382812 (<= 0.009999999776482582) Step 70.50637817382812 (<= 9.999999747378752e-05)
Time taken for MPC:  0.01631754683330655
ADMM done: Total Iterations=1 converged=True rho=1.000e-01 rp=0.000e+00 (<= 1.003e-02) rd=3.255e-04 (<= 1.000e-02) Rho0 1.000e-01
ADMM done: Total Iterations=1 converged=True rho=1.000e-01 rp=0.000e+00 (<= 1.003e-02) rd=5.821e-11 (<= 1.000e-02) Rho0 1.000e-01
SQP Iteration 0 Feas 71.89214324951172 (<= 0.009999999776482582) Step 71.89214324951172 (<= 9.999999747378752e-05)
Time taken for MPC:  0.015803199727088213
ADMM done: Total Iterations=1 converged=True rho=1.000e-01 rp=0.000e+00 (<= 1.004e-02) rd=2.270e-04 (<= 1.000e-02) Rho0 1.000e-01
ADMM done: Total Iterations=1 converged=True rho=1.000e-01 rp=0.000e+00 (<= 1.004e-02) rd=4.657e-11 (<= 1.000e-02) Rho0 1.000e-01
SQP Iteration 0 Feas 70.15618133544922 (<= 0.009999999776482582) Step 70.15618133544922 (<= 9.999999747378752e-05)
Time taken for MPC:  0.015091352630406618
ADMM done: Total Iterations=1 converged=True rho=1.000e-01 rp=0.000e+00 (<= 1.004e-02) rd=3.388e-04 (<= 1.000e-02) Rho0 1.000e-01
ADMM done: Total Iterations=1 converged=True rho=1.000e-01 rp=0.000e+00 (<= 1.004e-02) rd=4.657e-11 (<= 1.000e-02) Rho0 1.000e-01
SQP Iteration 0 Feas 70.78758239746094 (<= 0.009999999776482582) Step 70.78758239746094 (<= 9.999999747378752e-05)
Time taken for MPC:  0.01521573169156909
ADMM done: Total Iterations=1 converged=True rho=1.000e-01 rp=0.000e+00 (<= 1.005e-02) rd=2.215e-04 (<= 1.000e-02) Rho0 1.000e-01
ADMM done: Total Iterations=1 converged=True rho=1.000e-01 rp=0.000e+00 (<= 1.005e-02) rd=2.328e-11 (<= 1.000e-02) Rho0 1.000e-01
SQP Iteration 0 Feas 67.14410400390625 (<= 0.009999999776482582) Step 67.14410400390625 (<= 9.999999747378752e-05)
Time taken for MPC:  0.015141741838306189
ADMM done: Total Iterations=1 converged=True rho=1.000e-01 rp=0.000e+00 (<= 1.004e-02) rd=3.809e-04 (<= 1.000e-02) Rho0 1.000e-01
ADMM done: Total Iterations=1 converged=True rho=1.000e-01 rp=0.000e+00 (<= 1.004e-02) rd=4.657e-11 (<= 1.000e-02) Rho0 1.000e-01
SQP Iteration 0 Feas 68.2609634399414 (<= 0.009999999776482582) Step 68.2609634399414 (<= 9.999999747378752e-05)
Time taken for MPC:  0.015779042150825262
ADMM done: Total Iterations=1 converged=True rho=1.000e-01 rp=0.000e+00 (<= 1.004e-02) rd=3.246e-04 (<= 1.000e-02) Rho0 1.000e-01
ADMM done: Total Iterations=1 converged=True rho=1.000e-01 rp=0.000e+00 (<= 1.004e-02) rd=1.746e-11 (<= 1.000e-02) Rho0 1.000e-01
SQP Iteration 0 Feas 66.50475311279297 (<= 0.009999999776482582) Step 66.50475311279297 (<= 9.999999747378752e-05)
Time taken for MPC:  0.015647256281226873
ADMM done: Total Iterations=1 converged=True rho=1.000e-01 rp=0.000e+00 (<= 1.006e-02) rd=2.360e-04 (<= 1.000e-02) Rho0 1.000e-01
ADMM done: Total Iterations=1 converged=True rho=1.000e-01 rp=0.000e+00 (<= 1.006e-02) rd=1.397e-10 (<= 1.000e-02) Rho0 1.000e-01
SQP Iteration 0 Feas 149.3174591064453 (<= 0.009999999776482582) Step 67.60126495361328 (<= 9.999999747378752e-05)
Time taken for MPC:  0.016006306745111942
ADMM done: Total Iterations=1 converged=True rho=1.000e-01 rp=0.000e+00 (<= 1.004e-02) rd=4.555e-04 (<= 1.000e-02) Rho0 1.000e-01
ADMM done: Total Iterations=1 converged=True rho=1.000e-01 rp=0.000e+00 (<= 1.004e-02) rd=4.657e-11 (<= 1.000e-02) Rho0 1.000e-01
SQP Iteration 0 Feas 170.1802978515625 (<= 0.009999999776482582) Step 119.89582061767578 (<= 9.999999747378752e-05)
Time taken for MPC:  0.017676522955298424
ADMM done: Total Iterations=1 converged=True rho=1.000e-01 rp=0.000e+00 (<= 1.004e-02) rd=2.899e-04 (<= 1.000e-02) Rho0 1.000e-01
ADMM done: Total Iterations=1 converged=True rho=1.000e-01 rp=0.000e+00 (<= 1.004e-02) rd=9.313e-11 (<= 1.000e-02) Rho0 1.000e-01
SQP Iteration 0 Feas 110.34038543701172 (<= 0.009999999776482582) Step 67.27523803710938 (<= 9.999999747378752e-05)
Time taken for MPC:  0.01656602742150426
ADMM done: Total Iterations=1 converged=True rho=1.000e-01 rp=0.000e+00 (<= 1.003e-02) rd=3.947e-04 (<= 1.000e-02) Rho0 1.000e-01
ADMM done: Total Iterations=1 converged=True rho=1.000e-01 rp=0.000e+00 (<= 1.003e-02) rd=2.328e-11 (<= 1.000e-02) Rho0 1.000e-01
SQP Iteration 0 Feas 51.09078598022461 (<= 0.009999999776482582) Step 51.09078598022461 (<= 9.999999747378752e-05)
Time taken for MPC:  0.01549809891730547
ADMM done: Total Iterations=1 converged=True rho=1.000e-01 rp=0.000e+00 (<= 1.003e-02) rd=2.312e-04 (<= 1.000e-02) Rho0 1.000e-01
ADMM done: Total Iterations=1 converged=True rho=1.000e-01 rp=0.000e+00 (<= 1.003e-02) rd=4.657e-11 (<= 1.000e-02) Rho0 1.000e-01
SQP Iteration 0 Feas 69.20294952392578 (<= 0.009999999776482582) Step 66.8920669555664 (<= 9.999999747378752e-05)
Time taken for MPC:  0.01579773658886552
ADMM done: Total Iterations=1 converged=True rho=1.000e-01 rp=0.000e+00 (<= 1.002e-02) rd=3.013e-04 (<= 1.000e-02) Rho0 1.000e-01
ADMM done: Total Iterations=1 converged=True rho=1.000e-01 rp=0.000e+00 (<= 1.002e-02) rd=6.985e-11 (<= 1.000e-02) Rho0 1.000e-01
SQP Iteration 0 Feas 86.81092834472656 (<= 0.009999999776482582) Step 70.06932067871094 (<= 9.999999747378752e-05)
Time taken for MPC:  0.015787561889737844
ADMM done: Total Iterations=1 converged=True rho=1.000e-01 rp=0.000e+00 (<= 1.003e-02) rd=3.026e-04 (<= 1.000e-02) Rho0 1.000e-01
ADMM done: Total Iterations=1 converged=True rho=1.000e-01 rp=0.000e+00 (<= 1.003e-02) rd=6.985e-11 (<= 1.000e-02) Rho0 1.000e-01
SQP Iteration 0 Feas 86.89981079101562 (<= 0.009999999776482582) Step 63.95620346069336 (<= 9.999999747378752e-05)
Time taken for MPC:  0.015735330991446972
ADMM done: Total Iterations=1 converged=True rho=1.000e-01 rp=0.000e+00 (<= 1.012e-02) rd=1.471e-03 (<= 1.000e-02) Rho0 1.000e-01
ADMM done: Total Iterations=1 converged=True rho=1.000e-01 rp=0.000e+00 (<= 1.012e-02) rd=2.794e-10 (<= 1.000e-02) Rho0 1.000e-01
SQP Iteration 0 Feas 47.62003707885742 (<= 0.009999999776482582) Step 161.17335510253906 (<= 9.999999747378752e-05)
Time taken for MPC:  0.015553236939013004
ADMM done: Total Iterations=1 converged=True rho=1.000e-01 rp=0.000e+00 (<= 1.002e-02) rd=1.072e-03 (<= 1.000e-02) Rho0 1.000e-01
ADMM done: Total Iterations=1 converged=True rho=1.000e-01 rp=0.000e+00 (<= 1.002e-02) rd=2.328e-10 (<= 1.000e-02) Rho0 1.000e-01
SQP Iteration 0 Feas 104.46421813964844 (<= 0.009999999776482582) Step 104.46421813964844 (<= 9.999999747378752e-05)
Time taken for MPC:  0.015197966247797012
ADMM done: Total Iterations=1 converged=True rho=1.000e-01 rp=0.000e+00 (<= 1.003e-02) rd=1.768e-04 (<= 1.000e-02) Rho0 1.000e-01
ADMM done: Total Iterations=1 converged=True rho=1.000e-01 rp=0.000e+00 (<= 1.003e-02) rd=2.328e-11 (<= 1.000e-02) Rho0 1.000e-01
SQP Iteration 0 Feas 199.64869689941406 (<= 0.009999999776482582) Step 109.54116821289062 (<= 9.999999747378752e-05)
Time taken for MPC:  0.015362855046987534
ADMM done: Total Iterations=1 converged=True rho=1.000e-01 rp=0.000e+00 (<= 1.003e-02) rd=3.114e-04 (<= 1.000e-02) Rho0 1.000e-01
ADMM done: Total Iterations=1 converged=True rho=1.000e-01 rp=0.000e+00 (<= 1.003e-02) rd=4.657e-11 (<= 1.000e-02) Rho0 1.000e-01
SQP Iteration 0 Feas 171.27816772460938 (<= 0.009999999776482582) Step 152.31846618652344 (<= 9.999999747378752e-05)
Time taken for MPC:  0.015693204011768103
ADMM done: Total Iterations=1 converged=True rho=1.000e-01 rp=0.000e+00 (<= 1.002e-02) rd=2.753e-04 (<= 1.000e-02) Rho0 1.000e-01
ADMM done: Total Iterations=1 converged=True rho=1.000e-01 rp=0.000e+00 (<= 1.002e-02) rd=2.947e-11 (<= 1.000e-02) Rho0 1.000e-01
SQP Iteration 0 Feas 155.19552612304688 (<= 0.009999999776482582) Step 155.19552612304688 (<= 9.999999747378752e-05)
Time taken for MPC:  0.015785472933202982
ADMM done: Total Iterations=1 converged=True rho=1.000e-01 rp=0.000e+00 (<= 1.001e-02) rd=3.264e-04 (<= 1.000e-02) Rho0 1.000e-01
ADMM done: Total Iterations=1 converged=True rho=1.000e-01 rp=0.000e+00 (<= 1.001e-02) rd=4.657e-11 (<= 1.000e-02) Rho0 1.000e-01
SQP Iteration 0 Feas 140.88560485839844 (<= 0.009999999776482582) Step 140.88560485839844 (<= 9.999999747378752e-05)
Time taken for MPC:  0.01587933162227273
ADMM done: Total Iterations=1 converged=True rho=1.000e-01 rp=0.000e+00 (<= 1.001e-02) rd=1.277e-04 (<= 1.000e-02) Rho0 1.000e-01
ADMM done: Total Iterations=1 converged=True rho=1.000e-01 rp=0.000e+00 (<= 1.001e-02) rd=1.164e-11 (<= 1.000e-02) Rho0 1.000e-01
SQP Iteration 0 Feas 86.22876739501953 (<= 0.009999999776482582) Step 86.22876739501953 (<= 9.999999747378752e-05)
Time taken for MPC:  0.016141511034220457
ADMM done: Total Iterations=1 converged=True rho=1.000e-01 rp=0.000e+00 (<= 1.001e-02) rd=1.886e-04 (<= 1.000e-02) Rho0 1.000e-01
ADMM done: Total Iterations=1 converged=True rho=1.000e-01 rp=0.000e+00 (<= 1.001e-02) rd=1.164e-11 (<= 1.000e-02) Rho0 1.000e-01
SQP Iteration 0 Feas 72.87377166748047 (<= 0.009999999776482582) Step 72.87377166748047 (<= 9.999999747378752e-05)
Time taken for MPC:  0.015287032816559076
ADMM done: Total Iterations=1 converged=True rho=1.000e-01 rp=0.000e+00 (<= 1.001e-02) rd=1.925e-04 (<= 1.000e-02) Rho0 1.000e-01
ADMM done: Total Iterations=1 converged=True rho=1.000e-01 rp=0.000e+00 (<= 1.001e-02) rd=5.821e-12 (<= 1.000e-02) Rho0 1.000e-01
SQP Iteration 0 Feas 68.61225128173828 (<= 0.009999999776482582) Step 68.61225128173828 (<= 9.999999747378752e-05)
Time taken for MPC:  0.015116495080292225
ADMM done: Total Iterations=1 converged=True rho=1.000e-01 rp=0.000e+00 (<= 1.002e-02) rd=1.719e-04 (<= 1.000e-02) Rho0 1.000e-01
ADMM done: Total Iterations=1 converged=True rho=1.000e-01 rp=0.000e+00 (<= 1.002e-02) rd=2.328e-11 (<= 1.000e-02) Rho0 1.000e-01
SQP Iteration 0 Feas 68.51664733886719 (<= 0.009999999776482582) Step 68.51664733886719 (<= 9.999999747378752e-05)
Time taken for MPC:  0.015079754870384932
ADMM done: Total Iterations=1 converged=True rho=1.000e-01 rp=0.000e+00 (<= 1.001e-02) rd=2.035e-04 (<= 1.000e-02) Rho0 1.000e-01
ADMM done: Total Iterations=1 converged=True rho=1.000e-01 rp=0.000e+00 (<= 1.001e-02) rd=1.164e-11 (<= 1.000e-02) Rho0 1.000e-01
SQP Iteration 0 Feas 71.39423370361328 (<= 0.009999999776482582) Step 71.39423370361328 (<= 9.999999747378752e-05)
Time taken for MPC:  0.01527583273127675
ADMM done: Total Iterations=1 converged=True rho=1.000e-01 rp=0.000e+00 (<= 1.001e-02) rd=2.030e-04 (<= 1.000e-02) Rho0 1.000e-01
ADMM done: Total Iterations=1 converged=True rho=1.000e-01 rp=0.000e+00 (<= 1.001e-02) rd=1.164e-11 (<= 1.000e-02) Rho0 1.000e-01
SQP Iteration 0 Feas 71.45210266113281 (<= 0.009999999776482582) Step 71.45210266113281 (<= 9.999999747378752e-05)
Time taken for MPC:  0.015664097853004932
ADMM done: Total Iterations=1 converged=True rho=1.000e-01 rp=0.000e+00 (<= 1.001e-02) rd=1.993e-04 (<= 1.000e-02) Rho0 1.000e-01
ADMM done: Total Iterations=1 converged=True rho=1.000e-01 rp=0.000e+00 (<= 1.001e-02) rd=5.821e-12 (<= 1.000e-02) Rho0 1.000e-01
SQP Iteration 0 Feas 71.08002471923828 (<= 0.009999999776482582) Step 71.08002471923828 (<= 9.999999747378752e-05)
Time taken for MPC:  0.01592377806082368
ADMM done: Total Iterations=1 converged=True rho=1.000e-01 rp=0.000e+00 (<= 1.003e-02) rd=1.857e-04 (<= 1.000e-02) Rho0 1.000e-01
ADMM done: Total Iterations=1 converged=True rho=1.000e-01 rp=0.000e+00 (<= 1.003e-02) rd=2.328e-11 (<= 1.000e-02) Rho0 1.000e-01
SQP Iteration 0 Feas 99.6412582397461 (<= 0.009999999776482582) Step 99.6412582397461 (<= 9.999999747378752e-05)
Time taken for MPC:  0.016429623123258352
ADMM done: Total Iterations=1 converged=True rho=1.000e-01 rp=0.000e+00 (<= 1.002e-02) rd=2.272e-04 (<= 1.000e-02) Rho0 1.000e-01
ADMM done: Total Iterations=1 converged=True rho=1.000e-01 rp=0.000e+00 (<= 1.002e-02) rd=2.328e-11 (<= 1.000e-02) Rho0 1.000e-01
SQP Iteration 0 Feas 173.1778106689453 (<= 0.009999999776482582) Step 173.1778106689453 (<= 9.999999747378752e-05)
Time taken for MPC:  0.01613066764548421
ADMM done: Total Iterations=1 converged=True rho=1.000e-01 rp=0.000e+00 (<= 1.001e-02) rd=2.591e-04 (<= 1.000e-02) Rho0 1.000e-01
ADMM done: Total Iterations=1 converged=True rho=1.000e-01 rp=0.000e+00 (<= 1.001e-02) rd=1.164e-11 (<= 1.000e-02) Rho0 1.000e-01
SQP Iteration 0 Feas 191.699462890625 (<= 0.009999999776482582) Step 191.699462890625 (<= 9.999999747378752e-05)
Time taken for MPC:  0.015337736811488867
ADMM done: Total Iterations=1 converged=True rho=1.000e-01 rp=0.000e+00 (<= 1.002e-02) rd=1.539e-04 (<= 1.000e-02) Rho0 1.000e-01
ADMM done: Total Iterations=1 converged=True rho=1.000e-01 rp=0.000e+00 (<= 1.002e-02) rd=3.783e-11 (<= 1.000e-02) Rho0 1.000e-01
SQP Iteration 0 Feas 177.91754150390625 (<= 0.009999999776482582) Step 177.91754150390625 (<= 9.999999747378752e-05)
Time taken for MPC:  0.015565153677016497
ADMM done: Total Iterations=1 converged=True rho=1.000e-01 rp=0.000e+00 (<= 1.002e-02) rd=1.658e-04 (<= 1.000e-02) Rho0 1.000e-01
ADMM done: Total Iterations=1 converged=True rho=1.000e-01 rp=0.000e+00 (<= 1.002e-02) rd=1.164e-11 (<= 1.000e-02) Rho0 1.000e-01
SQP Iteration 0 Feas 120.90538787841797 (<= 0.009999999776482582) Step 120.90538787841797 (<= 9.999999747378752e-05)
Time taken for MPC:  0.01560082659125328
ADMM done: Total Iterations=1 converged=True rho=1.000e-01 rp=0.000e+00 (<= 1.002e-02) rd=2.006e-04 (<= 1.000e-02) Rho0 1.000e-01
ADMM done: Total Iterations=1 converged=True rho=1.000e-01 rp=0.000e+00 (<= 1.002e-02) rd=4.657e-11 (<= 1.000e-02) Rho0 1.000e-01
SQP Iteration 0 Feas 78.85662841796875 (<= 0.009999999776482582) Step 78.85662841796875 (<= 9.999999747378752e-05)
Time taken for MPC:  0.0154304220341146
ADMM done: Total Iterations=1 converged=True rho=1.000e-01 rp=0.000e+00 (<= 1.002e-02) rd=2.071e-04 (<= 1.000e-02) Rho0 1.000e-01
ADMM done: Total Iterations=1 converged=True rho=1.000e-01 rp=0.000e+00 (<= 1.002e-02) rd=2.328e-11 (<= 1.000e-02) Rho0 1.000e-01
SQP Iteration 0 Feas 75.4410629272461 (<= 0.009999999776482582) Step 75.4410629272461 (<= 9.999999747378752e-05)
Time taken for MPC:  0.015416384674608707
ADMM done: Total Iterations=1 converged=True rho=1.000e-01 rp=0.000e+00 (<= 1.002e-02) rd=2.149e-04 (<= 1.000e-02) Rho0 1.000e-01
ADMM done: Total Iterations=1 converged=True rho=1.000e-01 rp=0.000e+00 (<= 1.002e-02) rd=4.657e-11 (<= 1.000e-02) Rho0 1.000e-01
SQP Iteration 0 Feas 75.99598693847656 (<= 0.009999999776482582) Step 75.99598693847656 (<= 9.999999747378752e-05)
Time taken for MPC:  0.015522585716098547
ADMM done: Total Iterations=1 converged=True rho=1.000e-01 rp=0.000e+00 (<= 1.003e-02) rd=2.173e-04 (<= 1.000e-02) Rho0 1.000e-01
ADMM done: Total Iterations=1 converged=True rho=1.000e-01 rp=0.000e+00 (<= 1.003e-02) rd=2.328e-11 (<= 1.000e-02) Rho0 1.000e-01
SQP Iteration 0 Feas 77.65795135498047 (<= 0.009999999776482582) Step 77.65795135498047 (<= 9.999999747378752e-05)
Time taken for MPC:  0.014854814857244492
ADMM done: Total Iterations=1 converged=True rho=1.000e-01 rp=0.000e+00 (<= 1.003e-02) rd=2.169e-04 (<= 1.000e-02) Rho0 1.000e-01
ADMM done: Total Iterations=1 converged=True rho=1.000e-01 rp=0.000e+00 (<= 1.003e-02) rd=2.328e-11 (<= 1.000e-02) Rho0 1.000e-01
SQP Iteration 0 Feas 80.72267150878906 (<= 0.009999999776482582) Step 80.72267150878906 (<= 9.999999747378752e-05)
Time taken for MPC:  0.014729961287230253
ADMM done: Total Iterations=1 converged=True rho=1.000e-01 rp=0.000e+00 (<= 1.003e-02) rd=2.465e-04 (<= 1.000e-02) Rho0 1.000e-01
ADMM done: Total Iterations=1 converged=True rho=1.000e-01 rp=0.000e+00 (<= 1.003e-02) rd=1.164e-11 (<= 1.000e-02) Rho0 1.000e-01
SQP Iteration 0 Feas 82.00566101074219 (<= 0.009999999776482582) Step 82.00566101074219 (<= 9.999999747378752e-05)
Time taken for MPC:  0.015482401940971613
ADMM done: Total Iterations=1 converged=True rho=1.000e-01 rp=0.000e+00 (<= 1.003e-02) rd=2.150e-04 (<= 1.000e-02) Rho0 1.000e-01
ADMM done: Total Iterations=1 converged=True rho=1.000e-01 rp=0.000e+00 (<= 1.003e-02) rd=2.328e-11 (<= 1.000e-02) Rho0 1.000e-01
SQP Iteration 0 Feas 83.36534881591797 (<= 0.009999999776482582) Step 83.36534881591797 (<= 9.999999747378752e-05)
Time taken for MPC:  0.015660894103348255
ADMM done: Total Iterations=1 converged=True rho=1.000e-01 rp=0.000e+00 (<= 1.002e-02) rd=2.925e-04 (<= 1.000e-02) Rho0 1.000e-01
ADMM done: Total Iterations=1 converged=True rho=1.000e-01 rp=0.000e+00 (<= 1.002e-02) rd=1.164e-11 (<= 1.000e-02) Rho0 1.000e-01
SQP Iteration 0 Feas 83.67621612548828 (<= 0.009999999776482582) Step 83.67621612548828 (<= 9.999999747378752e-05)
Time taken for MPC:  0.015915853902697563
ADMM done: Total Iterations=1 converged=True rho=1.000e-01 rp=0.000e+00 (<= 1.003e-02) rd=1.947e-04 (<= 1.000e-02) Rho0 1.000e-01
ADMM done: Total Iterations=1 converged=True rho=1.000e-01 rp=0.000e+00 (<= 1.003e-02) rd=4.657e-11 (<= 1.000e-02) Rho0 1.000e-01
SQP Iteration 0 Feas 81.67967987060547 (<= 0.009999999776482582) Step 81.67967987060547 (<= 9.999999747378752e-05)
Time taken for MPC:  0.01573912426829338
ADMM done: Total Iterations=1 converged=True rho=1.000e-01 rp=0.000e+00 (<= 1.003e-02) rd=2.323e-04 (<= 1.000e-02) Rho0 1.000e-01
ADMM done: Total Iterations=1 converged=True rho=1.000e-01 rp=0.000e+00 (<= 1.003e-02) rd=4.657e-11 (<= 1.000e-02) Rho0 1.000e-01
SQP Iteration 0 Feas 82.18753814697266 (<= 0.009999999776482582) Step 82.18753814697266 (<= 9.999999747378752e-05)
Time taken for MPC:  0.015829033218324184
ADMM done: Total Iterations=1 converged=True rho=1.000e-01 rp=0.000e+00 (<= 1.003e-02) rd=2.442e-04 (<= 1.000e-02) Rho0 1.000e-01
ADMM done: Total Iterations=1 converged=True rho=1.000e-01 rp=0.000e+00 (<= 1.003e-02) rd=2.328e-11 (<= 1.000e-02) Rho0 1.000e-01
SQP Iteration 0 Feas 79.5846939086914 (<= 0.009999999776482582) Step 79.5846939086914 (<= 9.999999747378752e-05)
Time taken for MPC:  0.01555638900026679
ADMM done: Total Iterations=1 converged=True rho=1.000e-01 rp=0.000e+00 (<= 1.003e-02) rd=2.347e-04 (<= 1.000e-02) Rho0 1.000e-01
ADMM done: Total Iterations=1 converged=True rho=1.000e-01 rp=0.000e+00 (<= 1.003e-02) rd=2.328e-11 (<= 1.000e-02) Rho0 1.000e-01
SQP Iteration 0 Feas 77.54377746582031 (<= 0.009999999776482582) Step 77.54377746582031 (<= 9.999999747378752e-05)
Time taken for MPC:  0.014800229109823704
ADMM done: Total Iterations=1 converged=True rho=1.000e-01 rp=0.000e+00 (<= 1.003e-02) rd=2.680e-04 (<= 1.000e-02) Rho0 1.000e-01
ADMM done: Total Iterations=1 converged=True rho=1.000e-01 rp=0.000e+00 (<= 1.003e-02) rd=1.746e-11 (<= 1.000e-02) Rho0 1.000e-01
SQP Iteration 0 Feas 107.55652618408203 (<= 0.009999999776482582) Step 78.6098861694336 (<= 9.999999747378752e-05)
Time taken for MPC:  0.01471370318904519
ADMM done: Total Iterations=1 converged=True rho=1.000e-01 rp=0.000e+00 (<= 1.003e-02) rd=2.239e-04 (<= 1.000e-02) Rho0 1.000e-01
ADMM done: Total Iterations=1 converged=True rho=1.000e-01 rp=0.000e+00 (<= 1.003e-02) rd=4.657e-11 (<= 1.000e-02) Rho0 1.000e-01
SQP Iteration 0 Feas 75.57538604736328 (<= 0.009999999776482582) Step 75.57538604736328 (<= 9.999999747378752e-05)
Time taken for MPC:  0.015142706222832203
ADMM done: Total Iterations=1 converged=True rho=1.000e-01 rp=0.000e+00 (<= 1.002e-02) rd=3.027e-04 (<= 1.000e-02) Rho0 1.000e-01
ADMM done: Total Iterations=1 converged=True rho=1.000e-01 rp=0.000e+00 (<= 1.002e-02) rd=2.328e-11 (<= 1.000e-02) Rho0 1.000e-01
SQP Iteration 0 Feas 77.28913116455078 (<= 0.009999999776482582) Step 77.28913116455078 (<= 9.999999747378752e-05)
Time taken for MPC:  0.015094762668013573
ADMM done: Total Iterations=1 converged=True rho=1.000e-01 rp=0.000e+00 (<= 1.003e-02) rd=1.697e-04 (<= 1.000e-02) Rho0 1.000e-01
ADMM done: Total Iterations=1 converged=True rho=1.000e-01 rp=0.000e+00 (<= 1.003e-02) rd=1.164e-11 (<= 1.000e-02) Rho0 1.000e-01
SQP Iteration 0 Feas 74.93916320800781 (<= 0.009999999776482582) Step 74.93916320800781 (<= 9.999999747378752e-05)
Time taken for MPC:  0.018097107764333487
ADMM done: Total Iterations=1 converged=True rho=1.000e-01 rp=0.000e+00 (<= 1.002e-02) rd=2.925e-04 (<= 1.000e-02) Rho0 1.000e-01
ADMM done: Total Iterations=1 converged=True rho=1.000e-01 rp=0.000e+00 (<= 1.002e-02) rd=2.328e-11 (<= 1.000e-02) Rho0 1.000e-01
SQP Iteration 0 Feas 78.80923461914062 (<= 0.009999999776482582) Step 78.80923461914062 (<= 9.999999747378752e-05)
Time taken for MPC:  0.01885271817445755
ADMM done: Total Iterations=1 converged=True rho=1.000e-01 rp=0.000e+00 (<= 1.003e-02) rd=1.484e-04 (<= 1.000e-02) Rho0 1.000e-01
ADMM done: Total Iterations=1 converged=True rho=1.000e-01 rp=0.000e+00 (<= 1.003e-02) rd=2.328e-11 (<= 1.000e-02) Rho0 1.000e-01
SQP Iteration 0 Feas 74.42564392089844 (<= 0.009999999776482582) Step 74.42564392089844 (<= 9.999999747378752e-05)
Time taken for MPC:  0.018760310020297766
ADMM done: Total Iterations=1 converged=True rho=1.000e-01 rp=0.000e+00 (<= 1.002e-02) rd=2.604e-04 (<= 1.000e-02) Rho0 1.000e-01
ADMM done: Total Iterations=1 converged=True rho=1.000e-01 rp=0.000e+00 (<= 1.002e-02) rd=2.328e-11 (<= 1.000e-02) Rho0 1.000e-01
SQP Iteration 0 Feas 72.66304016113281 (<= 0.009999999776482582) Step 72.66304016113281 (<= 9.999999747378752e-05)
Time taken for MPC:  0.01652828138321638
ADMM done: Total Iterations=1 converged=True rho=1.000e-01 rp=0.000e+00 (<= 1.002e-02) rd=1.897e-04 (<= 1.000e-02) Rho0 1.000e-01
ADMM done: Total Iterations=1 converged=True rho=1.000e-01 rp=0.000e+00 (<= 1.002e-02) rd=5.821e-12 (<= 1.000e-02) Rho0 1.000e-01
SQP Iteration 0 Feas 73.27063751220703 (<= 0.009999999776482582) Step 73.27063751220703 (<= 9.999999747378752e-05)
Time taken for MPC:  0.016441546846181154
ADMM done: Total Iterations=1 converged=True rho=1.000e-01 rp=0.000e+00 (<= 1.002e-02) rd=2.118e-04 (<= 1.000e-02) Rho0 1.000e-01
ADMM done: Total Iterations=1 converged=True rho=1.000e-01 rp=0.000e+00 (<= 1.002e-02) rd=2.328e-11 (<= 1.000e-02) Rho0 1.000e-01
SQP Iteration 0 Feas 68.6426010131836 (<= 0.009999999776482582) Step 68.6426010131836 (<= 9.999999747378752e-05)
Time taken for MPC:  0.016097669955343008
ADMM done: Total Iterations=1 converged=True rho=1.000e-01 rp=0.000e+00 (<= 1.003e-02) rd=5.470e-04 (<= 1.000e-02) Rho0 1.000e-01
ADMM done: Total Iterations=1 converged=True rho=1.000e-01 rp=0.000e+00 (<= 1.003e-02) rd=9.313e-11 (<= 1.000e-02) Rho0 1.000e-01
SQP Iteration 0 Feas 40.1526985168457 (<= 0.009999999776482582) Step 78.61921691894531 (<= 9.999999747378752e-05)
Time taken for MPC:  0.014876152854412794
ADMM done: Total Iterations=1 converged=True rho=1.000e-01 rp=0.000e+00 (<= 1.003e-02) rd=4.063e-04 (<= 1.000e-02) Rho0 1.000e-01
ADMM done: Total Iterations=1 converged=True rho=1.000e-01 rp=0.000e+00 (<= 1.003e-02) rd=9.313e-11 (<= 1.000e-02) Rho0 1.000e-01
SQP Iteration 0 Feas 115.98887634277344 (<= 0.009999999776482582) Step 115.98887634277344 (<= 9.999999747378752e-05)
Time taken for MPC:  0.015076171606779099
ADMM done: Total Iterations=1 converged=True rho=1.000e-01 rp=0.000e+00 (<= 1.002e-02) rd=2.430e-04 (<= 1.000e-02) Rho0 1.000e-01
ADMM done: Total Iterations=1 converged=True rho=1.000e-01 rp=0.000e+00 (<= 1.002e-02) rd=2.328e-11 (<= 1.000e-02) Rho0 1.000e-01
SQP Iteration 0 Feas 145.90509033203125 (<= 0.009999999776482582) Step 145.90509033203125 (<= 9.999999747378752e-05)
Time taken for MPC:  0.014765484258532524
ADMM done: Total Iterations=1 converged=True rho=1.000e-01 rp=0.000e+00 (<= 1.002e-02) rd=2.209e-04 (<= 1.000e-02) Rho0 1.000e-01
ADMM done: Total Iterations=1 converged=True rho=1.000e-01 rp=0.000e+00 (<= 1.002e-02) rd=2.328e-11 (<= 1.000e-02) Rho0 1.000e-01
SQP Iteration 0 Feas 157.6416778564453 (<= 0.009999999776482582) Step 157.6416778564453 (<= 9.999999747378752e-05)
Time taken for MPC:  0.015143048018217087
ADMM done: Total Iterations=1 converged=True rho=1.000e-01 rp=0.000e+00 (<= 1.002e-02) rd=3.783e-04 (<= 1.000e-02) Rho0 1.000e-01
ADMM done: Total Iterations=1 converged=True rho=1.000e-01 rp=0.000e+00 (<= 1.002e-02) rd=6.985e-11 (<= 1.000e-02) Rho0 1.000e-01
SQP Iteration 0 Feas 131.4766845703125 (<= 0.009999999776482582) Step 131.4766845703125 (<= 9.999999747378752e-05)
Time taken for MPC:  0.015400358941406012
ADMM done: Total Iterations=1 converged=True rho=1.000e-01 rp=0.000e+00 (<= 1.001e-02) rd=1.209e-04 (<= 1.000e-02) Rho0 1.000e-01
ADMM done: Total Iterations=1 converged=True rho=1.000e-01 rp=0.000e+00 (<= 1.001e-02) rd=2.328e-11 (<= 1.000e-02) Rho0 1.000e-01
SQP Iteration 0 Feas 60.295143127441406 (<= 0.009999999776482582) Step 60.295143127441406 (<= 9.999999747378752e-05)
Time taken for MPC:  0.014775092713534832
ADMM done: Total Iterations=1 converged=True rho=1.000e-01 rp=0.000e+00 (<= 1.001e-02) rd=2.001e-04 (<= 1.000e-02) Rho0 1.000e-01
ADMM done: Total Iterations=1 converged=True rho=1.000e-01 rp=0.000e+00 (<= 1.001e-02) rd=8.004e-12 (<= 1.000e-02) Rho0 1.000e-01
SQP Iteration 0 Feas 53.961997985839844 (<= 0.009999999776482582) Step 53.961997985839844 (<= 9.999999747378752e-05)
Time taken for MPC:  0.015008085872977972
ADMM done: Total Iterations=1 converged=True rho=1.000e-01 rp=0.000e+00 (<= 1.002e-02) rd=1.823e-04 (<= 1.000e-02) Rho0 1.000e-01
ADMM done: Total Iterations=1 converged=True rho=1.000e-01 rp=0.000e+00 (<= 1.002e-02) rd=7.276e-12 (<= 1.000e-02) Rho0 1.000e-01
SQP Iteration 0 Feas 53.09701919555664 (<= 0.009999999776482582) Step 53.09701919555664 (<= 9.999999747378752e-05)
Time taken for MPC:  0.015245507936924696
ADMM done: Total Iterations=1 converged=True rho=1.000e-01 rp=0.000e+00 (<= 1.002e-02) rd=1.994e-04 (<= 1.000e-02) Rho0 1.000e-01
ADMM done: Total Iterations=1 converged=True rho=1.000e-01 rp=0.000e+00 (<= 1.002e-02) rd=1.164e-11 (<= 1.000e-02) Rho0 1.000e-01
SQP Iteration 0 Feas 56.233516693115234 (<= 0.009999999776482582) Step 56.233516693115234 (<= 9.999999747378752e-05)
Time taken for MPC:  0.014514249749481678
ADMM done: Total Iterations=1 converged=True rho=1.000e-01 rp=0.000e+00 (<= 1.002e-02) rd=1.961e-04 (<= 1.000e-02) Rho0 1.000e-01
ADMM done: Total Iterations=1 converged=True rho=1.000e-01 rp=0.000e+00 (<= 1.002e-02) rd=5.821e-12 (<= 1.000e-02) Rho0 1.000e-01
SQP Iteration 0 Feas 57.48273849487305 (<= 0.009999999776482582) Step 57.48273849487305 (<= 9.999999747378752e-05)
Time taken for MPC:  0.014387842267751694
ADMM done: Total Iterations=1 converged=True rho=1.000e-01 rp=0.000e+00 (<= 1.002e-02) rd=2.042e-04 (<= 1.000e-02) Rho0 1.000e-01
ADMM done: Total Iterations=1 converged=True rho=1.000e-01 rp=0.000e+00 (<= 1.002e-02) rd=1.164e-11 (<= 1.000e-02) Rho0 1.000e-01
SQP Iteration 0 Feas 66.04844665527344 (<= 0.009999999776482582) Step 66.04844665527344 (<= 9.999999747378752e-05)
Time taken for MPC:  0.014319412875920534
ADMM done: Total Iterations=1 converged=True rho=1.000e-01 rp=0.000e+00 (<= 1.002e-02) rd=1.558e-04 (<= 1.000e-02) Rho0 1.000e-01
ADMM done: Total Iterations=1 converged=True rho=1.000e-01 rp=0.000e+00 (<= 1.002e-02) rd=2.328e-11 (<= 1.000e-02) Rho0 1.000e-01
SQP Iteration 0 Feas 100.72919464111328 (<= 0.009999999776482582) Step 100.72919464111328 (<= 9.999999747378752e-05)
Time taken for MPC:  0.014303260017186403
ADMM done: Total Iterations=1 converged=True rho=1.000e-01 rp=0.000e+00 (<= 1.002e-02) rd=2.797e-04 (<= 1.000e-02) Rho0 1.000e-01
ADMM done: Total Iterations=1 converged=True rho=1.000e-01 rp=0.000e+00 (<= 1.002e-02) rd=1.164e-11 (<= 1.000e-02) Rho0 1.000e-01
SQP Iteration 0 Feas 169.54989624023438 (<= 0.009999999776482582) Step 169.54989624023438 (<= 9.999999747378752e-05)
Time taken for MPC:  0.01464656088501215
ADMM done: Total Iterations=1 converged=True rho=1.000e-01 rp=0.000e+00 (<= 1.002e-02) rd=2.206e-04 (<= 1.000e-02) Rho0 1.000e-01
ADMM done: Total Iterations=1 converged=True rho=1.000e-01 rp=0.000e+00 (<= 1.002e-02) rd=2.328e-11 (<= 1.000e-02) Rho0 1.000e-01
SQP Iteration 0 Feas 181.17617797851562 (<= 0.009999999776482582) Step 181.17617797851562 (<= 9.999999747378752e-05)
Time taken for MPC:  0.014757177792489529
ADMM done: Total Iterations=1 converged=True rho=1.000e-01 rp=0.000e+00 (<= 1.002e-02) rd=1.793e-04 (<= 1.000e-02) Rho0 1.000e-01
ADMM done: Total Iterations=1 converged=True rho=1.000e-01 rp=0.000e+00 (<= 1.002e-02) rd=2.328e-11 (<= 1.000e-02) Rho0 1.000e-01
SQP Iteration 0 Feas 149.1494140625 (<= 0.009999999776482582) Step 149.1494140625 (<= 9.999999747378752e-05)
Time taken for MPC:  0.01512564206495881
ADMM done: Total Iterations=1 converged=True rho=1.000e-01 rp=0.000e+00 (<= 1.003e-02) rd=2.192e-04 (<= 1.000e-02) Rho0 1.000e-01
ADMM done: Total Iterations=1 converged=True rho=1.000e-01 rp=0.000e+00 (<= 1.003e-02) rd=2.328e-11 (<= 1.000e-02) Rho0 1.000e-01
SQP Iteration 0 Feas 103.74258422851562 (<= 0.009999999776482582) Step 103.74258422851562 (<= 9.999999747378752e-05)
Time taken for MPC:  0.016432079020887613
ADMM done: Total Iterations=1 converged=True rho=1.000e-01 rp=0.000e+00 (<= 1.003e-02) rd=1.993e-04 (<= 1.000e-02) Rho0 1.000e-01
ADMM done: Total Iterations=1 converged=True rho=1.000e-01 rp=0.000e+00 (<= 1.003e-02) rd=2.328e-11 (<= 1.000e-02) Rho0 1.000e-01
SQP Iteration 0 Feas 76.18531799316406 (<= 0.009999999776482582) Step 76.18531799316406 (<= 9.999999747378752e-05)
Time taken for MPC:  0.016307559795677662
ADMM done: Total Iterations=1 converged=True rho=1.000e-01 rp=0.000e+00 (<= 1.003e-02) rd=2.665e-04 (<= 1.000e-02) Rho0 1.000e-01
ADMM done: Total Iterations=1 converged=True rho=1.000e-01 rp=0.000e+00 (<= 1.003e-02) rd=1.164e-11 (<= 1.000e-02) Rho0 1.000e-01
SQP Iteration 0 Feas 69.83207702636719 (<= 0.009999999776482582) Step 69.83207702636719 (<= 9.999999747378752e-05)
Time taken for MPC:  0.016036213841289282
ADMM done: Total Iterations=1 converged=True rho=1.000e-01 rp=0.000e+00 (<= 1.003e-02) rd=1.832e-04 (<= 1.000e-02) Rho0 1.000e-01
ADMM done: Total Iterations=1 converged=True rho=1.000e-01 rp=0.000e+00 (<= 1.003e-02) rd=2.328e-11 (<= 1.000e-02) Rho0 1.000e-01
SQP Iteration 0 Feas 69.58226776123047 (<= 0.009999999776482582) Step 69.58226776123047 (<= 9.999999747378752e-05)
Time taken for MPC:  0.01585771283134818
ADMM done: Total Iterations=1 converged=True rho=1.000e-01 rp=0.000e+00 (<= 1.002e-02) rd=3.420e-04 (<= 1.000e-02) Rho0 1.000e-01
ADMM done: Total Iterations=1 converged=True rho=1.000e-01 rp=0.000e+00 (<= 1.002e-02) rd=2.328e-11 (<= 1.000e-02) Rho0 1.000e-01
SQP Iteration 0 Feas 68.91951751708984 (<= 0.009999999776482582) Step 68.91951751708984 (<= 9.999999747378752e-05)
Time taken for MPC:  0.015512628015130758
ADMM done: Total Iterations=1 converged=True rho=1.000e-01 rp=0.000e+00 (<= 1.003e-02) rd=1.624e-04 (<= 1.000e-02) Rho0 1.000e-01
ADMM done: Total Iterations=1 converged=True rho=1.000e-01 rp=0.000e+00 (<= 1.003e-02) rd=2.328e-11 (<= 1.000e-02) Rho0 1.000e-01
SQP Iteration 0 Feas 70.14714050292969 (<= 0.009999999776482582) Step 70.14714050292969 (<= 9.999999747378752e-05)
Time taken for MPC:  0.015037484932690859
ADMM done: Total Iterations=1 converged=True rho=1.000e-01 rp=0.000e+00 (<= 1.001e-02) rd=4.475e-04 (<= 1.000e-02) Rho0 1.000e-01
ADMM done: Total Iterations=1 converged=True rho=1.000e-01 rp=0.000e+00 (<= 1.001e-02) rd=5.821e-11 (<= 1.000e-02) Rho0 1.000e-01
SQP Iteration 0 Feas 68.64514923095703 (<= 0.009999999776482582) Step 68.64514923095703 (<= 9.999999747378752e-05)
Time taken for MPC:  0.015392462257295847
ADMM done: Total Iterations=1 converged=True rho=1.000e-01 rp=0.000e+00 (<= 1.002e-02) rd=1.722e-04 (<= 1.000e-02) Rho0 1.000e-01
ADMM done: Total Iterations=1 converged=True rho=1.000e-01 rp=0.000e+00 (<= 1.002e-02) rd=5.530e-11 (<= 1.000e-02) Rho0 1.000e-01
SQP Iteration 0 Feas 74.09071350097656 (<= 0.009999999776482582) Step 74.09071350097656 (<= 9.999999747378752e-05)
Time taken for MPC:  0.01606245106086135
ADMM done: Total Iterations=1 converged=True rho=1.000e-01 rp=0.000e+00 (<= 1.004e-02) rd=2.118e-04 (<= 1.000e-02) Rho0 1.000e-01
ADMM done: Total Iterations=1 converged=True rho=1.000e-01 rp=0.000e+00 (<= 1.004e-02) rd=1.164e-10 (<= 1.000e-02) Rho0 1.000e-01
SQP Iteration 0 Feas 63.117191314697266 (<= 0.009999999776482582) Step 63.117191314697266 (<= 9.999999747378752e-05)
Time taken for MPC:  0.015120179392397404
ADMM done: Total Iterations=1 converged=True rho=1.000e-01 rp=0.000e+00 (<= 1.003e-02) rd=6.635e-04 (<= 1.000e-02) Rho0 1.000e-01
ADMM done: Total Iterations=1 converged=True rho=1.000e-01 rp=0.000e+00 (<= 1.003e-02) rd=1.455e-10 (<= 1.000e-02) Rho0 1.000e-01
SQP Iteration 0 Feas 80.47669982910156 (<= 0.009999999776482582) Step 80.47669982910156 (<= 9.999999747378752e-05)
Time taken for MPC:  0.015330092050135136
ADMM done: Total Iterations=1 converged=True rho=1.000e-01 rp=0.000e+00 (<= 1.008e-02) rd=9.841e-04 (<= 1.000e-02) Rho0 1.000e-01
ADMM done: Total Iterations=1 converged=True rho=1.000e-01 rp=0.000e+00 (<= 1.008e-02) rd=2.794e-10 (<= 1.000e-02) Rho0 1.000e-01
SQP Iteration 0 Feas 66.57815551757812 (<= 0.009999999776482582) Step 106.8620376586914 (<= 9.999999747378752e-05)
Time taken for MPC:  0.01510009728372097
ADMM done: Total Iterations=1 converged=True rho=1.000e-01 rp=0.000e+00 (<= 1.003e-02) rd=1.039e-03 (<= 1.000e-02) Rho0 1.000e-01
ADMM done: Total Iterations=1 converged=True rho=1.000e-01 rp=0.000e+00 (<= 1.003e-02) rd=1.397e-10 (<= 1.000e-02) Rho0 1.000e-01
SQP Iteration 0 Feas 86.38134765625 (<= 0.009999999776482582) Step 119.11573028564453 (<= 9.999999747378752e-05)
Time taken for MPC:  0.014901877846568823
ADMM done: Total Iterations=1 converged=True rho=1.000e-01 rp=0.000e+00 (<= 1.010e-02) rd=1.217e-03 (<= 1.000e-02) Rho0 1.000e-01
ADMM done: Total Iterations=1 converged=True rho=1.000e-01 rp=0.000e+00 (<= 1.010e-02) rd=1.863e-10 (<= 1.000e-02) Rho0 1.000e-01
SQP Iteration 0 Feas 181.49517822265625 (<= 0.009999999776482582) Step 120.3992919921875 (<= 9.999999747378752e-05)
Time taken for MPC:  0.014657042920589447
ADMM done: Total Iterations=1 converged=True rho=1.000e-01 rp=0.000e+00 (<= 1.006e-02) rd=1.434e-03 (<= 1.000e-02) Rho0 1.000e-01
ADMM done: Total Iterations=1 converged=True rho=1.000e-01 rp=0.000e+00 (<= 1.006e-02) rd=1.164e-10 (<= 1.000e-02) Rho0 1.000e-01
SQP Iteration 0 Feas 612.5969848632812 (<= 0.009999999776482582) Step 94.0226058959961 (<= 9.999999747378752e-05)
Time taken for MPC:  0.014797425828874111
ADMM done: Total Iterations=1 converged=True rho=1.000e-01 rp=0.000e+00 (<= 1.003e-02) rd=7.358e-04 (<= 1.000e-02) Rho0 1.000e-01
ADMM done: Total Iterations=1 converged=True rho=1.000e-01 rp=0.000e+00 (<= 1.003e-02) rd=9.313e-11 (<= 1.000e-02) Rho0 1.000e-01
SQP Iteration 0 Feas 524.2719116210938 (<= 0.009999999776482582) Step 115.72879791259766 (<= 9.999999747378752e-05)
Time taken for MPC:  0.01460403623059392
ADMM done: Total Iterations=1 converged=True rho=1.000e-01 rp=0.000e+00 (<= 1.010e-02) rd=1.214e-03 (<= 1.000e-02) Rho0 1.000e-01
ADMM done: Total Iterations=1 converged=True rho=1.000e-01 rp=0.000e+00 (<= 1.010e-02) rd=1.863e-10 (<= 1.000e-02) Rho0 1.000e-01
SQP Iteration 0 Feas 383.4963684082031 (<= 0.009999999776482582) Step 162.05543518066406 (<= 9.999999747378752e-05)
Time taken for MPC:  0.014643965754657984
ADMM done: Total Iterations=1 converged=True rho=1.000e-01 rp=0.000e+00 (<= 1.009e-02) rd=1.936e-03 (<= 1.000e-02) Rho0 1.000e-01
ADMM done: Total Iterations=1 converged=True rho=1.000e-01 rp=0.000e+00 (<= 1.009e-02) rd=1.863e-10 (<= 1.000e-02) Rho0 1.000e-01
SQP Iteration 0 Feas 111.82406616210938 (<= 0.009999999776482582) Step 195.8369140625 (<= 9.999999747378752e-05)
Time taken for MPC:  0.015062651596963406
ADMM done: Total Iterations=1 converged=True rho=1.000e-01 rp=0.000e+00 (<= 1.002e-02) rd=9.564e-04 (<= 1.000e-02) Rho0 1.000e-01
ADMM done: Total Iterations=1 converged=True rho=1.000e-01 rp=0.000e+00 (<= 1.002e-02) rd=1.863e-10 (<= 1.000e-02) Rho0 1.000e-01
SQP Iteration 0 Feas 94.72553253173828 (<= 0.009999999776482582) Step 133.094970703125 (<= 9.999999747378752e-05)
Time taken for MPC:  0.015044097788631916
ADMM done: Total Iterations=1 converged=True rho=1.000e-01 rp=0.000e+00 (<= 1.001e-02) rd=3.196e-04 (<= 1.000e-02) Rho0 1.000e-01
ADMM done: Total Iterations=1 converged=True rho=1.000e-01 rp=0.000e+00 (<= 1.001e-02) rd=4.657e-11 (<= 1.000e-02) Rho0 1.000e-01
SQP Iteration 0 Feas 87.65595245361328 (<= 0.009999999776482582) Step 85.00102233886719 (<= 9.999999747378752e-05)
Time taken for MPC:  0.015265131834894419
ADMM done: Total Iterations=1 converged=True rho=1.000e-01 rp=0.000e+00 (<= 1.003e-02) rd=1.967e-04 (<= 1.000e-02) Rho0 1.000e-01
ADMM done: Total Iterations=1 converged=True rho=1.000e-01 rp=0.000e+00 (<= 1.003e-02) rd=1.164e-11 (<= 1.000e-02) Rho0 1.000e-01
SQP Iteration 0 Feas 54.01863098144531 (<= 0.009999999776482582) Step 54.891231536865234 (<= 9.999999747378752e-05)
Time taken for MPC:  0.016729580238461494
ADMM done: Total Iterations=1 converged=True rho=1.000e-01 rp=0.000e+00 (<= 1.002e-02) rd=3.366e-04 (<= 1.000e-02) Rho0 1.000e-01
ADMM done: Total Iterations=1 converged=True rho=1.000e-01 rp=0.000e+00 (<= 1.002e-02) rd=6.985e-11 (<= 1.000e-02) Rho0 1.000e-01
SQP Iteration 0 Feas 62.709136962890625 (<= 0.009999999776482582) Step 57.64688491821289 (<= 9.999999747378752e-05)
Time taken for MPC:  0.01576118264347315
ADMM done: Total Iterations=1 converged=True rho=1.000e-01 rp=0.000e+00 (<= 1.002e-02) rd=1.232e-04 (<= 1.000e-02) Rho0 1.000e-01
ADMM done: Total Iterations=1 converged=True rho=1.000e-01 rp=0.000e+00 (<= 1.002e-02) rd=1.164e-11 (<= 1.000e-02) Rho0 1.000e-01
SQP Iteration 0 Feas 54.306724548339844 (<= 0.009999999776482582) Step 67.2986831665039 (<= 9.999999747378752e-05)
Time taken for MPC:  0.015032172668725252
ADMM done: Total Iterations=1 converged=True rho=1.000e-01 rp=0.000e+00 (<= 1.003e-02) rd=1.858e-04 (<= 1.000e-02) Rho0 1.000e-01
ADMM done: Total Iterations=1 converged=True rho=1.000e-01 rp=0.000e+00 (<= 1.003e-02) rd=2.328e-11 (<= 1.000e-02) Rho0 1.000e-01
SQP Iteration 0 Feas 45.04623794555664 (<= 0.009999999776482582) Step 89.26800537109375 (<= 9.999999747378752e-05)
Time taken for MPC:  0.01593723800033331
ADMM done: Total Iterations=1 converged=True rho=1.000e-01 rp=0.000e+00 (<= 1.005e-02) rd=8.370e-04 (<= 1.000e-02) Rho0 1.000e-01
ADMM done: Total Iterations=1 converged=True rho=1.000e-01 rp=0.000e+00 (<= 1.005e-02) rd=1.863e-10 (<= 1.000e-02) Rho0 1.000e-01
SQP Iteration 0 Feas 239.00933837890625 (<= 0.009999999776482582) Step 239.00933837890625 (<= 9.999999747378752e-05)
Time taken for MPC:  0.015857344958931208
ADMM done: Total Iterations=1 converged=True rho=1.000e-01 rp=0.000e+00 (<= 1.004e-02) rd=6.948e-04 (<= 1.000e-02) Rho0 1.000e-01
ADMM done: Total Iterations=1 converged=True rho=1.000e-01 rp=0.000e+00 (<= 1.004e-02) rd=1.397e-10 (<= 1.000e-02) Rho0 1.000e-01
SQP Iteration 0 Feas 267.63037109375 (<= 0.009999999776482582) Step 267.63037109375 (<= 9.999999747378752e-05)
Time taken for MPC:  0.0158015638589859
ADMM done: Total Iterations=1 converged=True rho=1.000e-01 rp=0.000e+00 (<= 1.001e-02) rd=4.625e-04 (<= 1.000e-02) Rho0 1.000e-01
ADMM done: Total Iterations=1 converged=True rho=1.000e-01 rp=0.000e+00 (<= 1.001e-02) rd=7.567e-11 (<= 1.000e-02) Rho0 1.000e-01
SQP Iteration 0 Feas 82.1904525756836 (<= 0.009999999776482582) Step 82.1904525756836 (<= 9.999999747378752e-05)
Time taken for MPC:  0.015459774062037468
ADMM done: Total Iterations=1 converged=True rho=1.000e-01 rp=0.000e+00 (<= 1.002e-02) rd=1.576e-04 (<= 1.000e-02) Rho0 1.000e-01
ADMM done: Total Iterations=1 converged=True rho=1.000e-01 rp=0.000e+00 (<= 1.002e-02) rd=5.821e-12 (<= 1.000e-02) Rho0 1.000e-01
SQP Iteration 0 Feas 111.74380493164062 (<= 0.009999999776482582) Step 111.74380493164062 (<= 9.999999747378752e-05)
Time taken for MPC:  0.015282345935702324
ADMM done: Total Iterations=1 converged=True rho=1.000e-01 rp=0.000e+00 (<= 1.004e-02) rd=5.735e-04 (<= 1.000e-02) Rho0 1.000e-01
ADMM done: Total Iterations=1 converged=True rho=1.000e-01 rp=0.000e+00 (<= 1.004e-02) rd=9.313e-11 (<= 1.000e-02) Rho0 1.000e-01
SQP Iteration 0 Feas 125.47075653076172 (<= 0.009999999776482582) Step 125.47075653076172 (<= 9.999999747378752e-05)
Time taken for MPC:  0.014842892996966839
ADMM done: Total Iterations=1 converged=True rho=1.000e-01 rp=0.000e+00 (<= 1.002e-02) rd=1.862e-04 (<= 1.000e-02) Rho0 1.000e-01
ADMM done: Total Iterations=1 converged=True rho=1.000e-01 rp=0.000e+00 (<= 1.002e-02) rd=4.657e-11 (<= 1.000e-02) Rho0 1.000e-01
SQP Iteration 0 Feas 75.3150634765625 (<= 0.009999999776482582) Step 75.3150634765625 (<= 9.999999747378752e-05)
Time taken for MPC:  0.014992769807577133
ADMM done: Total Iterations=1 converged=True rho=1.000e-01 rp=0.000e+00 (<= 1.002e-02) rd=2.267e-04 (<= 1.000e-02) Rho0 1.000e-01
ADMM done: Total Iterations=1 converged=True rho=1.000e-01 rp=0.000e+00 (<= 1.002e-02) rd=2.328e-11 (<= 1.000e-02) Rho0 1.000e-01
SQP Iteration 0 Feas 75.97821044921875 (<= 0.009999999776482582) Step 75.97821044921875 (<= 9.999999747378752e-05)
Time taken for MPC:  0.015201863832771778
ADMM done: Total Iterations=1 converged=True rho=1.000e-01 rp=0.000e+00 (<= 1.002e-02) rd=1.861e-04 (<= 1.000e-02) Rho0 1.000e-01
ADMM done: Total Iterations=1 converged=True rho=1.000e-01 rp=0.000e+00 (<= 1.002e-02) rd=1.164e-11 (<= 1.000e-02) Rho0 1.000e-01
SQP Iteration 0 Feas 78.54359436035156 (<= 0.009999999776482582) Step 78.54359436035156 (<= 9.999999747378752e-05)
Time taken for MPC:  0.014871361199766397
ADMM done: Total Iterations=1 converged=True rho=1.000e-01 rp=0.000e+00 (<= 1.002e-02) rd=2.581e-04 (<= 1.000e-02) Rho0 1.000e-01
ADMM done: Total Iterations=1 converged=True rho=1.000e-01 rp=0.000e+00 (<= 1.002e-02) rd=2.328e-11 (<= 1.000e-02) Rho0 1.000e-01
SQP Iteration 0 Feas 83.78178405761719 (<= 0.009999999776482582) Step 83.78178405761719 (<= 9.999999747378752e-05)
Time taken for MPC:  0.01566302217543125
ADMM done: Total Iterations=1 converged=True rho=1.000e-01 rp=0.000e+00 (<= 1.002e-02) rd=2.250e-04 (<= 1.000e-02) Rho0 1.000e-01
ADMM done: Total Iterations=1 converged=True rho=1.000e-01 rp=0.000e+00 (<= 1.002e-02) rd=2.328e-11 (<= 1.000e-02) Rho0 1.000e-01
SQP Iteration 0 Feas 83.06096649169922 (<= 0.009999999776482582) Step 83.06096649169922 (<= 9.999999747378752e-05)
Time taken for MPC:  0.015667319763451815
ADMM done: Total Iterations=1 converged=True rho=1.000e-01 rp=0.000e+00 (<= 1.004e-02) rd=3.445e-04 (<= 1.000e-02) Rho0 1.000e-01
ADMM done: Total Iterations=1 converged=True rho=1.000e-01 rp=0.000e+00 (<= 1.004e-02) rd=4.657e-11 (<= 1.000e-02) Rho0 1.000e-01
SQP Iteration 0 Feas 123.21017456054688 (<= 0.009999999776482582) Step 123.21017456054688 (<= 9.999999747378752e-05)
Time taken for MPC:  0.015387059189379215
ADMM done: Total Iterations=1 converged=True rho=1.000e-01 rp=0.000e+00 (<= 1.004e-02) rd=2.047e-04 (<= 1.000e-02) Rho0 1.000e-01
ADMM done: Total Iterations=1 converged=True rho=1.000e-01 rp=0.000e+00 (<= 1.004e-02) rd=1.455e-12 (<= 1.000e-02) Rho0 1.000e-01
SQP Iteration 0 Feas 141.90054321289062 (<= 0.009999999776482582) Step 141.90054321289062 (<= 9.999999747378752e-05)
Time taken for MPC:  0.015987596940249205
ADMM done: Total Iterations=1 converged=True rho=1.000e-01 rp=0.000e+00 (<= 1.001e-02) rd=2.295e-04 (<= 1.000e-02) Rho0 1.000e-01
ADMM done: Total Iterations=1 converged=True rho=1.000e-01 rp=0.000e+00 (<= 1.001e-02) rd=3.492e-11 (<= 1.000e-02) Rho0 1.000e-01
SQP Iteration 0 Feas 141.250732421875 (<= 0.009999999776482582) Step 141.250732421875 (<= 9.999999747378752e-05)
Time taken for MPC:  0.01552038500085473
ADMM done: Total Iterations=1 converged=True rho=1.000e-01 rp=0.000e+00 (<= 1.002e-02) rd=2.927e-04 (<= 1.000e-02) Rho0 1.000e-01
ADMM done: Total Iterations=1 converged=True rho=1.000e-01 rp=0.000e+00 (<= 1.002e-02) rd=2.328e-11 (<= 1.000e-02) Rho0 1.000e-01
SQP Iteration 0 Feas 184.25160217285156 (<= 0.009999999776482582) Step 184.25160217285156 (<= 9.999999747378752e-05)
Time taken for MPC:  0.015562625136226416
ADMM done: Total Iterations=1 converged=True rho=1.000e-01 rp=0.000e+00 (<= 1.005e-02) rd=5.299e-04 (<= 1.000e-02) Rho0 1.000e-01
ADMM done: Total Iterations=1 converged=True rho=1.000e-01 rp=0.000e+00 (<= 1.005e-02) rd=9.313e-11 (<= 1.000e-02) Rho0 1.000e-01
SQP Iteration 0 Feas 215.43505859375 (<= 0.009999999776482582) Step 215.43505859375 (<= 9.999999747378752e-05)
Time taken for MPC:  0.01641960721462965
ADMM done: Total Iterations=1 converged=True rho=1.000e-01 rp=0.000e+00 (<= 1.004e-02) rd=1.277e-04 (<= 1.000e-02) Rho0 1.000e-01
ADMM done: Total Iterations=1 converged=True rho=1.000e-01 rp=0.000e+00 (<= 1.004e-02) rd=4.657e-11 (<= 1.000e-02) Rho0 1.000e-01
SQP Iteration 0 Feas 170.4381103515625 (<= 0.009999999776482582) Step 170.4381103515625 (<= 9.999999747378752e-05)
Time taken for MPC:  0.01719705294817686
ADMM done: Total Iterations=1 converged=True rho=1.000e-01 rp=0.000e+00 (<= 1.004e-02) rd=2.082e-04 (<= 1.000e-02) Rho0 1.000e-01
ADMM done: Total Iterations=1 converged=True rho=1.000e-01 rp=0.000e+00 (<= 1.004e-02) rd=4.693e-11 (<= 1.000e-02) Rho0 1.000e-01
SQP Iteration 0 Feas 161.63729858398438 (<= 0.009999999776482582) Step 161.63729858398438 (<= 9.999999747378752e-05)
Time taken for MPC:  0.016450900584459305
ADMM done: Total Iterations=1 converged=True rho=1.000e-01 rp=0.000e+00 (<= 1.002e-02) rd=2.008e-04 (<= 1.000e-02) Rho0 1.000e-01
ADMM done: Total Iterations=1 converged=True rho=1.000e-01 rp=0.000e+00 (<= 1.002e-02) rd=3.492e-11 (<= 1.000e-02) Rho0 1.000e-01
SQP Iteration 0 Feas 172.2107696533203 (<= 0.009999999776482582) Step 172.2107696533203 (<= 9.999999747378752e-05)
Time taken for MPC:  0.016606861725449562
ADMM done: Total Iterations=1 converged=True rho=1.000e-01 rp=0.000e+00 (<= 1.006e-02) rd=4.912e-04 (<= 1.000e-02) Rho0 1.000e-01
ADMM done: Total Iterations=1 converged=True rho=1.000e-01 rp=0.000e+00 (<= 1.006e-02) rd=5.821e-11 (<= 1.000e-02) Rho0 1.000e-01
SQP Iteration 0 Feas 206.82437133789062 (<= 0.009999999776482582) Step 206.82437133789062 (<= 9.999999747378752e-05)
Time taken for MPC:  0.015052908100187778
ADMM done: Total Iterations=1 converged=True rho=1.000e-01 rp=0.000e+00 (<= 1.004e-02) rd=2.655e-04 (<= 1.000e-02) Rho0 1.000e-01
ADMM done: Total Iterations=1 converged=True rho=1.000e-01 rp=0.000e+00 (<= 1.004e-02) rd=2.328e-11 (<= 1.000e-02) Rho0 1.000e-01
SQP Iteration 0 Feas 181.91644287109375 (<= 0.009999999776482582) Step 181.91644287109375 (<= 9.999999747378752e-05)
Time taken for MPC:  0.01535660121589899
ADMM done: Total Iterations=1 converged=True rho=1.000e-01 rp=0.000e+00 (<= 1.002e-02) rd=2.881e-04 (<= 1.000e-02) Rho0 1.000e-01
ADMM done: Total Iterations=1 converged=True rho=1.000e-01 rp=0.000e+00 (<= 1.002e-02) rd=5.821e-11 (<= 1.000e-02) Rho0 1.000e-01
SQP Iteration 0 Feas 177.338134765625 (<= 0.009999999776482582) Step 177.338134765625 (<= 9.999999747378752e-05)
Time taken for MPC:  0.015711150132119656
ADMM done: Total Iterations=1 converged=True rho=1.000e-01 rp=0.000e+00 (<= 1.002e-02) rd=1.909e-04 (<= 1.000e-02) Rho0 1.000e-01
ADMM done: Total Iterations=1 converged=True rho=1.000e-01 rp=0.000e+00 (<= 1.002e-02) rd=1.164e-11 (<= 1.000e-02) Rho0 1.000e-01
SQP Iteration 0 Feas 181.77919006347656 (<= 0.009999999776482582) Step 181.77919006347656 (<= 9.999999747378752e-05)
Time taken for MPC:  0.01564902113750577
ADMM done: Total Iterations=1 converged=True rho=1.000e-01 rp=0.000e+00 (<= 1.002e-02) rd=1.985e-04 (<= 1.000e-02) Rho0 1.000e-01
ADMM done: Total Iterations=1 converged=True rho=1.000e-01 rp=0.000e+00 (<= 1.002e-02) rd=2.910e-11 (<= 1.000e-02) Rho0 1.000e-01
SQP Iteration 0 Feas 165.23194885253906 (<= 0.009999999776482582) Step 165.23194885253906 (<= 9.999999747378752e-05)
Time taken for MPC:  0.01542462594807148
ADMM done: Total Iterations=1 converged=True rho=1.000e-01 rp=0.000e+00 (<= 1.003e-02) rd=1.819e-04 (<= 1.000e-02) Rho0 1.000e-01
ADMM done: Total Iterations=1 converged=True rho=1.000e-01 rp=0.000e+00 (<= 1.003e-02) rd=1.513e-10 (<= 1.000e-02) Rho0 1.000e-01
SQP Iteration 0 Feas 149.9229278564453 (<= 0.009999999776482582) Step 149.9229278564453 (<= 9.999999747378752e-05)
Time taken for MPC:  0.015368455089628696
ADMM done: Total Iterations=1 converged=True rho=1.000e-01 rp=0.000e+00 (<= 1.002e-02) rd=1.728e-04 (<= 1.000e-02) Rho0 1.000e-01
ADMM done: Total Iterations=1 converged=True rho=1.000e-01 rp=0.000e+00 (<= 1.002e-02) rd=3.492e-11 (<= 1.000e-02) Rho0 1.000e-01
SQP Iteration 0 Feas 138.24713134765625 (<= 0.009999999776482582) Step 138.24713134765625 (<= 9.999999747378752e-05)
Time taken for MPC:  0.01584374811500311
ADMM done: Total Iterations=1 converged=True rho=1.000e-01 rp=0.000e+00 (<= 1.003e-02) rd=3.043e-04 (<= 1.000e-02) Rho0 1.000e-01
ADMM done: Total Iterations=1 converged=True rho=1.000e-01 rp=0.000e+00 (<= 1.003e-02) rd=2.328e-11 (<= 1.000e-02) Rho0 1.000e-01
SQP Iteration 0 Feas 150.2551727294922 (<= 0.009999999776482582) Step 150.2551727294922 (<= 9.999999747378752e-05)
Time taken for MPC:  0.015115580055862665
ADMM done: Total Iterations=1 converged=True rho=1.000e-01 rp=0.000e+00 (<= 1.003e-02) rd=1.229e-04 (<= 1.000e-02) Rho0 1.000e-01
ADMM done: Total Iterations=1 converged=True rho=1.000e-01 rp=0.000e+00 (<= 1.003e-02) rd=4.657e-11 (<= 1.000e-02) Rho0 1.000e-01
SQP Iteration 0 Feas 134.11819458007812 (<= 0.009999999776482582) Step 134.11819458007812 (<= 9.999999747378752e-05)
Time taken for MPC:  0.01485432405024767
ADMM done: Total Iterations=1 converged=True rho=1.000e-01 rp=0.000e+00 (<= 1.004e-02) rd=3.359e-04 (<= 1.000e-02) Rho0 1.000e-01
ADMM done: Total Iterations=1 converged=True rho=1.000e-01 rp=0.000e+00 (<= 1.004e-02) rd=4.657e-11 (<= 1.000e-02) Rho0 1.000e-01
SQP Iteration 0 Feas 141.3745880126953 (<= 0.009999999776482582) Step 191.49209594726562 (<= 9.999999747378752e-05)
Time taken for MPC:  0.01506410725414753
ADMM done: Total Iterations=1 converged=True rho=1.000e-01 rp=0.000e+00 (<= 1.003e-02) rd=5.714e-04 (<= 1.000e-02) Rho0 1.000e-01
ADMM done: Total Iterations=1 converged=True rho=1.000e-01 rp=0.000e+00 (<= 1.003e-02) rd=9.313e-11 (<= 1.000e-02) Rho0 1.000e-01
SQP Iteration 0 Feas 144.3833465576172 (<= 0.009999999776482582) Step 157.44369506835938 (<= 9.999999747378752e-05)
Time taken for MPC:  0.01491394592449069
ADMM done: Total Iterations=1 converged=True rho=1.000e-01 rp=0.000e+00 (<= 1.002e-02) rd=4.259e-04 (<= 1.000e-02) Rho0 1.000e-01
ADMM done: Total Iterations=1 converged=True rho=1.000e-01 rp=0.000e+00 (<= 1.002e-02) rd=3.492e-11 (<= 1.000e-02) Rho0 1.000e-01
SQP Iteration 0 Feas 148.38519287109375 (<= 0.009999999776482582) Step 148.38519287109375 (<= 9.999999747378752e-05)
Time taken for MPC:  0.015191670041531324
ADMM done: Total Iterations=1 converged=True rho=1.000e-01 rp=0.000e+00 (<= 1.001e-02) rd=1.462e-04 (<= 1.000e-02) Rho0 1.000e-01
ADMM done: Total Iterations=1 converged=True rho=1.000e-01 rp=0.000e+00 (<= 1.001e-02) rd=1.746e-11 (<= 1.000e-02) Rho0 1.000e-01
SQP Iteration 0 Feas 147.4554901123047 (<= 0.009999999776482582) Step 147.4554901123047 (<= 9.999999747378752e-05)
Time taken for MPC:  0.015179808717221022
ADMM done: Total Iterations=1 converged=True rho=1.000e-01 rp=0.000e+00 (<= 1.002e-02) rd=1.286e-04 (<= 1.000e-02) Rho0 1.000e-01
ADMM done: Total Iterations=1 converged=True rho=1.000e-01 rp=0.000e+00 (<= 1.002e-02) rd=2.328e-11 (<= 1.000e-02) Rho0 1.000e-01
SQP Iteration 0 Feas 150.93740844726562 (<= 0.009999999776482582) Step 150.93740844726562 (<= 9.999999747378752e-05)
Time taken for MPC:  0.015193209052085876
ADMM done: Total Iterations=1 converged=True rho=1.000e-01 rp=0.000e+00 (<= 1.002e-02) rd=2.634e-04 (<= 1.000e-02) Rho0 1.000e-01
ADMM done: Total Iterations=1 converged=True rho=1.000e-01 rp=0.000e+00 (<= 1.002e-02) rd=2.328e-11 (<= 1.000e-02) Rho0 1.000e-01
SQP Iteration 0 Feas 147.32591247558594 (<= 0.009999999776482582) Step 147.32591247558594 (<= 9.999999747378752e-05)
Time taken for MPC:  0.015033075120300055
ADMM done: Total Iterations=1 converged=True rho=1.000e-01 rp=0.000e+00 (<= 1.002e-02) rd=1.912e-04 (<= 1.000e-02) Rho0 1.000e-01
ADMM done: Total Iterations=1 converged=True rho=1.000e-01 rp=0.000e+00 (<= 1.002e-02) rd=1.455e-11 (<= 1.000e-02) Rho0 1.000e-01
SQP Iteration 0 Feas 145.5797576904297 (<= 0.009999999776482582) Step 145.5797576904297 (<= 9.999999747378752e-05)
Time taken for MPC:  0.015417180024087429
ADMM done: Total Iterations=1 converged=True rho=1.000e-01 rp=0.000e+00 (<= 1.002e-02) rd=2.270e-04 (<= 1.000e-02) Rho0 1.000e-01
ADMM done: Total Iterations=1 converged=True rho=1.000e-01 rp=0.000e+00 (<= 1.002e-02) rd=1.746e-11 (<= 1.000e-02) Rho0 1.000e-01
SQP Iteration 0 Feas 141.66526794433594 (<= 0.009999999776482582) Step 141.66526794433594 (<= 9.999999747378752e-05)
Time taken for MPC:  0.015335870906710625
ADMM done: Total Iterations=1 converged=True rho=1.000e-01 rp=0.000e+00 (<= 1.002e-02) rd=2.083e-04 (<= 1.000e-02) Rho0 1.000e-01
ADMM done: Total Iterations=1 converged=True rho=1.000e-01 rp=0.000e+00 (<= 1.002e-02) rd=1.746e-11 (<= 1.000e-02) Rho0 1.000e-01
SQP Iteration 0 Feas 133.73883056640625 (<= 0.009999999776482582) Step 133.73883056640625 (<= 9.999999747378752e-05)
Time taken for MPC:  0.015193050727248192
ADMM done: Total Iterations=1 converged=True rho=1.000e-01 rp=0.000e+00 (<= 1.002e-02) rd=2.354e-04 (<= 1.000e-02) Rho0 1.000e-01
ADMM done: Total Iterations=1 converged=True rho=1.000e-01 rp=0.000e+00 (<= 1.002e-02) rd=1.164e-11 (<= 1.000e-02) Rho0 1.000e-01
SQP Iteration 0 Feas 96.59867858886719 (<= 0.009999999776482582) Step 96.59867858886719 (<= 9.999999747378752e-05)
Time taken for MPC:  0.015800427179783583
ADMM done: Total Iterations=1 converged=True rho=1.000e-01 rp=0.000e+00 (<= 1.003e-02) rd=2.489e-04 (<= 1.000e-02) Rho0 1.000e-01
ADMM done: Total Iterations=1 converged=True rho=1.000e-01 rp=0.000e+00 (<= 1.003e-02) rd=4.657e-11 (<= 1.000e-02) Rho0 1.000e-01
SQP Iteration 0 Feas 187.10255432128906 (<= 0.009999999776482582) Step 187.10255432128906 (<= 9.999999747378752e-05)
Time taken for MPC:  0.015112553723156452
ADMM done: Total Iterations=1 converged=True rho=1.000e-01 rp=0.000e+00 (<= 1.002e-02) rd=2.907e-04 (<= 1.000e-02) Rho0 1.000e-01
ADMM done: Total Iterations=1 converged=True rho=1.000e-01 rp=0.000e+00 (<= 1.002e-02) rd=3.492e-11 (<= 1.000e-02) Rho0 1.000e-01
SQP Iteration 0 Feas 178.0797119140625 (<= 0.009999999776482582) Step 178.0797119140625 (<= 9.999999747378752e-05)
Time taken for MPC:  0.015428980346769094
ADMM done: Total Iterations=1 converged=True rho=1.000e-01 rp=0.000e+00 (<= 1.002e-02) rd=1.804e-04 (<= 1.000e-02) Rho0 1.000e-01
ADMM done: Total Iterations=1 converged=True rho=1.000e-01 rp=0.000e+00 (<= 1.002e-02) rd=5.821e-12 (<= 1.000e-02) Rho0 1.000e-01
SQP Iteration 0 Feas 129.58944702148438 (<= 0.009999999776482582) Step 129.58944702148438 (<= 9.999999747378752e-05)
Time taken for MPC:  0.01512847002595663
ADMM done: Total Iterations=1 converged=True rho=1.000e-01 rp=0.000e+00 (<= 1.002e-02) rd=2.000e-04 (<= 1.000e-02) Rho0 1.000e-01
ADMM done: Total Iterations=1 converged=True rho=1.000e-01 rp=0.000e+00 (<= 1.002e-02) rd=5.821e-12 (<= 1.000e-02) Rho0 1.000e-01
SQP Iteration 0 Feas 81.18958282470703 (<= 0.009999999776482582) Step 81.18958282470703 (<= 9.999999747378752e-05)
Time taken for MPC:  0.015023921150714159
ADMM done: Total Iterations=1 converged=True rho=1.000e-01 rp=0.000e+00 (<= 1.003e-02) rd=1.926e-04 (<= 1.000e-02) Rho0 1.000e-01
ADMM done: Total Iterations=1 converged=True rho=1.000e-01 rp=0.000e+00 (<= 1.003e-02) rd=2.328e-11 (<= 1.000e-02) Rho0 1.000e-01
SQP Iteration 0 Feas 85.89887237548828 (<= 0.009999999776482582) Step 85.89887237548828 (<= 9.999999747378752e-05)
Time taken for MPC:  0.015028385911136866
ADMM done: Total Iterations=1 converged=True rho=1.000e-01 rp=0.000e+00 (<= 1.003e-02) rd=2.187e-04 (<= 1.000e-02) Rho0 1.000e-01
ADMM done: Total Iterations=1 converged=True rho=1.000e-01 rp=0.000e+00 (<= 1.003e-02) rd=2.328e-11 (<= 1.000e-02) Rho0 1.000e-01
SQP Iteration 0 Feas 90.10214233398438 (<= 0.009999999776482582) Step 90.10214233398438 (<= 9.999999747378752e-05)
Time taken for MPC:  0.015087783802300692
ADMM done: Total Iterations=1 converged=True rho=1.000e-01 rp=0.000e+00 (<= 1.003e-02) rd=2.136e-04 (<= 1.000e-02) Rho0 1.000e-01
ADMM done: Total Iterations=1 converged=True rho=1.000e-01 rp=0.000e+00 (<= 1.003e-02) rd=8.731e-12 (<= 1.000e-02) Rho0 1.000e-01
SQP Iteration 0 Feas 91.31977844238281 (<= 0.009999999776482582) Step 91.31977844238281 (<= 9.999999747378752e-05)
Time taken for MPC:  0.015061510261148214
ADMM done: Total Iterations=1 converged=True rho=1.000e-01 rp=0.000e+00 (<= 1.003e-02) rd=2.216e-04 (<= 1.000e-02) Rho0 1.000e-01
ADMM done: Total Iterations=1 converged=True rho=1.000e-01 rp=0.000e+00 (<= 1.003e-02) rd=4.657e-11 (<= 1.000e-02) Rho0 1.000e-01
SQP Iteration 0 Feas 94.80182647705078 (<= 0.009999999776482582) Step 94.80182647705078 (<= 9.999999747378752e-05)
Time taken for MPC:  0.01470759604126215
ADMM done: Total Iterations=1 converged=True rho=1.000e-01 rp=0.000e+00 (<= 1.003e-02) rd=2.145e-04 (<= 1.000e-02) Rho0 1.000e-01
ADMM done: Total Iterations=1 converged=True rho=1.000e-01 rp=0.000e+00 (<= 1.003e-02) rd=1.164e-11 (<= 1.000e-02) Rho0 1.000e-01
SQP Iteration 0 Feas 99.36904907226562 (<= 0.009999999776482582) Step 99.36904907226562 (<= 9.999999747378752e-05)
Time taken for MPC:  0.01461497088894248
ADMM done: Total Iterations=1 converged=True rho=1.000e-01 rp=0.000e+00 (<= 1.003e-02) rd=1.727e-04 (<= 1.000e-02) Rho0 1.000e-01
ADMM done: Total Iterations=1 converged=True rho=1.000e-01 rp=0.000e+00 (<= 1.003e-02) rd=2.328e-11 (<= 1.000e-02) Rho0 1.000e-01
SQP Iteration 0 Feas 109.32633972167969 (<= 0.009999999776482582) Step 109.32633972167969 (<= 9.999999747378752e-05)
Time taken for MPC:  0.01461602607741952
ADMM done: Total Iterations=1 converged=True rho=1.000e-01 rp=0.000e+00 (<= 1.014e-02) rd=1.111e-03 (<= 1.000e-02) Rho0 1.000e-01
ADMM done: Total Iterations=1 converged=True rho=1.000e-01 rp=0.000e+00 (<= 1.014e-02) rd=9.313e-11 (<= 1.000e-02) Rho0 1.000e-01
SQP Iteration 0 Feas 171.28167724609375 (<= 0.009999999776482582) Step 171.28167724609375 (<= 9.999999747378752e-05)
Time taken for MPC:  0.014896589796990156
ADMM done: Total Iterations=1 converged=True rho=1.000e-01 rp=0.000e+00 (<= 1.004e-02) rd=1.218e-03 (<= 1.000e-02) Rho0 1.000e-01
ADMM done: Total Iterations=1 converged=True rho=1.000e-01 rp=0.000e+00 (<= 1.004e-02) rd=1.863e-10 (<= 1.000e-02) Rho0 1.000e-01
SQP Iteration 0 Feas 40.32194519042969 (<= 0.009999999776482582) Step 40.32194519042969 (<= 9.999999747378752e-05)
Time taken for MPC:  0.015233124606311321
ADMM done: Total Iterations=1 converged=True rho=1.000e-01 rp=0.000e+00 (<= 1.002e-02) rd=5.029e-04 (<= 1.000e-02) Rho0 1.000e-01
ADMM done: Total Iterations=1 converged=True rho=1.000e-01 rp=0.000e+00 (<= 1.002e-02) rd=3.492e-11 (<= 1.000e-02) Rho0 1.000e-01
SQP Iteration 0 Feas 49.490455627441406 (<= 0.009999999776482582) Step 49.490455627441406 (<= 9.999999747378752e-05)
Time taken for MPC:  0.015194986015558243
ADMM done: Total Iterations=1 converged=True rho=1.000e-01 rp=0.000e+00 (<= 1.004e-02) rd=2.993e-04 (<= 1.000e-02) Rho0 1.000e-01
ADMM done: Total Iterations=1 converged=True rho=1.000e-01 rp=0.000e+00 (<= 1.004e-02) rd=9.313e-11 (<= 1.000e-02) Rho0 1.000e-01
SQP Iteration 0 Feas 49.4124641418457 (<= 0.009999999776482582) Step 92.28931427001953 (<= 9.999999747378752e-05)
Time taken for MPC:  0.015364171005785465
ADMM done: Total Iterations=1 converged=True rho=1.000e-01 rp=0.000e+00 (<= 1.008e-02) rd=7.742e-04 (<= 1.000e-02) Rho0 1.000e-01
ADMM done: Total Iterations=1 converged=True rho=1.000e-01 rp=0.000e+00 (<= 1.008e-02) rd=2.328e-10 (<= 1.000e-02) Rho0 1.000e-01
SQP Iteration 0 Feas 59.470909118652344 (<= 0.009999999776482582) Step 105.56778717041016 (<= 9.999999747378752e-05)
Time taken for MPC:  0.015230995137244463
ADMM done: Total Iterations=1 converged=True rho=1.000e-01 rp=0.000e+00 (<= 1.006e-02) rd=7.233e-04 (<= 1.000e-02) Rho0 1.000e-01
ADMM done: Total Iterations=1 converged=True rho=1.000e-01 rp=0.000e+00 (<= 1.006e-02) rd=9.895e-11 (<= 1.000e-02) Rho0 1.000e-01
SQP Iteration 0 Feas 81.2159194946289 (<= 0.009999999776482582) Step 88.94943237304688 (<= 9.999999747378752e-05)
Time taken for MPC:  0.015059243887662888
ADMM done: Total Iterations=1 converged=True rho=1.000e-01 rp=0.000e+00 (<= 1.005e-02) rd=4.272e-04 (<= 1.000e-02) Rho0 1.000e-01
ADMM done: Total Iterations=1 converged=True rho=1.000e-01 rp=0.000e+00 (<= 1.005e-02) rd=1.863e-10 (<= 1.000e-02) Rho0 1.000e-01
SQP Iteration 0 Feas 197.84695434570312 (<= 0.009999999776482582) Step 125.0711898803711 (<= 9.999999747378752e-05)
Time taken for MPC:  0.0147811658680439
ADMM done: Total Iterations=1 converged=True rho=1.000e-01 rp=0.000e+00 (<= 1.005e-02) rd=5.609e-04 (<= 1.000e-02) Rho0 1.000e-01
ADMM done: Total Iterations=1 converged=True rho=1.000e-01 rp=0.000e+00 (<= 1.005e-02) rd=9.313e-11 (<= 1.000e-02) Rho0 1.000e-01
SQP Iteration 0 Feas 74.94068908691406 (<= 0.009999999776482582) Step 87.0927734375 (<= 9.999999747378752e-05)
Time taken for MPC:  0.015666318591684103
ADMM done: Total Iterations=1 converged=True rho=1.000e-01 rp=0.000e+00 (<= 1.006e-02) rd=8.848e-04 (<= 1.000e-02) Rho0 1.000e-01
ADMM done: Total Iterations=1 converged=True rho=1.000e-01 rp=0.000e+00 (<= 1.006e-02) rd=1.397e-10 (<= 1.000e-02) Rho0 1.000e-01
SQP Iteration 0 Feas 61.28213119506836 (<= 0.009999999776482582) Step 61.28213119506836 (<= 9.999999747378752e-05)
Time taken for MPC:  0.01559166144579649
ADMM done: Total Iterations=1 converged=True rho=1.000e-01 rp=0.000e+00 (<= 1.007e-02) rd=7.587e-04 (<= 1.000e-02) Rho0 1.000e-01
ADMM done: Total Iterations=1 converged=True rho=1.000e-01 rp=0.000e+00 (<= 1.007e-02) rd=3.725e-10 (<= 1.000e-02) Rho0 1.000e-01
SQP Iteration 0 Feas 64.49150085449219 (<= 0.009999999776482582) Step 163.5638885498047 (<= 9.999999747378752e-05)
Time taken for MPC:  0.015750274993479252
ADMM done: Total Iterations=1 converged=True rho=1.000e-01 rp=0.000e+00 (<= 1.007e-02) rd=9.777e-04 (<= 1.000e-02) Rho0 1.000e-01
ADMM done: Total Iterations=1 converged=True rho=1.000e-01 rp=0.000e+00 (<= 1.007e-02) rd=3.376e-10 (<= 1.000e-02) Rho0 1.000e-01
SQP Iteration 0 Feas 129.12559509277344 (<= 0.009999999776482582) Step 129.12559509277344 (<= 9.999999747378752e-05)
Time taken for MPC:  0.01622574869543314
ADMM done: Total Iterations=1 converged=True rho=1.000e-01 rp=0.000e+00 (<= 1.007e-02) rd=1.423e-03 (<= 1.000e-02) Rho0 1.000e-01
ADMM done: Total Iterations=1 converged=True rho=1.000e-01 rp=0.000e+00 (<= 1.007e-02) rd=1.863e-10 (<= 1.000e-02) Rho0 1.000e-01
SQP Iteration 0 Feas 127.58708190917969 (<= 0.009999999776482582) Step 189.55111694335938 (<= 9.999999747378752e-05)
Time taken for MPC:  0.016358165070414543
ADMM done: Total Iterations=1 converged=True rho=1.000e-01 rp=0.000e+00 (<= 1.005e-02) rd=8.991e-04 (<= 1.000e-02) Rho0 1.000e-01
ADMM done: Total Iterations=1 converged=True rho=1.000e-01 rp=0.000e+00 (<= 1.005e-02) rd=1.863e-10 (<= 1.000e-02) Rho0 1.000e-01
SQP Iteration 0 Feas 348.8023681640625 (<= 0.009999999776482582) Step 314.5723571777344 (<= 9.999999747378752e-05)
Time taken for MPC:  0.01641083275899291
ADMM done: Total Iterations=1 converged=True rho=1.000e-01 rp=0.000e+00 (<= 1.010e-02) rd=1.194e-03 (<= 1.000e-02) Rho0 1.000e-01
ADMM done: Total Iterations=1 converged=True rho=1.000e-01 rp=0.000e+00 (<= 1.010e-02) rd=1.397e-10 (<= 1.000e-02) Rho0 1.000e-01
SQP Iteration 0 Feas 661.3374633789062 (<= 0.009999999776482582) Step 395.3433532714844 (<= 9.999999747378752e-05)
Time taken for MPC:  0.016456525307148695
ADMM done: Total Iterations=1 converged=True rho=1.000e-01 rp=0.000e+00 (<= 1.010e-02) rd=1.749e-03 (<= 1.000e-02) Rho0 1.000e-01
ADMM done: Total Iterations=1 converged=True rho=1.000e-01 rp=0.000e+00 (<= 1.010e-02) rd=2.794e-10 (<= 1.000e-02) Rho0 1.000e-01
SQP Iteration 0 Feas 141.88088989257812 (<= 0.009999999776482582) Step 228.2774200439453 (<= 9.999999747378752e-05)
Time taken for MPC:  0.01641707494854927
ADMM done: Total Iterations=1 converged=True rho=1.000e-01 rp=0.000e+00 (<= 1.006e-02) rd=1.524e-03 (<= 1.000e-02) Rho0 1.000e-01
ADMM done: Total Iterations=1 converged=True rho=1.000e-01 rp=0.000e+00 (<= 1.006e-02) rd=3.260e-10 (<= 1.000e-02) Rho0 1.000e-01
SQP Iteration 0 Feas 139.2742462158203 (<= 0.009999999776482582) Step 179.72543334960938 (<= 9.999999747378752e-05)
Time taken for MPC:  0.016671055927872658
ADMM done: Total Iterations=1 converged=True rho=1.000e-01 rp=0.000e+00 (<= 1.008e-02) rd=6.165e-04 (<= 1.000e-02) Rho0 1.000e-01
ADMM done: Total Iterations=1 converged=True rho=1.000e-01 rp=0.000e+00 (<= 1.008e-02) rd=8.382e-10 (<= 1.000e-02) Rho0 1.000e-01
SQP Iteration 0 Feas 222.1168212890625 (<= 0.009999999776482582) Step 219.74107360839844 (<= 9.999999747378752e-05)
Time taken for MPC:  0.017013353295624256
ADMM done: Total Iterations=1 converged=True rho=1.000e-01 rp=0.000e+00 (<= 1.010e-02) rd=1.322e-03 (<= 1.000e-02) Rho0 1.000e-01
ADMM done: Total Iterations=1 converged=True rho=1.000e-01 rp=0.000e+00 (<= 1.010e-02) rd=5.588e-10 (<= 1.000e-02) Rho0 1.000e-01
SQP Iteration 0 Feas 420.35748291015625 (<= 0.009999999776482582) Step 228.0758514404297 (<= 9.999999747378752e-05)
Time taken for MPC:  0.01554365735501051
ADMM done: Total Iterations=1 converged=True rho=1.000e-01 rp=0.000e+00 (<= 1.014e-02) rd=1.168e-03 (<= 1.000e-02) Rho0 1.000e-01
ADMM done: Total Iterations=1 converged=True rho=1.000e-01 rp=0.000e+00 (<= 1.014e-02) rd=1.863e-10 (<= 1.000e-02) Rho0 1.000e-01
SQP Iteration 0 Feas 628.3704833984375 (<= 0.009999999776482582) Step 229.21661376953125 (<= 9.999999747378752e-05)
Time taken for MPC:  0.015663066878914833
ADMM done: Total Iterations=1 converged=True rho=1.000e-01 rp=0.000e+00 (<= 1.012e-02) rd=2.341e-03 (<= 1.000e-02) Rho0 1.000e-01
ADMM done: Total Iterations=1 converged=True rho=1.000e-01 rp=0.000e+00 (<= 1.012e-02) rd=1.863e-10 (<= 1.000e-02) Rho0 1.000e-01
SQP Iteration 0 Feas 916.1798706054688 (<= 0.009999999776482582) Step 270.1922302246094 (<= 9.999999747378752e-05)
Time taken for MPC:  0.016836681868880987
ADMM done: Total Iterations=1 converged=True rho=1.000e-01 rp=0.000e+00 (<= 1.002e-02) rd=1.391e-03 (<= 1.000e-02) Rho0 1.000e-01
ADMM done: Total Iterations=1 converged=True rho=1.000e-01 rp=0.000e+00 (<= 1.002e-02) rd=1.630e-10 (<= 1.000e-02) Rho0 1.000e-01
SQP Iteration 0 Feas 557.216552734375 (<= 0.009999999776482582) Step 254.11424255371094 (<= 9.999999747378752e-05)
Time taken for MPC:  0.017199018970131874
ADMM done: Total Iterations=1 converged=True rho=1.000e-01 rp=0.000e+00 (<= 1.006e-02) rd=5.609e-04 (<= 1.000e-02) Rho0 1.000e-01
ADMM done: Total Iterations=1 converged=True rho=1.000e-01 rp=0.000e+00 (<= 1.006e-02) rd=9.313e-11 (<= 1.000e-02) Rho0 1.000e-01
SQP Iteration 0 Feas 803.5437622070312 (<= 0.009999999776482582) Step 177.31610107421875 (<= 9.999999747378752e-05)
Time taken for MPC:  0.017811110243201256
ADMM done: Total Iterations=1 converged=True rho=1.000e-01 rp=0.000e+00 (<= 1.008e-02) rd=1.148e-03 (<= 1.000e-02) Rho0 1.000e-01
ADMM done: Total Iterations=1 converged=True rho=1.000e-01 rp=0.000e+00 (<= 1.008e-02) rd=9.313e-11 (<= 1.000e-02) Rho0 1.000e-01
SQP Iteration 0 Feas 322.9275207519531 (<= 0.009999999776482582) Step 193.7890625 (<= 9.999999747378752e-05)
Time taken for MPC:  0.017978447023779154
ADMM done: Total Iterations=1 converged=True rho=1.000e-01 rp=0.000e+00 (<= 1.003e-02) rd=9.123e-04 (<= 1.000e-02) Rho0 1.000e-01
ADMM done: Total Iterations=1 converged=True rho=1.000e-01 rp=0.000e+00 (<= 1.003e-02) rd=2.794e-10 (<= 1.000e-02) Rho0 1.000e-01
SQP Iteration 0 Feas 443.8918762207031 (<= 0.009999999776482582) Step 190.82081604003906 (<= 9.999999747378752e-05)
Time taken for MPC:  0.0184237458743155
ADMM done: Total Iterations=1 converged=True rho=1.000e-01 rp=0.000e+00 (<= 1.004e-02) rd=3.081e-04 (<= 1.000e-02) Rho0 1.000e-01
ADMM done: Total Iterations=1 converged=True rho=1.000e-01 rp=0.000e+00 (<= 1.004e-02) rd=2.328e-11 (<= 1.000e-02) Rho0 1.000e-01
SQP Iteration 0 Feas 131.34877014160156 (<= 0.009999999776482582) Step 127.17921447753906 (<= 9.999999747378752e-05)
Time taken for MPC:  0.017346304841339588
ADMM done: Total Iterations=1 converged=True rho=1.000e-01 rp=0.000e+00 (<= 1.004e-02) rd=2.304e-04 (<= 1.000e-02) Rho0 1.000e-01
ADMM done: Total Iterations=1 converged=True rho=1.000e-01 rp=0.000e+00 (<= 1.004e-02) rd=2.474e-11 (<= 1.000e-02) Rho0 1.000e-01
SQP Iteration 0 Feas 112.06257629394531 (<= 0.009999999776482582) Step 131.35581970214844 (<= 9.999999747378752e-05)
Time taken for MPC:  0.015836290083825588
ADMM done: Total Iterations=1 converged=True rho=1.000e-01 rp=0.000e+00 (<= 1.008e-02) rd=7.910e-04 (<= 1.000e-02) Rho0 1.000e-01
ADMM done: Total Iterations=1 converged=True rho=1.000e-01 rp=0.000e+00 (<= 1.008e-02) rd=1.863e-10 (<= 1.000e-02) Rho0 1.000e-01
SQP Iteration 0 Feas 101.94827270507812 (<= 0.009999999776482582) Step 251.6123504638672 (<= 9.999999747378752e-05)
Time taken for MPC:  0.015815712045878172
ADMM done: Total Iterations=1 converged=True rho=1.000e-01 rp=0.000e+00 (<= 1.013e-02) rd=4.751e-04 (<= 1.000e-02) Rho0 1.000e-01
ADMM done: Total Iterations=1 converged=True rho=1.000e-01 rp=0.000e+00 (<= 1.013e-02) rd=1.863e-10 (<= 1.000e-02) Rho0 1.000e-01
SQP Iteration 0 Feas 833.953857421875 (<= 0.009999999776482582) Step 359.9300231933594 (<= 9.999999747378752e-05)
Time taken for MPC:  0.016019558999687433
ADMM done: Total Iterations=1 converged=True rho=1.000e-01 rp=0.000e+00 (<= 1.012e-02) rd=2.507e-03 (<= 1.000e-02) Rho0 1.000e-01
ADMM done: Total Iterations=1 converged=True rho=1.000e-01 rp=0.000e+00 (<= 1.012e-02) rd=3.725e-10 (<= 1.000e-02) Rho0 1.000e-01
SQP Iteration 0 Feas 858.838623046875 (<= 0.009999999776482582) Step 711.0331420898438 (<= 9.999999747378752e-05)
Time taken for MPC:  0.017105124425143003
ADMM done: Total Iterations=1 converged=True rho=1.000e-01 rp=0.000e+00 (<= 1.015e-02) rd=2.647e-03 (<= 1.000e-02) Rho0 1.000e-01
ADMM done: Total Iterations=1 converged=True rho=1.000e-01 rp=0.000e+00 (<= 1.015e-02) rd=5.588e-10 (<= 1.000e-02) Rho0 1.000e-01
SQP Iteration 0 Feas 532.1248168945312 (<= 0.009999999776482582) Step 494.42779541015625 (<= 9.999999747378752e-05)
Time taken for MPC:  0.01777896983548999
ADMM done: Total Iterations=1 converged=True rho=1.000e-01 rp=0.000e+00 (<= 1.005e-02) rd=1.209e-03 (<= 1.000e-02) Rho0 1.000e-01
ADMM done: Total Iterations=1 converged=True rho=1.000e-01 rp=0.000e+00 (<= 1.005e-02) rd=9.313e-11 (<= 1.000e-02) Rho0 1.000e-01
SQP Iteration 0 Feas 561.5707397460938 (<= 0.009999999776482582) Step 283.9918518066406 (<= 9.999999747378752e-05)
Time taken for MPC:  0.0159091311506927
ADMM done: Total Iterations=1 converged=True rho=1.000e-01 rp=0.000e+00 (<= 1.007e-02) rd=8.019e-04 (<= 1.000e-02) Rho0 1.000e-01
ADMM done: Total Iterations=1 converged=True rho=1.000e-01 rp=0.000e+00 (<= 1.007e-02) rd=1.397e-10 (<= 1.000e-02) Rho0 1.000e-01
SQP Iteration 0 Feas 948.8724975585938 (<= 0.009999999776482582) Step 273.004150390625 (<= 9.999999747378752e-05)
Time taken for MPC:  0.016827303916215897
ADMM done: Total Iterations=1 converged=True rho=1.000e-01 rp=0.000e+00 (<= 1.009e-02) rd=7.880e-04 (<= 1.000e-02) Rho0 1.000e-01
ADMM done: Total Iterations=1 converged=True rho=1.000e-01 rp=0.000e+00 (<= 1.009e-02) rd=1.164e-10 (<= 1.000e-02) Rho0 1.000e-01
SQP Iteration 0 Feas 785.5272216796875 (<= 0.009999999776482582) Step 314.17510986328125 (<= 9.999999747378752e-05)
Time taken for MPC:  0.016532292123883963
ADMM done: Total Iterations=1 converged=True rho=1.000e-01 rp=0.000e+00 (<= 1.007e-02) rd=8.465e-04 (<= 1.000e-02) Rho0 1.000e-01
ADMM done: Total Iterations=1 converged=True rho=1.000e-01 rp=0.000e+00 (<= 1.007e-02) rd=1.397e-10 (<= 1.000e-02) Rho0 1.000e-01
SQP Iteration 0 Feas 263.21539306640625 (<= 0.009999999776482582) Step 263.21539306640625 (<= 9.999999747378752e-05)
Time taken for MPC:  0.01700326381251216
ADMM done: Total Iterations=1 converged=True rho=1.000e-01 rp=0.000e+00 (<= 1.005e-02) rd=5.567e-04 (<= 1.000e-02) Rho0 1.000e-01
ADMM done: Total Iterations=1 converged=True rho=1.000e-01 rp=0.000e+00 (<= 1.005e-02) rd=1.397e-10 (<= 1.000e-02) Rho0 1.000e-01
SQP Iteration 0 Feas 271.32769775390625 (<= 0.009999999776482582) Step 271.32769775390625 (<= 9.999999747378752e-05)
Time taken for MPC:  0.016198722179979086
ADMM done: Total Iterations=1 converged=True rho=1.000e-01 rp=0.000e+00 (<= 1.005e-02) rd=3.297e-04 (<= 1.000e-02) Rho0 1.000e-01
ADMM done: Total Iterations=1 converged=True rho=1.000e-01 rp=0.000e+00 (<= 1.005e-02) rd=4.657e-11 (<= 1.000e-02) Rho0 1.000e-01
SQP Iteration 0 Feas 277.0878601074219 (<= 0.009999999776482582) Step 277.0878601074219 (<= 9.999999747378752e-05)
Time taken for MPC:  0.01710082171484828
ADMM done: Total Iterations=1 converged=True rho=1.000e-01 rp=0.000e+00 (<= 1.006e-02) rd=4.483e-04 (<= 1.000e-02) Rho0 1.000e-01
ADMM done: Total Iterations=1 converged=True rho=1.000e-01 rp=0.000e+00 (<= 1.006e-02) rd=9.313e-11 (<= 1.000e-02) Rho0 1.000e-01
SQP Iteration 0 Feas 311.39837646484375 (<= 0.009999999776482582) Step 311.39837646484375 (<= 9.999999747378752e-05)
Time taken for MPC:  0.0180522371083498
ADMM done: Total Iterations=1 converged=True rho=1.000e-01 rp=0.000e+00 (<= 1.006e-02) rd=5.339e-04 (<= 1.000e-02) Rho0 1.000e-01
ADMM done: Total Iterations=1 converged=True rho=1.000e-01 rp=0.000e+00 (<= 1.006e-02) rd=6.985e-11 (<= 1.000e-02) Rho0 1.000e-01
SQP Iteration 0 Feas 362.4782409667969 (<= 0.009999999776482582) Step 362.4782409667969 (<= 9.999999747378752e-05)
Time taken for MPC:  0.01695962529629469
ADMM done: Total Iterations=1 converged=True rho=1.000e-01 rp=0.000e+00 (<= 1.007e-02) rd=6.631e-04 (<= 1.000e-02) Rho0 1.000e-01
ADMM done: Total Iterations=1 converged=True rho=1.000e-01 rp=0.000e+00 (<= 1.007e-02) rd=1.164e-10 (<= 1.000e-02) Rho0 1.000e-01
SQP Iteration 0 Feas 352.4991455078125 (<= 0.009999999776482582) Step 352.4991455078125 (<= 9.999999747378752e-05)
Time taken for MPC:  0.017181972041726112
ADMM done: Total Iterations=1 converged=True rho=1.000e-01 rp=0.000e+00 (<= 1.011e-02) rd=1.221e-03 (<= 1.000e-02) Rho0 1.000e-01
ADMM done: Total Iterations=1 converged=True rho=1.000e-01 rp=0.000e+00 (<= 1.011e-02) rd=1.863e-10 (<= 1.000e-02) Rho0 1.000e-01
SQP Iteration 0 Feas 233.77149963378906 (<= 0.009999999776482582) Step 214.97238159179688 (<= 9.999999747378752e-05)
Time taken for MPC:  0.016610531136393547
ADMM done: Total Iterations=1 converged=True rho=1.000e-01 rp=0.000e+00 (<= 1.008e-02) rd=1.693e-03 (<= 1.000e-02) Rho0 1.000e-01
ADMM done: Total Iterations=1 converged=True rho=1.000e-01 rp=0.000e+00 (<= 1.008e-02) rd=4.657e-10 (<= 1.000e-02) Rho0 1.000e-01
SQP Iteration 0 Feas 442.7968444824219 (<= 0.009999999776482582) Step 138.6390380859375 (<= 9.999999747378752e-05)
Time taken for MPC:  0.016315249260514975
ADMM done: Total Iterations=1 converged=True rho=1.000e-01 rp=0.000e+00 (<= 1.008e-02) rd=1.129e-03 (<= 1.000e-02) Rho0 1.000e-01
ADMM done: Total Iterations=1 converged=True rho=1.000e-01 rp=0.000e+00 (<= 1.008e-02) rd=5.588e-10 (<= 1.000e-02) Rho0 1.000e-01
SQP Iteration 0 Feas 932.9556274414062 (<= 0.009999999776482582) Step 120.0751724243164 (<= 9.999999747378752e-05)
Time taken for MPC:  0.016620344948023558
ADMM done: Total Iterations=1 converged=True rho=1.000e-01 rp=0.000e+00 (<= 1.006e-02) rd=5.441e-04 (<= 1.000e-02) Rho0 1.000e-01
ADMM done: Total Iterations=1 converged=True rho=1.000e-01 rp=0.000e+00 (<= 1.006e-02) rd=9.313e-11 (<= 1.000e-02) Rho0 1.000e-01
SQP Iteration 0 Feas 339.791015625 (<= 0.009999999776482582) Step 182.4083709716797 (<= 9.999999747378752e-05)
Time taken for MPC:  0.015849487856030464
ADMM done: Total Iterations=1 converged=True rho=1.000e-01 rp=0.000e+00 (<= 1.004e-02) rd=6.932e-04 (<= 1.000e-02) Rho0 1.000e-01
ADMM done: Total Iterations=1 converged=True rho=1.000e-01 rp=0.000e+00 (<= 1.004e-02) rd=2.387e-10 (<= 1.000e-02) Rho0 1.000e-01
SQP Iteration 0 Feas 949.5398559570312 (<= 0.009999999776482582) Step 287.4952087402344 (<= 9.999999747378752e-05)
Time taken for MPC:  0.016615706030279398
ADMM done: Total Iterations=1 converged=True rho=1.000e-01 rp=0.000e+00 (<= 1.003e-02) rd=5.361e-04 (<= 1.000e-02) Rho0 1.000e-01
ADMM done: Total Iterations=1 converged=True rho=1.000e-01 rp=0.000e+00 (<= 1.003e-02) rd=2.095e-10 (<= 1.000e-02) Rho0 1.000e-01
SQP Iteration 0 Feas 510.0896301269531 (<= 0.009999999776482582) Step 150.80743408203125 (<= 9.999999747378752e-05)
Time taken for MPC:  0.016544311307370663
ADMM done: Total Iterations=1 converged=True rho=1.000e-01 rp=0.000e+00 (<= 1.015e-02) rd=1.568e-03 (<= 1.000e-02) Rho0 1.000e-01
ADMM done: Total Iterations=1 converged=True rho=1.000e-01 rp=0.000e+00 (<= 1.015e-02) rd=1.863e-10 (<= 1.000e-02) Rho0 1.000e-01
SQP Iteration 0 Feas 341.21636962890625 (<= 0.009999999776482582) Step 166.21237182617188 (<= 9.999999747378752e-05)
Time taken for MPC:  0.017399705946445465
ADMM done: Total Iterations=1 converged=True rho=1.000e-01 rp=0.000e+00 (<= 1.012e-02) rd=2.619e-03 (<= 1.000e-02) Rho0 1.000e-01
ADMM done: Total Iterations=1 converged=True rho=1.000e-01 rp=0.000e+00 (<= 1.012e-02) rd=1.863e-10 (<= 1.000e-02) Rho0 1.000e-01
SQP Iteration 0 Feas 518.984130859375 (<= 0.009999999776482582) Step 228.69070434570312 (<= 9.999999747378752e-05)
Time taken for MPC:  0.018279684241861105
ADMM done: Total Iterations=1 converged=True rho=1.000e-01 rp=0.000e+00 (<= 1.010e-02) rd=2.106e-03 (<= 1.000e-02) Rho0 1.000e-01
ADMM done: Total Iterations=1 converged=True rho=1.000e-01 rp=0.000e+00 (<= 1.010e-02) rd=1.863e-10 (<= 1.000e-02) Rho0 1.000e-01
SQP Iteration 0 Feas 1015.253173828125 (<= 0.009999999776482582) Step 301.0011291503906 (<= 9.999999747378752e-05)
Time taken for MPC:  0.017072969116270542
ADMM done: Total Iterations=1 converged=True rho=1.000e-01 rp=0.000e+00 (<= 1.008e-02) rd=1.735e-03 (<= 1.000e-02) Rho0 1.000e-01
ADMM done: Total Iterations=1 converged=True rho=1.000e-01 rp=0.000e+00 (<= 1.008e-02) rd=1.863e-10 (<= 1.000e-02) Rho0 1.000e-01
SQP Iteration 0 Feas 680.187255859375 (<= 0.009999999776482582) Step 459.3138427734375 (<= 9.999999747378752e-05)
Time taken for MPC:  0.016482022125273943
ADMM done: Total Iterations=1 converged=True rho=1.000e-01 rp=0.000e+00 (<= 1.006e-02) rd=9.398e-04 (<= 1.000e-02) Rho0 1.000e-01
ADMM done: Total Iterations=1 converged=True rho=1.000e-01 rp=0.000e+00 (<= 1.006e-02) rd=2.328e-10 (<= 1.000e-02) Rho0 1.000e-01
SQP Iteration 0 Feas 1064.65283203125 (<= 0.009999999776482582) Step 336.1027526855469 (<= 9.999999747378752e-05)
Time taken for MPC:  0.016765231732279062
ADMM done: Total Iterations=1 converged=True rho=1.000e-01 rp=0.000e+00 (<= 1.012e-02) rd=1.783e-03 (<= 1.000e-02) Rho0 1.000e-01
ADMM done: Total Iterations=1 converged=True rho=1.000e-01 rp=0.000e+00 (<= 1.012e-02) rd=1.863e-10 (<= 1.000e-02) Rho0 1.000e-01
SQP Iteration 0 Feas 390.444580078125 (<= 0.009999999776482582) Step 233.54910278320312 (<= 9.999999747378752e-05)
Time taken for MPC:  0.01646602712571621
ADMM done: Total Iterations=1 converged=True rho=1.000e-01 rp=0.000e+00 (<= 1.003e-02) rd=1.069e-03 (<= 1.000e-02) Rho0 1.000e-01
ADMM done: Total Iterations=1 converged=True rho=1.000e-01 rp=0.000e+00 (<= 1.003e-02) rd=2.095e-10 (<= 1.000e-02) Rho0 1.000e-01
SQP Iteration 0 Feas 305.2019958496094 (<= 0.009999999776482582) Step 275.1764221191406 (<= 9.999999747378752e-05)
Time taken for MPC:  0.016198188066482544
ADMM done: Total Iterations=1 converged=True rho=1.000e-01 rp=0.000e+00 (<= 1.006e-02) rd=7.312e-04 (<= 1.000e-02) Rho0 1.000e-01
ADMM done: Total Iterations=1 converged=True rho=1.000e-01 rp=0.000e+00 (<= 1.006e-02) rd=1.164e-10 (<= 1.000e-02) Rho0 1.000e-01
SQP Iteration 0 Feas 689.9254760742188 (<= 0.009999999776482582) Step 191.18655395507812 (<= 9.999999747378752e-05)
Time taken for MPC:  0.01595166977494955
ADMM done: Total Iterations=1 converged=True rho=1.000e-01 rp=0.000e+00 (<= 1.008e-02) rd=5.039e-04 (<= 1.000e-02) Rho0 1.000e-01
ADMM done: Total Iterations=1 converged=True rho=1.000e-01 rp=0.000e+00 (<= 1.008e-02) rd=1.397e-10 (<= 1.000e-02) Rho0 1.000e-01
SQP Iteration 0 Feas 678.3235473632812 (<= 0.009999999776482582) Step 176.90435791015625 (<= 9.999999747378752e-05)
Time taken for MPC:  0.0164467659778893
ADMM done: Total Iterations=1 converged=True rho=1.000e-01 rp=0.000e+00 (<= 1.005e-02) rd=6.227e-04 (<= 1.000e-02) Rho0 1.000e-01
ADMM done: Total Iterations=1 converged=True rho=1.000e-01 rp=0.000e+00 (<= 1.005e-02) rd=1.630e-10 (<= 1.000e-02) Rho0 1.000e-01
SQP Iteration 0 Feas 339.105224609375 (<= 0.009999999776482582) Step 170.6822052001953 (<= 9.999999747378752e-05)
Time taken for MPC:  0.015965045895427465
ADMM done: Total Iterations=1 converged=True rho=1.000e-01 rp=0.000e+00 (<= 1.007e-02) rd=3.639e-04 (<= 1.000e-02) Rho0 1.000e-01
ADMM done: Total Iterations=1 converged=True rho=1.000e-01 rp=0.000e+00 (<= 1.007e-02) rd=9.313e-11 (<= 1.000e-02) Rho0 1.000e-01
SQP Iteration 0 Feas 496.69232177734375 (<= 0.009999999776482582) Step 184.03472900390625 (<= 9.999999747378752e-05)
Time taken for MPC:  0.015661892015486956
ADMM done: Total Iterations=1 converged=True rho=1.000e-01 rp=0.000e+00 (<= 1.004e-02) rd=6.751e-04 (<= 1.000e-02) Rho0 1.000e-01
ADMM done: Total Iterations=1 converged=True rho=1.000e-01 rp=0.000e+00 (<= 1.004e-02) rd=1.863e-10 (<= 1.000e-02) Rho0 1.000e-01
SQP Iteration 0 Feas 466.4754943847656 (<= 0.009999999776482582) Step 157.05543518066406 (<= 9.999999747378752e-05)
Time taken for MPC:  0.01786296907812357
ADMM done: Total Iterations=1 converged=True rho=1.000e-01 rp=0.000e+00 (<= 1.009e-02) rd=1.368e-03 (<= 1.000e-02) Rho0 1.000e-01
ADMM done: Total Iterations=1 converged=True rho=1.000e-01 rp=0.000e+00 (<= 1.009e-02) rd=1.863e-10 (<= 1.000e-02) Rho0 1.000e-01
SQP Iteration 0 Feas 176.96737670898438 (<= 0.009999999776482582) Step 170.983642578125 (<= 9.999999747378752e-05)
Time taken for MPC:  0.015994887333363295
ADMM done: Total Iterations=1 converged=True rho=1.000e-01 rp=0.000e+00 (<= 1.004e-02) rd=1.142e-03 (<= 1.000e-02) Rho0 1.000e-01
ADMM done: Total Iterations=1 converged=True rho=1.000e-01 rp=0.000e+00 (<= 1.004e-02) rd=1.863e-10 (<= 1.000e-02) Rho0 1.000e-01
SQP Iteration 0 Feas 276.87921142578125 (<= 0.009999999776482582) Step 140.40602111816406 (<= 9.999999747378752e-05)
Time taken for MPC:  0.015167845878750086
ADMM done: Total Iterations=1 converged=True rho=1.000e-01 rp=0.000e+00 (<= 1.004e-02) rd=7.403e-04 (<= 1.000e-02) Rho0 1.000e-01
ADMM done: Total Iterations=1 converged=True rho=1.000e-01 rp=0.000e+00 (<= 1.004e-02) rd=1.397e-10 (<= 1.000e-02) Rho0 1.000e-01
SQP Iteration 0 Feas 178.15805053710938 (<= 0.009999999776482582) Step 115.3774642944336 (<= 9.999999747378752e-05)
Time taken for MPC:  0.014969635754823685
ADMM done: Total Iterations=1 converged=True rho=1.000e-01 rp=0.000e+00 (<= 1.002e-02) rd=3.656e-04 (<= 1.000e-02) Rho0 1.000e-01
ADMM done: Total Iterations=1 converged=True rho=1.000e-01 rp=0.000e+00 (<= 1.002e-02) rd=4.657e-11 (<= 1.000e-02) Rho0 1.000e-01
SQP Iteration 0 Feas 132.4051513671875 (<= 0.009999999776482582) Step 132.4051513671875 (<= 9.999999747378752e-05)
Time taken for MPC:  0.01516268728300929
ADMM done: Total Iterations=1 converged=True rho=1.000e-01 rp=0.000e+00 (<= 1.002e-02) rd=2.119e-04 (<= 1.000e-02) Rho0 1.000e-01
ADMM done: Total Iterations=1 converged=True rho=1.000e-01 rp=0.000e+00 (<= 1.002e-02) rd=2.328e-11 (<= 1.000e-02) Rho0 1.000e-01
SQP Iteration 0 Feas 145.63180541992188 (<= 0.009999999776482582) Step 145.63180541992188 (<= 9.999999747378752e-05)
Time taken for MPC:  0.016010398045182228
ADMM done: Total Iterations=1 converged=True rho=1.000e-01 rp=0.000e+00 (<= 1.002e-02) rd=2.077e-04 (<= 1.000e-02) Rho0 1.000e-01
ADMM done: Total Iterations=1 converged=True rho=1.000e-01 rp=0.000e+00 (<= 1.002e-02) rd=1.164e-11 (<= 1.000e-02) Rho0 1.000e-01
SQP Iteration 0 Feas 154.15151977539062 (<= 0.009999999776482582) Step 154.15151977539062 (<= 9.999999747378752e-05)
Time taken for MPC:  0.01605662703514099
ADMM done: Total Iterations=1 converged=True rho=1.000e-01 rp=0.000e+00 (<= 1.003e-02) rd=3.994e-04 (<= 1.000e-02) Rho0 1.000e-01
ADMM done: Total Iterations=1 converged=True rho=1.000e-01 rp=0.000e+00 (<= 1.003e-02) rd=6.985e-11 (<= 1.000e-02) Rho0 1.000e-01
SQP Iteration 0 Feas 144.09422302246094 (<= 0.009999999776482582) Step 144.09422302246094 (<= 9.999999747378752e-05)
Time taken for MPC:  0.017284792847931385
ADMM done: Total Iterations=1 converged=True rho=1.000e-01 rp=0.000e+00 (<= 1.004e-02) rd=7.452e-04 (<= 1.000e-02) Rho0 1.000e-01
ADMM done: Total Iterations=1 converged=True rho=1.000e-01 rp=0.000e+00 (<= 1.004e-02) rd=1.397e-10 (<= 1.000e-02) Rho0 1.000e-01
SQP Iteration 0 Feas 76.32317352294922 (<= 0.009999999776482582) Step 76.32317352294922 (<= 9.999999747378752e-05)
Time taken for MPC:  0.016702317167073488
ADMM done: Total Iterations=1 converged=True rho=1.000e-01 rp=0.000e+00 (<= 1.002e-02) rd=2.701e-04 (<= 1.000e-02) Rho0 1.000e-01
ADMM done: Total Iterations=1 converged=True rho=1.000e-01 rp=0.000e+00 (<= 1.002e-02) rd=6.985e-11 (<= 1.000e-02) Rho0 1.000e-01
SQP Iteration 0 Feas 116.921630859375 (<= 0.009999999776482582) Step 116.921630859375 (<= 9.999999747378752e-05)
Time taken for MPC:  0.016659257002174854
ADMM done: Total Iterations=1 converged=True rho=1.000e-01 rp=0.000e+00 (<= 1.001e-02) rd=3.034e-04 (<= 1.000e-02) Rho0 1.000e-01
ADMM done: Total Iterations=1 converged=True rho=1.000e-01 rp=0.000e+00 (<= 1.001e-02) rd=3.492e-11 (<= 1.000e-02) Rho0 1.000e-01
SQP Iteration 0 Feas 66.32911682128906 (<= 0.009999999776482582) Step 66.32911682128906 (<= 9.999999747378752e-05)
Time taken for MPC:  0.017644458916038275
ADMM done: Total Iterations=1 converged=True rho=1.000e-01 rp=0.000e+00 (<= 1.001e-02) rd=2.370e-04 (<= 1.000e-02) Rho0 1.000e-01
ADMM done: Total Iterations=1 converged=True rho=1.000e-01 rp=0.000e+00 (<= 1.001e-02) rd=1.164e-11 (<= 1.000e-02) Rho0 1.000e-01
SQP Iteration 0 Feas 72.61546325683594 (<= 0.009999999776482582) Step 72.61546325683594 (<= 9.999999747378752e-05)
Time taken for MPC:  0.01723127905279398
ADMM done: Total Iterations=1 converged=True rho=1.000e-01 rp=0.000e+00 (<= 1.001e-02) rd=1.801e-04 (<= 1.000e-02) Rho0 1.000e-01
ADMM done: Total Iterations=1 converged=True rho=1.000e-01 rp=0.000e+00 (<= 1.001e-02) rd=1.164e-11 (<= 1.000e-02) Rho0 1.000e-01
SQP Iteration 0 Feas 70.02896118164062 (<= 0.009999999776482582) Step 70.02896118164062 (<= 9.999999747378752e-05)
Time taken for MPC:  0.017037426121532917
ADMM done: Total Iterations=1 converged=True rho=1.000e-01 rp=0.000e+00 (<= 1.001e-02) rd=2.142e-04 (<= 1.000e-02) Rho0 1.000e-01
ADMM done: Total Iterations=1 converged=True rho=1.000e-01 rp=0.000e+00 (<= 1.001e-02) rd=1.746e-11 (<= 1.000e-02) Rho0 1.000e-01
SQP Iteration 0 Feas 73.10382843017578 (<= 0.009999999776482582) Step 73.10382843017578 (<= 9.999999747378752e-05)
Time taken for MPC:  0.017237659078091383
ADMM done: Total Iterations=1 converged=True rho=1.000e-01 rp=0.000e+00 (<= 1.002e-02) rd=2.789e-04 (<= 1.000e-02) Rho0 1.000e-01
ADMM done: Total Iterations=1 converged=True rho=1.000e-01 rp=0.000e+00 (<= 1.002e-02) rd=2.328e-11 (<= 1.000e-02) Rho0 1.000e-01
SQP Iteration 0 Feas 75.206298828125 (<= 0.009999999776482582) Step 75.206298828125 (<= 9.999999747378752e-05)
Time taken for MPC:  0.016767796128988266
ADMM done: Total Iterations=1 converged=True rho=1.000e-01 rp=0.000e+00 (<= 1.002e-02) rd=1.207e-04 (<= 1.000e-02) Rho0 1.000e-01
ADMM done: Total Iterations=1 converged=True rho=1.000e-01 rp=0.000e+00 (<= 1.002e-02) rd=2.328e-11 (<= 1.000e-02) Rho0 1.000e-01
SQP Iteration 0 Feas 71.8092269897461 (<= 0.009999999776482582) Step 71.8092269897461 (<= 9.999999747378752e-05)
Time taken for MPC:  0.016859882045537233
ADMM done: Total Iterations=1 converged=True rho=1.000e-01 rp=0.000e+00 (<= 1.002e-02) rd=2.206e-04 (<= 1.000e-02) Rho0 1.000e-01
ADMM done: Total Iterations=1 converged=True rho=1.000e-01 rp=0.000e+00 (<= 1.002e-02) rd=1.164e-11 (<= 1.000e-02) Rho0 1.000e-01
SQP Iteration 0 Feas 86.59124755859375 (<= 0.009999999776482582) Step 86.59124755859375 (<= 9.999999747378752e-05)
Time taken for MPC:  0.016466139815747738
ADMM done: Total Iterations=1 converged=True rho=1.000e-01 rp=0.000e+00 (<= 1.002e-02) rd=1.964e-04 (<= 1.000e-02) Rho0 1.000e-01
ADMM done: Total Iterations=1 converged=True rho=1.000e-01 rp=0.000e+00 (<= 1.002e-02) rd=3.492e-11 (<= 1.000e-02) Rho0 1.000e-01
SQP Iteration 0 Feas 105.92604064941406 (<= 0.009999999776482582) Step 105.92604064941406 (<= 9.999999747378752e-05)
Time taken for MPC:  0.016626929864287376
ADMM done: Total Iterations=1 converged=True rho=1.000e-01 rp=0.000e+00 (<= 1.011e-02) rd=9.519e-04 (<= 1.000e-02) Rho0 1.000e-01
ADMM done: Total Iterations=1 converged=True rho=1.000e-01 rp=0.000e+00 (<= 1.011e-02) rd=9.313e-11 (<= 1.000e-02) Rho0 1.000e-01
SQP Iteration 0 Feas 169.83755493164062 (<= 0.009999999776482582) Step 169.83755493164062 (<= 9.999999747378752e-05)
Time taken for MPC:  0.015361388213932514
ADMM done: Total Iterations=1 converged=True rho=1.000e-01 rp=0.000e+00 (<= 1.003e-02) rd=8.570e-04 (<= 1.000e-02) Rho0 1.000e-01
ADMM done: Total Iterations=1 converged=True rho=1.000e-01 rp=0.000e+00 (<= 1.003e-02) rd=2.095e-10 (<= 1.000e-02) Rho0 1.000e-01
SQP Iteration 0 Feas 52.611236572265625 (<= 0.009999999776482582) Step 55.983726501464844 (<= 9.999999747378752e-05)
Time taken for MPC:  0.018028512131422758
ADMM done: Total Iterations=1 converged=True rho=1.000e-01 rp=0.000e+00 (<= 1.004e-02) rd=7.367e-04 (<= 1.000e-02) Rho0 1.000e-01
ADMM done: Total Iterations=1 converged=True rho=1.000e-01 rp=0.000e+00 (<= 1.004e-02) rd=6.985e-11 (<= 1.000e-02) Rho0 1.000e-01
SQP Iteration 0 Feas 69.27397155761719 (<= 0.009999999776482582) Step 118.41654968261719 (<= 9.999999747378752e-05)
Time taken for MPC:  0.018087289296090603
ADMM done: Total Iterations=1 converged=True rho=1.000e-01 rp=0.000e+00 (<= 1.004e-02) rd=3.750e-04 (<= 1.000e-02) Rho0 1.000e-01
ADMM done: Total Iterations=1 converged=True rho=1.000e-01 rp=0.000e+00 (<= 1.004e-02) rd=1.397e-10 (<= 1.000e-02) Rho0 1.000e-01
SQP Iteration 0 Feas 50.042076110839844 (<= 0.009999999776482582) Step 83.44187927246094 (<= 9.999999747378752e-05)
Time taken for MPC:  0.01816376904025674
ADMM done: Total Iterations=1 converged=True rho=1.000e-01 rp=0.000e+00 (<= 1.002e-02) rd=2.851e-04 (<= 1.000e-02) Rho0 1.000e-01
ADMM done: Total Iterations=1 converged=True rho=1.000e-01 rp=0.000e+00 (<= 1.002e-02) rd=9.313e-11 (<= 1.000e-02) Rho0 1.000e-01
SQP Iteration 0 Feas 76.05170440673828 (<= 0.009999999776482582) Step 90.66746520996094 (<= 9.999999747378752e-05)
Time taken for MPC:  0.016691878903657198
ADMM done: Total Iterations=1 converged=True rho=1.000e-01 rp=0.000e+00 (<= 1.004e-02) rd=4.289e-04 (<= 1.000e-02) Rho0 1.000e-01
ADMM done: Total Iterations=1 converged=True rho=1.000e-01 rp=0.000e+00 (<= 1.004e-02) rd=9.313e-11 (<= 1.000e-02) Rho0 1.000e-01
SQP Iteration 0 Feas 138.8236083984375 (<= 0.009999999776482582) Step 138.8236083984375 (<= 9.999999747378752e-05)
Time taken for MPC:  0.017431924585253
ADMM done: Total Iterations=1 converged=True rho=1.000e-01 rp=0.000e+00 (<= 1.002e-02) rd=5.383e-04 (<= 1.000e-02) Rho0 1.000e-01
ADMM done: Total Iterations=1 converged=True rho=1.000e-01 rp=0.000e+00 (<= 1.002e-02) rd=9.313e-11 (<= 1.000e-02) Rho0 1.000e-01
SQP Iteration 0 Feas 126.9993896484375 (<= 0.009999999776482582) Step 126.9993896484375 (<= 9.999999747378752e-05)
Time taken for MPC:  0.017285378649830818
ADMM done: Total Iterations=1 converged=True rho=1.000e-01 rp=0.000e+00 (<= 1.012e-02) rd=1.251e-03 (<= 1.000e-02) Rho0 1.000e-01
ADMM done: Total Iterations=1 converged=True rho=1.000e-01 rp=0.000e+00 (<= 1.012e-02) rd=3.725e-10 (<= 1.000e-02) Rho0 1.000e-01
SQP Iteration 0 Feas 174.705322265625 (<= 0.009999999776482582) Step 174.705322265625 (<= 9.999999747378752e-05)
Time taken for MPC:  0.01745971292257309
ADMM done: Total Iterations=1 converged=True rho=1.000e-01 rp=0.000e+00 (<= 1.003e-02) rd=1.495e-03 (<= 1.000e-02) Rho0 1.000e-01
ADMM done: Total Iterations=1 converged=True rho=1.000e-01 rp=0.000e+00 (<= 1.003e-02) rd=2.794e-10 (<= 1.000e-02) Rho0 1.000e-01
SQP Iteration 0 Feas 148.34849548339844 (<= 0.009999999776482582) Step 148.34849548339844 (<= 9.999999747378752e-05)
Time taken for MPC:  0.017746176104992628
ADMM done: Total Iterations=1 converged=True rho=1.000e-01 rp=0.000e+00 (<= 1.002e-02) rd=2.997e-04 (<= 1.000e-02) Rho0 1.000e-01
ADMM done: Total Iterations=1 converged=True rho=1.000e-01 rp=0.000e+00 (<= 1.002e-02) rd=6.985e-11 (<= 1.000e-02) Rho0 1.000e-01
SQP Iteration 0 Feas 174.7109832763672 (<= 0.009999999776482582) Step 174.7109832763672 (<= 9.999999747378752e-05)
Time taken for MPC:  0.01757947728037834
ADMM done: Total Iterations=1 converged=True rho=1.000e-01 rp=0.000e+00 (<= 1.002e-02) rd=3.963e-04 (<= 1.000e-02) Rho0 1.000e-01
ADMM done: Total Iterations=1 converged=True rho=1.000e-01 rp=0.000e+00 (<= 1.002e-02) rd=2.328e-11 (<= 1.000e-02) Rho0 1.000e-01
SQP Iteration 0 Feas 122.08335876464844 (<= 0.009999999776482582) Step 122.08335876464844 (<= 9.999999747378752e-05)
Time taken for MPC:  0.016350001096725464
ADMM done: Total Iterations=1 converged=True rho=1.000e-01 rp=0.000e+00 (<= 1.003e-02) rd=4.550e-04 (<= 1.000e-02) Rho0 1.000e-01
ADMM done: Total Iterations=1 converged=True rho=1.000e-01 rp=0.000e+00 (<= 1.003e-02) rd=1.630e-10 (<= 1.000e-02) Rho0 1.000e-01
SQP Iteration 0 Feas 82.68130493164062 (<= 0.009999999776482582) Step 82.68130493164062 (<= 9.999999747378752e-05)
Time taken for MPC:  0.018372979946434498
ADMM done: Total Iterations=1 converged=True rho=1.000e-01 rp=0.000e+00 (<= 1.004e-02) rd=4.796e-04 (<= 1.000e-02) Rho0 1.000e-01
ADMM done: Total Iterations=1 converged=True rho=1.000e-01 rp=0.000e+00 (<= 1.004e-02) rd=1.863e-10 (<= 1.000e-02) Rho0 1.000e-01
SQP Iteration 0 Feas 72.58073425292969 (<= 0.009999999776482582) Step 72.58073425292969 (<= 9.999999747378752e-05)
Time taken for MPC:  0.018866991624236107
ADMM done: Total Iterations=1 converged=True rho=1.000e-01 rp=0.000e+00 (<= 1.013e-02) rd=1.651e-03 (<= 1.000e-02) Rho0 1.000e-01
ADMM done: Total Iterations=1 converged=True rho=1.000e-01 rp=0.000e+00 (<= 1.013e-02) rd=2.794e-10 (<= 1.000e-02) Rho0 1.000e-01
SQP Iteration 0 Feas 96.62811279296875 (<= 0.009999999776482582) Step 96.62811279296875 (<= 9.999999747378752e-05)
Time taken for MPC:  0.01711922325193882
ADMM done: Total Iterations=1 converged=True rho=1.000e-01 rp=0.000e+00 (<= 1.008e-02) rd=2.100e-03 (<= 1.000e-02) Rho0 1.000e-01
ADMM done: Total Iterations=1 converged=True rho=1.000e-01 rp=0.000e+00 (<= 1.008e-02) rd=2.794e-10 (<= 1.000e-02) Rho0 1.000e-01
SQP Iteration 0 Feas 76.22714233398438 (<= 0.009999999776482582) Step 75.40242004394531 (<= 9.999999747378752e-05)
Time taken for MPC:  0.017314250115305185
ADMM done: Total Iterations=1 converged=True rho=1.000e-01 rp=0.000e+00 (<= 1.003e-02) rd=9.308e-04 (<= 1.000e-02) Rho0 1.000e-01
ADMM done: Total Iterations=1 converged=True rho=1.000e-01 rp=0.000e+00 (<= 1.003e-02) rd=2.095e-10 (<= 1.000e-02) Rho0 1.000e-01
SQP Iteration 0 Feas 51.958641052246094 (<= 0.009999999776482582) Step 92.47195434570312 (<= 9.999999747378752e-05)
Time taken for MPC:  0.017648077104240656
ADMM done: Total Iterations=1 converged=True rho=1.000e-01 rp=0.000e+00 (<= 1.007e-02) rd=5.937e-04 (<= 1.000e-02) Rho0 1.000e-01
ADMM done: Total Iterations=1 converged=True rho=1.000e-01 rp=0.000e+00 (<= 1.007e-02) rd=1.863e-10 (<= 1.000e-02) Rho0 1.000e-01
SQP Iteration 0 Feas 99.39968872070312 (<= 0.009999999776482582) Step 72.81898498535156 (<= 9.999999747378752e-05)
Time taken for MPC:  0.016344760078936815
ADMM done: Total Iterations=1 converged=True rho=1.000e-01 rp=0.000e+00 (<= 1.006e-02) rd=7.634e-04 (<= 1.000e-02) Rho0 1.000e-01
ADMM done: Total Iterations=1 converged=True rho=1.000e-01 rp=0.000e+00 (<= 1.006e-02) rd=9.313e-11 (<= 1.000e-02) Rho0 1.000e-01
SQP Iteration 0 Feas 277.0799865722656 (<= 0.009999999776482582) Step 178.398681640625 (<= 9.999999747378752e-05)
Time taken for MPC:  0.01653053890913725
ADMM done: Total Iterations=1 converged=True rho=1.000e-01 rp=0.000e+00 (<= 1.003e-02) rd=6.450e-04 (<= 1.000e-02) Rho0 1.000e-01
ADMM done: Total Iterations=1 converged=True rho=1.000e-01 rp=0.000e+00 (<= 1.003e-02) rd=9.313e-11 (<= 1.000e-02) Rho0 1.000e-01
SQP Iteration 0 Feas 329.385498046875 (<= 0.009999999776482582) Step 199.94683837890625 (<= 9.999999747378752e-05)
Time taken for MPC:  0.018623627722263336
ADMM done: Total Iterations=1 converged=True rho=1.000e-01 rp=0.000e+00 (<= 1.003e-02) rd=6.431e-04 (<= 1.000e-02) Rho0 1.000e-01
ADMM done: Total Iterations=1 converged=True rho=1.000e-01 rp=0.000e+00 (<= 1.003e-02) rd=9.313e-11 (<= 1.000e-02) Rho0 1.000e-01
SQP Iteration 0 Feas 206.5987548828125 (<= 0.009999999776482582) Step 205.99542236328125 (<= 9.999999747378752e-05)
Time taken for MPC:  0.01771517191082239
ADMM done: Total Iterations=1 converged=True rho=1.000e-01 rp=0.000e+00 (<= 1.003e-02) rd=1.833e-04 (<= 1.000e-02) Rho0 1.000e-01
ADMM done: Total Iterations=1 converged=True rho=1.000e-01 rp=0.000e+00 (<= 1.003e-02) rd=2.619e-11 (<= 1.000e-02) Rho0 1.000e-01
SQP Iteration 0 Feas 426.62664794921875 (<= 0.009999999776482582) Step 300.86883544921875 (<= 9.999999747378752e-05)
Time taken for MPC:  0.01911053992807865
ADMM done: Total Iterations=1 converged=True rho=1.000e-01 rp=0.000e+00 (<= 1.004e-02) rd=2.444e-04 (<= 1.000e-02) Rho0 1.000e-01
ADMM done: Total Iterations=1 converged=True rho=1.000e-01 rp=0.000e+00 (<= 1.004e-02) rd=4.657e-11 (<= 1.000e-02) Rho0 1.000e-01
SQP Iteration 0 Feas 183.5867156982422 (<= 0.009999999776482582) Step 263.90069580078125 (<= 9.999999747378752e-05)
Time taken for MPC:  0.019824382849037647
ADMM done: Total Iterations=1 converged=True rho=1.000e-01 rp=0.000e+00 (<= 1.004e-02) rd=1.605e-04 (<= 1.000e-02) Rho0 1.000e-01
ADMM done: Total Iterations=1 converged=True rho=1.000e-01 rp=0.000e+00 (<= 1.004e-02) rd=2.328e-11 (<= 1.000e-02) Rho0 1.000e-01
SQP Iteration 0 Feas 52.318538665771484 (<= 0.009999999776482582) Step 213.03369140625 (<= 9.999999747378752e-05)
Time taken for MPC:  0.017100239172577858
ADMM done: Total Iterations=1 converged=True rho=1.000e-01 rp=0.000e+00 (<= 1.002e-02) rd=3.942e-04 (<= 1.000e-02) Rho0 1.000e-01
ADMM done: Total Iterations=1 converged=True rho=1.000e-01 rp=0.000e+00 (<= 1.002e-02) rd=2.910e-11 (<= 1.000e-02) Rho0 1.000e-01
SQP Iteration 0 Feas 66.93280029296875 (<= 0.009999999776482582) Step 182.7901611328125 (<= 9.999999747378752e-05)
Time taken for MPC:  0.018419642001390457
ADMM done: Total Iterations=1 converged=True rho=1.000e-01 rp=0.000e+00 (<= 1.002e-02) rd=2.751e-04 (<= 1.000e-02) Rho0 1.000e-01
ADMM done: Total Iterations=1 converged=True rho=1.000e-01 rp=0.000e+00 (<= 1.002e-02) rd=4.657e-11 (<= 1.000e-02) Rho0 1.000e-01
SQP Iteration 0 Feas 61.43891525268555 (<= 0.009999999776482582) Step 166.58628845214844 (<= 9.999999747378752e-05)
Time taken for MPC:  0.01771316397935152
ADMM done: Total Iterations=1 converged=True rho=1.000e-01 rp=0.000e+00 (<= 1.002e-02) rd=1.530e-04 (<= 1.000e-02) Rho0 1.000e-01
ADMM done: Total Iterations=1 converged=True rho=1.000e-01 rp=0.000e+00 (<= 1.002e-02) rd=3.492e-11 (<= 1.000e-02) Rho0 1.000e-01
SQP Iteration 0 Feas 69.11991882324219 (<= 0.009999999776482582) Step 136.6508026123047 (<= 9.999999747378752e-05)
Time taken for MPC:  0.017397727817296982
ADMM done: Total Iterations=1 converged=True rho=1.000e-01 rp=0.000e+00 (<= 1.002e-02) rd=2.439e-04 (<= 1.000e-02) Rho0 1.000e-01
ADMM done: Total Iterations=1 converged=True rho=1.000e-01 rp=0.000e+00 (<= 1.002e-02) rd=2.328e-11 (<= 1.000e-02) Rho0 1.000e-01
SQP Iteration 0 Feas 53.95154571533203 (<= 0.009999999776482582) Step 154.05435180664062 (<= 9.999999747378752e-05)
Time taken for MPC:  0.017049371264874935
ADMM done: Total Iterations=1 converged=True rho=1.000e-01 rp=0.000e+00 (<= 1.003e-02) rd=2.692e-04 (<= 1.000e-02) Rho0 1.000e-01
ADMM done: Total Iterations=1 converged=True rho=1.000e-01 rp=0.000e+00 (<= 1.003e-02) rd=4.657e-11 (<= 1.000e-02) Rho0 1.000e-01
SQP Iteration 0 Feas 103.66847229003906 (<= 0.009999999776482582) Step 154.76199340820312 (<= 9.999999747378752e-05)
Time taken for MPC:  0.016741657629609108
ADMM done: Total Iterations=1 converged=True rho=1.000e-01 rp=0.000e+00 (<= 1.006e-02) rd=9.846e-04 (<= 1.000e-02) Rho0 1.000e-01
ADMM done: Total Iterations=1 converged=True rho=1.000e-01 rp=0.000e+00 (<= 1.006e-02) rd=1.397e-10 (<= 1.000e-02) Rho0 1.000e-01
SQP Iteration 0 Feas 404.9463806152344 (<= 0.009999999776482582) Step 333.735107421875 (<= 9.999999747378752e-05)
Time taken for MPC:  0.01597530208528042
ADMM done: Total Iterations=1 converged=True rho=1.000e-01 rp=0.000e+00 (<= 1.003e-02) rd=5.644e-04 (<= 1.000e-02) Rho0 1.000e-01
ADMM done: Total Iterations=1 converged=True rho=1.000e-01 rp=0.000e+00 (<= 1.003e-02) rd=1.164e-10 (<= 1.000e-02) Rho0 1.000e-01
SQP Iteration 0 Feas 93.48555755615234 (<= 0.009999999776482582) Step 246.23304748535156 (<= 9.999999747378752e-05)
Time taken for MPC:  0.015932614915072918
ADMM done: Total Iterations=1 converged=True rho=1.000e-01 rp=0.000e+00 (<= 1.002e-02) rd=2.540e-04 (<= 1.000e-02) Rho0 1.000e-01
ADMM done: Total Iterations=1 converged=True rho=1.000e-01 rp=0.000e+00 (<= 1.002e-02) rd=5.821e-11 (<= 1.000e-02) Rho0 1.000e-01
SQP Iteration 0 Feas 89.3432846069336 (<= 0.009999999776482582) Step 106.83509826660156 (<= 9.999999747378752e-05)
Time taken for MPC:  0.01713664224371314
ADMM done: Total Iterations=1 converged=True rho=1.000e-01 rp=0.000e+00 (<= 1.002e-02) rd=2.138e-04 (<= 1.000e-02) Rho0 1.000e-01
ADMM done: Total Iterations=1 converged=True rho=1.000e-01 rp=0.000e+00 (<= 1.002e-02) rd=2.765e-11 (<= 1.000e-02) Rho0 1.000e-01
SQP Iteration 0 Feas 86.76913452148438 (<= 0.009999999776482582) Step 101.15201568603516 (<= 9.999999747378752e-05)
Time taken for MPC:  0.017957348842173815
ADMM done: Total Iterations=1 converged=True rho=1.000e-01 rp=0.000e+00 (<= 1.002e-02) rd=1.796e-04 (<= 1.000e-02) Rho0 1.000e-01
ADMM done: Total Iterations=1 converged=True rho=1.000e-01 rp=0.000e+00 (<= 1.002e-02) rd=2.328e-11 (<= 1.000e-02) Rho0 1.000e-01
SQP Iteration 0 Feas 86.50923919677734 (<= 0.009999999776482582) Step 103.63562774658203 (<= 9.999999747378752e-05)
Time taken for MPC:  0.017670974135398865
ADMM done: Total Iterations=1 converged=True rho=1.000e-01 rp=0.000e+00 (<= 1.002e-02) rd=2.165e-04 (<= 1.000e-02) Rho0 1.000e-01
ADMM done: Total Iterations=1 converged=True rho=1.000e-01 rp=0.000e+00 (<= 1.002e-02) rd=1.164e-11 (<= 1.000e-02) Rho0 1.000e-01
SQP Iteration 0 Feas 85.24254608154297 (<= 0.009999999776482582) Step 99.65038299560547 (<= 9.999999747378752e-05)
Time taken for MPC:  0.01857624715194106
ADMM done: Total Iterations=1 converged=True rho=1.000e-01 rp=0.000e+00 (<= 1.002e-02) rd=2.023e-04 (<= 1.000e-02) Rho0 1.000e-01
ADMM done: Total Iterations=1 converged=True rho=1.000e-01 rp=0.000e+00 (<= 1.002e-02) rd=2.328e-11 (<= 1.000e-02) Rho0 1.000e-01
SQP Iteration 0 Feas 85.57317352294922 (<= 0.009999999776482582) Step 94.1803207397461 (<= 9.999999747378752e-05)
Time taken for MPC:  0.017580457031726837
ADMM done: Total Iterations=1 converged=True rho=1.000e-01 rp=0.000e+00 (<= 1.002e-02) rd=1.747e-04 (<= 1.000e-02) Rho0 1.000e-01
ADMM done: Total Iterations=1 converged=True rho=1.000e-01 rp=0.000e+00 (<= 1.002e-02) rd=2.328e-11 (<= 1.000e-02) Rho0 1.000e-01
SQP Iteration 0 Feas 85.22674560546875 (<= 0.009999999776482582) Step 87.98209381103516 (<= 9.999999747378752e-05)
Time taken for MPC:  0.016337179113179445
ADMM done: Total Iterations=1 converged=True rho=1.000e-01 rp=0.000e+00 (<= 1.002e-02) rd=2.986e-04 (<= 1.000e-02) Rho0 1.000e-01
ADMM done: Total Iterations=1 converged=True rho=1.000e-01 rp=0.000e+00 (<= 1.002e-02) rd=3.783e-11 (<= 1.000e-02) Rho0 1.000e-01
SQP Iteration 0 Feas 83.77691650390625 (<= 0.009999999776482582) Step 84.64537811279297 (<= 9.999999747378752e-05)
Time taken for MPC:  0.017409598920494318
ADMM done: Total Iterations=1 converged=True rho=1.000e-01 rp=0.000e+00 (<= 1.004e-02) rd=3.521e-04 (<= 1.000e-02) Rho0 1.000e-01
ADMM done: Total Iterations=1 converged=True rho=1.000e-01 rp=0.000e+00 (<= 1.004e-02) rd=5.821e-11 (<= 1.000e-02) Rho0 1.000e-01
SQP Iteration 0 Feas 109.55604553222656 (<= 0.009999999776482582) Step 109.55604553222656 (<= 9.999999747378752e-05)
Time taken for MPC:  0.017925762105733156
ADMM done: Total Iterations=1 converged=True rho=1.000e-01 rp=0.000e+00 (<= 1.001e-02) rd=3.007e-04 (<= 1.000e-02) Rho0 1.000e-01
ADMM done: Total Iterations=1 converged=True rho=1.000e-01 rp=0.000e+00 (<= 1.001e-02) rd=4.657e-11 (<= 1.000e-02) Rho0 1.000e-01
SQP Iteration 0 Feas 181.52626037597656 (<= 0.009999999776482582) Step 181.52626037597656 (<= 9.999999747378752e-05)
Time taken for MPC:  0.0175958969630301
ADMM done: Total Iterations=1 converged=True rho=1.000e-01 rp=0.000e+00 (<= 1.001e-02) rd=2.392e-04 (<= 1.000e-02) Rho0 1.000e-01
ADMM done: Total Iterations=1 converged=True rho=1.000e-01 rp=0.000e+00 (<= 1.001e-02) rd=1.746e-11 (<= 1.000e-02) Rho0 1.000e-01
SQP Iteration 0 Feas 177.3812255859375 (<= 0.009999999776482582) Step 177.3812255859375 (<= 9.999999747378752e-05)
Time taken for MPC:  0.018469213973730803
ADMM done: Total Iterations=1 converged=True rho=1.000e-01 rp=0.000e+00 (<= 1.001e-02) rd=1.870e-04 (<= 1.000e-02) Rho0 1.000e-01
ADMM done: Total Iterations=1 converged=True rho=1.000e-01 rp=0.000e+00 (<= 1.001e-02) rd=1.164e-11 (<= 1.000e-02) Rho0 1.000e-01
SQP Iteration 0 Feas 180.89572143554688 (<= 0.009999999776482582) Step 180.89572143554688 (<= 9.999999747378752e-05)
Time taken for MPC:  0.018023523967713118
ADMM done: Total Iterations=1 converged=True rho=1.000e-01 rp=0.000e+00 (<= 1.001e-02) rd=2.049e-04 (<= 1.000e-02) Rho0 1.000e-01
ADMM done: Total Iterations=1 converged=True rho=1.000e-01 rp=0.000e+00 (<= 1.001e-02) rd=2.328e-11 (<= 1.000e-02) Rho0 1.000e-01
SQP Iteration 0 Feas 178.52182006835938 (<= 0.009999999776482582) Step 178.52182006835938 (<= 9.999999747378752e-05)
Time taken for MPC:  0.017875793855637312
ADMM done: Total Iterations=1 converged=True rho=1.000e-01 rp=0.000e+00 (<= 1.001e-02) rd=1.730e-04 (<= 1.000e-02) Rho0 1.000e-01
ADMM done: Total Iterations=1 converged=True rho=1.000e-01 rp=0.000e+00 (<= 1.001e-02) rd=2.328e-11 (<= 1.000e-02) Rho0 1.000e-01
SQP Iteration 0 Feas 172.14419555664062 (<= 0.009999999776482582) Step 172.14419555664062 (<= 9.999999747378752e-05)
Time taken for MPC:  0.018427596893161535
ADMM done: Total Iterations=1 converged=True rho=1.000e-01 rp=0.000e+00 (<= 1.001e-02) rd=1.911e-04 (<= 1.000e-02) Rho0 1.000e-01
ADMM done: Total Iterations=1 converged=True rho=1.000e-01 rp=0.000e+00 (<= 1.001e-02) rd=2.328e-11 (<= 1.000e-02) Rho0 1.000e-01
SQP Iteration 0 Feas 165.19821166992188 (<= 0.009999999776482582) Step 165.19821166992188 (<= 9.999999747378752e-05)
Time taken for MPC:  0.018861437682062387
ADMM done: Total Iterations=1 converged=True rho=1.000e-01 rp=0.000e+00 (<= 1.001e-02) rd=1.912e-04 (<= 1.000e-02) Rho0 1.000e-01
ADMM done: Total Iterations=1 converged=True rho=1.000e-01 rp=0.000e+00 (<= 1.001e-02) rd=1.164e-11 (<= 1.000e-02) Rho0 1.000e-01
SQP Iteration 0 Feas 162.14222717285156 (<= 0.009999999776482582) Step 162.14222717285156 (<= 9.999999747378752e-05)
Time taken for MPC:  0.01778169721364975
ADMM done: Total Iterations=1 converged=True rho=1.000e-01 rp=0.000e+00 (<= 1.001e-02) rd=1.886e-04 (<= 1.000e-02) Rho0 1.000e-01
ADMM done: Total Iterations=1 converged=True rho=1.000e-01 rp=0.000e+00 (<= 1.001e-02) rd=2.328e-11 (<= 1.000e-02) Rho0 1.000e-01
SQP Iteration 0 Feas 167.07420349121094 (<= 0.009999999776482582) Step 167.07420349121094 (<= 9.999999747378752e-05)
Time taken for MPC:  0.01805870793759823
ADMM done: Total Iterations=1 converged=True rho=1.000e-01 rp=0.000e+00 (<= 1.001e-02) rd=1.700e-04 (<= 1.000e-02) Rho0 1.000e-01
ADMM done: Total Iterations=1 converged=True rho=1.000e-01 rp=0.000e+00 (<= 1.001e-02) rd=2.328e-11 (<= 1.000e-02) Rho0 1.000e-01
SQP Iteration 0 Feas 165.23992919921875 (<= 0.009999999776482582) Step 165.23992919921875 (<= 9.999999747378752e-05)
Time taken for MPC:  0.018171091098338366
ADMM done: Total Iterations=1 converged=True rho=1.000e-01 rp=0.000e+00 (<= 1.001e-02) rd=2.173e-04 (<= 1.000e-02) Rho0 1.000e-01
ADMM done: Total Iterations=1 converged=True rho=1.000e-01 rp=0.000e+00 (<= 1.001e-02) rd=2.328e-11 (<= 1.000e-02) Rho0 1.000e-01
SQP Iteration 0 Feas 162.37535095214844 (<= 0.009999999776482582) Step 162.37535095214844 (<= 9.999999747378752e-05)
Time taken for MPC:  0.017297641839832067
ADMM done: Total Iterations=1 converged=True rho=1.000e-01 rp=0.000e+00 (<= 1.001e-02) rd=1.679e-04 (<= 1.000e-02) Rho0 1.000e-01
ADMM done: Total Iterations=1 converged=True rho=1.000e-01 rp=0.000e+00 (<= 1.001e-02) rd=1.164e-11 (<= 1.000e-02) Rho0 1.000e-01
SQP Iteration 0 Feas 158.60345458984375 (<= 0.009999999776482582) Step 158.60345458984375 (<= 9.999999747378752e-05)
Time taken for MPC:  0.017642591148614883
ADMM done: Total Iterations=1 converged=True rho=1.000e-01 rp=0.000e+00 (<= 1.001e-02) rd=2.045e-04 (<= 1.000e-02) Rho0 1.000e-01
ADMM done: Total Iterations=1 converged=True rho=1.000e-01 rp=0.000e+00 (<= 1.001e-02) rd=2.328e-11 (<= 1.000e-02) Rho0 1.000e-01
SQP Iteration 0 Feas 154.86973571777344 (<= 0.009999999776482582) Step 154.86973571777344 (<= 9.999999747378752e-05)
Time taken for MPC:  0.01733929803594947
ADMM done: Total Iterations=1 converged=True rho=1.000e-01 rp=0.000e+00 (<= 1.002e-02) rd=1.526e-04 (<= 1.000e-02) Rho0 1.000e-01
ADMM done: Total Iterations=1 converged=True rho=1.000e-01 rp=0.000e+00 (<= 1.002e-02) rd=5.821e-12 (<= 1.000e-02) Rho0 1.000e-01
SQP Iteration 0 Feas 152.5252685546875 (<= 0.009999999776482582) Step 152.5252685546875 (<= 9.999999747378752e-05)
Time taken for MPC:  0.016735034994781017
ADMM done: Total Iterations=1 converged=True rho=1.000e-01 rp=0.000e+00 (<= 1.001e-02) rd=2.423e-04 (<= 1.000e-02) Rho0 1.000e-01
ADMM done: Total Iterations=1 converged=True rho=1.000e-01 rp=0.000e+00 (<= 1.001e-02) rd=1.746e-11 (<= 1.000e-02) Rho0 1.000e-01
SQP Iteration 0 Feas 144.25021362304688 (<= 0.009999999776482582) Step 144.25021362304688 (<= 9.999999747378752e-05)
Time taken for MPC:  0.019784285221248865
ADMM done: Total Iterations=1 converged=True rho=1.000e-01 rp=0.000e+00 (<= 1.002e-02) rd=1.686e-04 (<= 1.000e-02) Rho0 1.000e-01
ADMM done: Total Iterations=1 converged=True rho=1.000e-01 rp=0.000e+00 (<= 1.002e-02) rd=5.821e-12 (<= 1.000e-02) Rho0 1.000e-01
SQP Iteration 0 Feas 148.6632537841797 (<= 0.009999999776482582) Step 148.6632537841797 (<= 9.999999747378752e-05)
Time taken for MPC:  0.018663907889276743
ADMM done: Total Iterations=1 converged=True rho=1.000e-01 rp=0.000e+00 (<= 1.001e-02) rd=3.267e-04 (<= 1.000e-02) Rho0 1.000e-01
ADMM done: Total Iterations=1 converged=True rho=1.000e-01 rp=0.000e+00 (<= 1.001e-02) rd=4.657e-11 (<= 1.000e-02) Rho0 1.000e-01
SQP Iteration 0 Feas 136.6682891845703 (<= 0.009999999776482582) Step 136.6682891845703 (<= 9.999999747378752e-05)
Time taken for MPC:  0.01839736383408308
ADMM done: Total Iterations=1 converged=True rho=1.000e-01 rp=0.000e+00 (<= 1.003e-02) rd=2.603e-04 (<= 1.000e-02) Rho0 1.000e-01
ADMM done: Total Iterations=1 converged=True rho=1.000e-01 rp=0.000e+00 (<= 1.003e-02) rd=4.657e-11 (<= 1.000e-02) Rho0 1.000e-01
SQP Iteration 0 Feas 155.55551147460938 (<= 0.009999999776482582) Step 155.55551147460938 (<= 9.999999747378752e-05)
Time taken for MPC:  0.017631375696510077
ADMM done: Total Iterations=1 converged=True rho=1.000e-01 rp=0.000e+00 (<= 1.002e-02) rd=4.540e-04 (<= 1.000e-02) Rho0 1.000e-01
ADMM done: Total Iterations=1 converged=True rho=1.000e-01 rp=0.000e+00 (<= 1.002e-02) rd=1.164e-10 (<= 1.000e-02) Rho0 1.000e-01
SQP Iteration 0 Feas 139.19859313964844 (<= 0.009999999776482582) Step 119.0422592163086 (<= 9.999999747378752e-05)
Time taken for MPC:  0.0162143693305552
ADMM done: Total Iterations=1 converged=True rho=1.000e-01 rp=0.000e+00 (<= 1.004e-02) rd=4.503e-04 (<= 1.000e-02) Rho0 1.000e-01
ADMM done: Total Iterations=1 converged=True rho=1.000e-01 rp=0.000e+00 (<= 1.004e-02) rd=1.863e-10 (<= 1.000e-02) Rho0 1.000e-01
SQP Iteration 0 Feas 166.4354248046875 (<= 0.009999999776482582) Step 166.4354248046875 (<= 9.999999747378752e-05)
Time taken for MPC:  0.01822604611515999
ADMM done: Total Iterations=1 converged=True rho=1.000e-01 rp=0.000e+00 (<= 1.003e-02) rd=6.841e-04 (<= 1.000e-02) Rho0 1.000e-01
ADMM done: Total Iterations=1 converged=True rho=1.000e-01 rp=0.000e+00 (<= 1.003e-02) rd=1.397e-10 (<= 1.000e-02) Rho0 1.000e-01
SQP Iteration 0 Feas 162.6036834716797 (<= 0.009999999776482582) Step 123.1207275390625 (<= 9.999999747378752e-05)
Time taken for MPC:  0.017054772935807705
ADMM done: Total Iterations=1 converged=True rho=1.000e-01 rp=0.000e+00 (<= 1.005e-02) rd=6.276e-04 (<= 1.000e-02) Rho0 1.000e-01
ADMM done: Total Iterations=1 converged=True rho=1.000e-01 rp=0.000e+00 (<= 1.005e-02) rd=1.863e-10 (<= 1.000e-02) Rho0 1.000e-01
SQP Iteration 0 Feas 228.9383544921875 (<= 0.009999999776482582) Step 169.84373474121094 (<= 9.999999747378752e-05)
Time taken for MPC:  0.017580279149115086
ADMM done: Total Iterations=1 converged=True rho=1.000e-01 rp=0.000e+00 (<= 1.003e-02) rd=6.946e-04 (<= 1.000e-02) Rho0 1.000e-01
ADMM done: Total Iterations=1 converged=True rho=1.000e-01 rp=0.000e+00 (<= 1.003e-02) rd=4.657e-11 (<= 1.000e-02) Rho0 1.000e-01
SQP Iteration 0 Feas 146.0462188720703 (<= 0.009999999776482582) Step 126.28900146484375 (<= 9.999999747378752e-05)
Time taken for MPC:  0.018261197954416275
ADMM done: Total Iterations=1 converged=True rho=1.000e-01 rp=0.000e+00 (<= 1.006e-02) rd=6.738e-04 (<= 1.000e-02) Rho0 1.000e-01
ADMM done: Total Iterations=1 converged=True rho=1.000e-01 rp=0.000e+00 (<= 1.006e-02) rd=9.313e-11 (<= 1.000e-02) Rho0 1.000e-01
SQP Iteration 0 Feas 159.224609375 (<= 0.009999999776482582) Step 159.224609375 (<= 9.999999747378752e-05)
Time taken for MPC:  0.01802307041361928
ADMM done: Total Iterations=1 converged=True rho=1.000e-01 rp=0.000e+00 (<= 1.002e-02) rd=7.939e-04 (<= 1.000e-02) Rho0 1.000e-01
ADMM done: Total Iterations=1 converged=True rho=1.000e-01 rp=0.000e+00 (<= 1.002e-02) rd=9.313e-11 (<= 1.000e-02) Rho0 1.000e-01
SQP Iteration 0 Feas 209.12591552734375 (<= 0.009999999776482582) Step 124.17597961425781 (<= 9.999999747378752e-05)
Time taken for MPC:  0.018437986262142658
ADMM done: Total Iterations=1 converged=True rho=1.000e-01 rp=0.000e+00 (<= 1.003e-02) rd=2.974e-04 (<= 1.000e-02) Rho0 1.000e-01
ADMM done: Total Iterations=1 converged=True rho=1.000e-01 rp=0.000e+00 (<= 1.003e-02) rd=4.657e-11 (<= 1.000e-02) Rho0 1.000e-01
SQP Iteration 0 Feas 136.4512481689453 (<= 0.009999999776482582) Step 136.4512481689453 (<= 9.999999747378752e-05)
Time taken for MPC:  0.017873900942504406
ADMM done: Total Iterations=1 converged=True rho=1.000e-01 rp=0.000e+00 (<= 1.002e-02) rd=4.244e-04 (<= 1.000e-02) Rho0 1.000e-01
ADMM done: Total Iterations=1 converged=True rho=1.000e-01 rp=0.000e+00 (<= 1.002e-02) rd=4.657e-11 (<= 1.000e-02) Rho0 1.000e-01
SQP Iteration 0 Feas 214.27035522460938 (<= 0.009999999776482582) Step 117.84703063964844 (<= 9.999999747378752e-05)
Time taken for MPC:  0.01754474686458707
ADMM done: Total Iterations=1 converged=True rho=1.000e-01 rp=0.000e+00 (<= 1.003e-02) rd=3.473e-04 (<= 1.000e-02) Rho0 1.000e-01
ADMM done: Total Iterations=1 converged=True rho=1.000e-01 rp=0.000e+00 (<= 1.003e-02) rd=2.328e-11 (<= 1.000e-02) Rho0 1.000e-01
SQP Iteration 0 Feas 155.2674102783203 (<= 0.009999999776482582) Step 121.59380340576172 (<= 9.999999747378752e-05)
Time taken for MPC:  0.017924637999385595
ADMM done: Total Iterations=1 converged=True rho=1.000e-01 rp=0.000e+00 (<= 1.003e-02) rd=6.220e-04 (<= 1.000e-02) Rho0 1.000e-01
ADMM done: Total Iterations=1 converged=True rho=1.000e-01 rp=0.000e+00 (<= 1.003e-02) rd=9.313e-11 (<= 1.000e-02) Rho0 1.000e-01
SQP Iteration 0 Feas 177.0651092529297 (<= 0.009999999776482582) Step 177.0651092529297 (<= 9.999999747378752e-05)
Time taken for MPC:  0.017632382921874523
ADMM done: Total Iterations=1 converged=True rho=1.000e-01 rp=0.000e+00 (<= 1.001e-02) rd=3.110e-04 (<= 1.000e-02) Rho0 1.000e-01
ADMM done: Total Iterations=1 converged=True rho=1.000e-01 rp=0.000e+00 (<= 1.001e-02) rd=3.492e-11 (<= 1.000e-02) Rho0 1.000e-01
SQP Iteration 0 Feas 50.24999237060547 (<= 0.009999999776482582) Step 51.669151306152344 (<= 9.999999747378752e-05)
Time taken for MPC:  0.01797605026513338
ADMM done: Total Iterations=1 converged=True rho=1.000e-01 rp=0.000e+00 (<= 1.001e-02) rd=1.844e-04 (<= 1.000e-02) Rho0 1.000e-01
ADMM done: Total Iterations=1 converged=True rho=1.000e-01 rp=0.000e+00 (<= 1.001e-02) rd=2.910e-11 (<= 1.000e-02) Rho0 1.000e-01
SQP Iteration 0 Feas 60.83489990234375 (<= 0.009999999776482582) Step 60.83489990234375 (<= 9.999999747378752e-05)
Time taken for MPC:  0.0180840278044343
ADMM done: Total Iterations=1 converged=True rho=1.000e-01 rp=0.000e+00 (<= 1.001e-02) rd=1.982e-04 (<= 1.000e-02) Rho0 1.000e-01
ADMM done: Total Iterations=1 converged=True rho=1.000e-01 rp=0.000e+00 (<= 1.001e-02) rd=5.821e-12 (<= 1.000e-02) Rho0 1.000e-01
SQP Iteration 0 Feas 69.94627380371094 (<= 0.009999999776482582) Step 69.94627380371094 (<= 9.999999747378752e-05)
Time taken for MPC:  0.018105691764503717
ADMM done: Total Iterations=1 converged=True rho=1.000e-01 rp=0.000e+00 (<= 1.001e-02) rd=1.801e-04 (<= 1.000e-02) Rho0 1.000e-01
ADMM done: Total Iterations=1 converged=True rho=1.000e-01 rp=0.000e+00 (<= 1.001e-02) rd=1.164e-11 (<= 1.000e-02) Rho0 1.000e-01
SQP Iteration 0 Feas 73.55010223388672 (<= 0.009999999776482582) Step 73.55010223388672 (<= 9.999999747378752e-05)
Time taken for MPC:  0.018103457987308502
ADMM done: Total Iterations=1 converged=True rho=1.000e-01 rp=0.000e+00 (<= 1.001e-02) rd=1.970e-04 (<= 1.000e-02) Rho0 1.000e-01
ADMM done: Total Iterations=1 converged=True rho=1.000e-01 rp=0.000e+00 (<= 1.001e-02) rd=2.910e-11 (<= 1.000e-02) Rho0 1.000e-01
SQP Iteration 0 Feas 78.54020690917969 (<= 0.009999999776482582) Step 78.54020690917969 (<= 9.999999747378752e-05)
Time taken for MPC:  0.018748532980680466
ADMM done: Total Iterations=1 converged=True rho=1.000e-01 rp=0.000e+00 (<= 1.001e-02) rd=1.664e-04 (<= 1.000e-02) Rho0 1.000e-01
ADMM done: Total Iterations=1 converged=True rho=1.000e-01 rp=0.000e+00 (<= 1.001e-02) rd=1.455e-11 (<= 1.000e-02) Rho0 1.000e-01
SQP Iteration 0 Feas 77.40005493164062 (<= 0.009999999776482582) Step 77.40005493164062 (<= 9.999999747378752e-05)
Time taken for MPC:  0.01918515469878912
ADMM done: Total Iterations=1 converged=True rho=1.000e-01 rp=0.000e+00 (<= 1.001e-02) rd=1.950e-04 (<= 1.000e-02) Rho0 1.000e-01
ADMM done: Total Iterations=1 converged=True rho=1.000e-01 rp=0.000e+00 (<= 1.001e-02) rd=2.328e-11 (<= 1.000e-02) Rho0 1.000e-01
SQP Iteration 0 Feas 90.3346176147461 (<= 0.009999999776482582) Step 90.3346176147461 (<= 9.999999747378752e-05)
Time taken for MPC:  0.01778250001370907
ADMM done: Total Iterations=1 converged=True rho=1.000e-01 rp=0.000e+00 (<= 1.002e-02) rd=1.462e-04 (<= 1.000e-02) Rho0 1.000e-01
ADMM done: Total Iterations=1 converged=True rho=1.000e-01 rp=0.000e+00 (<= 1.002e-02) rd=5.821e-11 (<= 1.000e-02) Rho0 1.000e-01
SQP Iteration 0 Feas 91.98925018310547 (<= 0.009999999776482582) Step 91.98925018310547 (<= 9.999999747378752e-05)
Time taken for MPC:  0.01808559102937579
ADMM done: Total Iterations=1 converged=True rho=1.000e-01 rp=0.000e+00 (<= 1.010e-02) rd=9.478e-04 (<= 1.000e-02) Rho0 1.000e-01
ADMM done: Total Iterations=1 converged=True rho=1.000e-01 rp=0.000e+00 (<= 1.010e-02) rd=9.313e-11 (<= 1.000e-02) Rho0 1.000e-01
SQP Iteration 0 Feas 163.58966064453125 (<= 0.009999999776482582) Step 163.58966064453125 (<= 9.999999747378752e-05)
Time taken for MPC:  0.018075795378535986
ADMM done: Total Iterations=1 converged=True rho=1.000e-01 rp=0.000e+00 (<= 1.004e-02) rd=6.923e-04 (<= 1.000e-02) Rho0 1.000e-01
ADMM done: Total Iterations=1 converged=True rho=1.000e-01 rp=0.000e+00 (<= 1.004e-02) rd=1.222e-10 (<= 1.000e-02) Rho0 1.000e-01
SQP Iteration 0 Feas 39.58357238769531 (<= 0.009999999776482582) Step 56.46125793457031 (<= 9.999999747378752e-05)
Time taken for MPC:  0.018228285014629364
ADMM done: Total Iterations=1 converged=True rho=1.000e-01 rp=0.000e+00 (<= 1.004e-02) rd=8.016e-04 (<= 1.000e-02) Rho0 1.000e-01
ADMM done: Total Iterations=1 converged=True rho=1.000e-01 rp=0.000e+00 (<= 1.004e-02) rd=4.657e-11 (<= 1.000e-02) Rho0 1.000e-01
SQP Iteration 0 Feas 66.21701049804688 (<= 0.009999999776482582) Step 77.40333557128906 (<= 9.999999747378752e-05)
Time taken for MPC:  0.017512947786599398
ADMM done: Total Iterations=1 converged=True rho=1.000e-01 rp=0.000e+00 (<= 1.002e-02) rd=4.136e-04 (<= 1.000e-02) Rho0 1.000e-01
ADMM done: Total Iterations=1 converged=True rho=1.000e-01 rp=0.000e+00 (<= 1.002e-02) rd=9.313e-11 (<= 1.000e-02) Rho0 1.000e-01
SQP Iteration 0 Feas 77.80201721191406 (<= 0.009999999776482582) Step 80.6153793334961 (<= 9.999999747378752e-05)
Time taken for MPC:  0.01777575397863984
ADMM done: Total Iterations=1 converged=True rho=1.000e-01 rp=0.000e+00 (<= 1.003e-02) rd=5.652e-04 (<= 1.000e-02) Rho0 1.000e-01
ADMM done: Total Iterations=1 converged=True rho=1.000e-01 rp=0.000e+00 (<= 1.003e-02) rd=1.397e-10 (<= 1.000e-02) Rho0 1.000e-01
SQP Iteration 0 Feas 127.86762237548828 (<= 0.009999999776482582) Step 153.8008270263672 (<= 9.999999747378752e-05)
Time taken for MPC:  0.01747887907549739
ADMM done: Total Iterations=1 converged=True rho=1.000e-01 rp=0.000e+00 (<= 1.013e-02) rd=1.408e-03 (<= 1.000e-02) Rho0 1.000e-01
ADMM done: Total Iterations=1 converged=True rho=1.000e-01 rp=0.000e+00 (<= 1.013e-02) rd=1.863e-10 (<= 1.000e-02) Rho0 1.000e-01
SQP Iteration 0 Feas 41.925838470458984 (<= 0.009999999776482582) Step 129.11187744140625 (<= 9.999999747378752e-05)
Time taken for MPC:  0.018147285096347332
ADMM done: Total Iterations=1 converged=True rho=1.000e-01 rp=0.000e+00 (<= 1.005e-02) rd=1.179e-03 (<= 1.000e-02) Rho0 1.000e-01
ADMM done: Total Iterations=1 converged=True rho=1.000e-01 rp=0.000e+00 (<= 1.005e-02) rd=9.313e-11 (<= 1.000e-02) Rho0 1.000e-01
SQP Iteration 0 Feas 56.367122650146484 (<= 0.009999999776482582) Step 149.1670684814453 (<= 9.999999747378752e-05)
Time taken for MPC:  0.020062805153429508
ADMM done: Total Iterations=1 converged=True rho=1.000e-01 rp=0.000e+00 (<= 1.003e-02) rd=5.290e-04 (<= 1.000e-02) Rho0 1.000e-01
ADMM done: Total Iterations=1 converged=True rho=1.000e-01 rp=0.000e+00 (<= 1.003e-02) rd=1.397e-10 (<= 1.000e-02) Rho0 1.000e-01
SQP Iteration 0 Feas 74.36465454101562 (<= 0.009999999776482582) Step 118.65072631835938 (<= 9.999999747378752e-05)
Time taken for MPC:  0.017887057736516
ADMM done: Total Iterations=1 converged=True rho=1.000e-01 rp=0.000e+00 (<= 1.002e-02) rd=3.135e-04 (<= 1.000e-02) Rho0 1.000e-01
ADMM done: Total Iterations=1 converged=True rho=1.000e-01 rp=0.000e+00 (<= 1.002e-02) rd=4.657e-11 (<= 1.000e-02) Rho0 1.000e-01
SQP Iteration 0 Feas 96.13020324707031 (<= 0.009999999776482582) Step 109.71450805664062 (<= 9.999999747378752e-05)
Time taken for MPC:  0.018340887036174536
ADMM done: Total Iterations=1 converged=True rho=1.000e-01 rp=0.000e+00 (<= 1.005e-02) rd=6.039e-04 (<= 1.000e-02) Rho0 1.000e-01
ADMM done: Total Iterations=1 converged=True rho=1.000e-01 rp=0.000e+00 (<= 1.005e-02) rd=9.313e-11 (<= 1.000e-02) Rho0 1.000e-01
SQP Iteration 0 Feas 111.95773315429688 (<= 0.009999999776482582) Step 111.95773315429688 (<= 9.999999747378752e-05)
Time taken for MPC:  0.019294212106615305
ADMM done: Total Iterations=1 converged=True rho=1.000e-01 rp=0.000e+00 (<= 1.003e-02) rd=5.378e-04 (<= 1.000e-02) Rho0 1.000e-01
ADMM done: Total Iterations=1 converged=True rho=1.000e-01 rp=0.000e+00 (<= 1.003e-02) rd=9.313e-11 (<= 1.000e-02) Rho0 1.000e-01
SQP Iteration 0 Feas 104.88968658447266 (<= 0.009999999776482582) Step 104.88968658447266 (<= 9.999999747378752e-05)
Time taken for MPC:  0.019158137030899525
ADMM done: Total Iterations=1 converged=True rho=1.000e-01 rp=0.000e+00 (<= 1.007e-02) rd=1.024e-03 (<= 1.000e-02) Rho0 1.000e-01
ADMM done: Total Iterations=1 converged=True rho=1.000e-01 rp=0.000e+00 (<= 1.007e-02) rd=1.397e-10 (<= 1.000e-02) Rho0 1.000e-01
SQP Iteration 0 Feas 154.59442138671875 (<= 0.009999999776482582) Step 180.7477264404297 (<= 9.999999747378752e-05)
Time taken for MPC:  0.01895829662680626
ADMM done: Total Iterations=1 converged=True rho=1.000e-01 rp=0.000e+00 (<= 1.008e-02) rd=1.257e-03 (<= 1.000e-02) Rho0 1.000e-01
ADMM done: Total Iterations=1 converged=True rho=1.000e-01 rp=0.000e+00 (<= 1.008e-02) rd=3.725e-10 (<= 1.000e-02) Rho0 1.000e-01
SQP Iteration 0 Feas 158.1425323486328 (<= 0.009999999776482582) Step 158.1425323486328 (<= 9.999999747378752e-05)
Time taken for MPC:  0.0179777592420578
ADMM done: Total Iterations=1 converged=True rho=1.000e-01 rp=0.000e+00 (<= 1.005e-02) rd=7.619e-04 (<= 1.000e-02) Rho0 1.000e-01
ADMM done: Total Iterations=1 converged=True rho=1.000e-01 rp=0.000e+00 (<= 1.005e-02) rd=1.513e-10 (<= 1.000e-02) Rho0 1.000e-01
SQP Iteration 0 Feas 207.50843811035156 (<= 0.009999999776482582) Step 147.11370849609375 (<= 9.999999747378752e-05)
Time taken for MPC:  0.019474266096949577
ADMM done: Total Iterations=1 converged=True rho=1.000e-01 rp=0.000e+00 (<= 1.004e-02) rd=5.301e-04 (<= 1.000e-02) Rho0 1.000e-01
ADMM done: Total Iterations=1 converged=True rho=1.000e-01 rp=0.000e+00 (<= 1.004e-02) rd=9.313e-11 (<= 1.000e-02) Rho0 1.000e-01
SQP Iteration 0 Feas 154.0599365234375 (<= 0.009999999776482582) Step 139.6685028076172 (<= 9.999999747378752e-05)
Time taken for MPC:  0.020992307923734188
ADMM done: Total Iterations=1 converged=True rho=1.000e-01 rp=0.000e+00 (<= 1.002e-02) rd=5.503e-04 (<= 1.000e-02) Rho0 1.000e-01
ADMM done: Total Iterations=1 converged=True rho=1.000e-01 rp=0.000e+00 (<= 1.002e-02) rd=1.397e-10 (<= 1.000e-02) Rho0 1.000e-01
SQP Iteration 0 Feas 125.13882446289062 (<= 0.009999999776482582) Step 83.95399475097656 (<= 9.999999747378752e-05)
Time taken for MPC:  0.01990583771839738
ADMM done: Total Iterations=1 converged=True rho=1.000e-01 rp=0.000e+00 (<= 1.004e-02) rd=5.845e-04 (<= 1.000e-02) Rho0 1.000e-01
ADMM done: Total Iterations=1 converged=True rho=1.000e-01 rp=0.000e+00 (<= 1.004e-02) rd=1.048e-10 (<= 1.000e-02) Rho0 1.000e-01
SQP Iteration 0 Feas 105.63365173339844 (<= 0.009999999776482582) Step 100.74454498291016 (<= 9.999999747378752e-05)
Time taken for MPC:  0.020275606773793697
ADMM done: Total Iterations=1 converged=True rho=1.000e-01 rp=0.000e+00 (<= 1.004e-02) rd=3.709e-04 (<= 1.000e-02) Rho0 1.000e-01
ADMM done: Total Iterations=1 converged=True rho=1.000e-01 rp=0.000e+00 (<= 1.004e-02) rd=4.657e-11 (<= 1.000e-02) Rho0 1.000e-01
SQP Iteration 0 Feas 211.46766662597656 (<= 0.009999999776482582) Step 123.22391510009766 (<= 9.999999747378752e-05)
Time taken for MPC:  0.021514349151402712
ADMM done: Total Iterations=1 converged=True rho=1.000e-01 rp=0.000e+00 (<= 1.004e-02) rd=6.713e-04 (<= 1.000e-02) Rho0 1.000e-01
ADMM done: Total Iterations=1 converged=True rho=1.000e-01 rp=0.000e+00 (<= 1.004e-02) rd=9.313e-11 (<= 1.000e-02) Rho0 1.000e-01
SQP Iteration 0 Feas 415.7811279296875 (<= 0.009999999776482582) Step 222.15907287597656 (<= 9.999999747378752e-05)
Time taken for MPC:  0.025039094034582376
ADMM done: Total Iterations=1 converged=True rho=1.000e-01 rp=0.000e+00 (<= 1.003e-02) rd=4.934e-04 (<= 1.000e-02) Rho0 1.000e-01
ADMM done: Total Iterations=1 converged=True rho=1.000e-01 rp=0.000e+00 (<= 1.003e-02) rd=4.657e-11 (<= 1.000e-02) Rho0 1.000e-01
SQP Iteration 0 Feas 284.198974609375 (<= 0.009999999776482582) Step 111.45820617675781 (<= 9.999999747378752e-05)
Time taken for MPC:  0.021743192803114653
ADMM done: Total Iterations=1 converged=True rho=1.000e-01 rp=0.000e+00 (<= 1.003e-02) rd=4.795e-04 (<= 1.000e-02) Rho0 1.000e-01
ADMM done: Total Iterations=1 converged=True rho=1.000e-01 rp=0.000e+00 (<= 1.003e-02) rd=9.313e-11 (<= 1.000e-02) Rho0 1.000e-01
SQP Iteration 0 Feas 349.1150817871094 (<= 0.009999999776482582) Step 160.1291961669922 (<= 9.999999747378752e-05)
Time taken for MPC:  0.020814559422433376
ADMM done: Total Iterations=1 converged=True rho=1.000e-01 rp=0.000e+00 (<= 1.003e-02) rd=1.662e-04 (<= 1.000e-02) Rho0 1.000e-01
ADMM done: Total Iterations=1 converged=True rho=1.000e-01 rp=0.000e+00 (<= 1.003e-02) rd=8.149e-11 (<= 1.000e-02) Rho0 1.000e-01
SQP Iteration 0 Feas 160.15509033203125 (<= 0.009999999776482582) Step 175.7930908203125 (<= 9.999999747378752e-05)
Time taken for MPC:  0.020127438940107822
ADMM done: Total Iterations=1 converged=True rho=1.000e-01 rp=0.000e+00 (<= 1.002e-02) rd=1.768e-04 (<= 1.000e-02) Rho0 1.000e-01
ADMM done: Total Iterations=1 converged=True rho=1.000e-01 rp=0.000e+00 (<= 1.002e-02) rd=1.455e-11 (<= 1.000e-02) Rho0 1.000e-01
SQP Iteration 0 Feas 146.81736755371094 (<= 0.009999999776482582) Step 117.43113708496094 (<= 9.999999747378752e-05)
Time taken for MPC:  0.01904308795928955
ADMM done: Total Iterations=1 converged=True rho=1.000e-01 rp=0.000e+00 (<= 1.002e-02) rd=3.417e-04 (<= 1.000e-02) Rho0 1.000e-01
ADMM done: Total Iterations=1 converged=True rho=1.000e-01 rp=0.000e+00 (<= 1.002e-02) rd=4.657e-11 (<= 1.000e-02) Rho0 1.000e-01
SQP Iteration 0 Feas 80.15191650390625 (<= 0.009999999776482582) Step 100.0086669921875 (<= 9.999999747378752e-05)
Time taken for MPC:  0.01686048973351717
ADMM done: Total Iterations=1 converged=True rho=1.000e-01 rp=0.000e+00 (<= 1.002e-02) rd=2.153e-04 (<= 1.000e-02) Rho0 1.000e-01
ADMM done: Total Iterations=1 converged=True rho=1.000e-01 rp=0.000e+00 (<= 1.002e-02) rd=2.328e-11 (<= 1.000e-02) Rho0 1.000e-01
SQP Iteration 0 Feas 94.60285949707031 (<= 0.009999999776482582) Step 94.60285949707031 (<= 9.999999747378752e-05)
Time taken for MPC:  0.018583866767585278
ADMM done: Total Iterations=1 converged=True rho=1.000e-01 rp=0.000e+00 (<= 1.002e-02) rd=3.196e-04 (<= 1.000e-02) Rho0 1.000e-01
ADMM done: Total Iterations=1 converged=True rho=1.000e-01 rp=0.000e+00 (<= 1.002e-02) rd=6.985e-11 (<= 1.000e-02) Rho0 1.000e-01
SQP Iteration 0 Feas 95.01483917236328 (<= 0.009999999776482582) Step 95.01483917236328 (<= 9.999999747378752e-05)
Time taken for MPC:  0.018652265891432762
ADMM done: Total Iterations=2 converged=True rho=1.000e-01 rp=0.000e+00 (<= 1.557e-02) rd=0.000e+00 (<= 1.000e-02) Rho0 1.000e-01
ADMM done: Total Iterations=1 converged=True rho=1.000e-01 rp=0.000e+00 (<= 1.557e-02) rd=1.347e-06 (<= 1.000e-02) Rho0 1.000e-01
SQP Iteration 0 Feas 199.82374572753906 (<= 0.009999999776482582) Step 15899.828125 (<= 9.999999747378752e-05)
Time taken for MPC:  0.018880269955843687
ADMM done: Total Iterations=2 converged=True rho=1.000e-01 rp=0.000e+00 (<= 1.572e-02) rd=0.000e+00 (<= 1.000e-02) Rho0 1.000e-01
ADMM done: Total Iterations=1 converged=True rho=1.000e-01 rp=0.000e+00 (<= 1.572e-02) rd=1.192e-08 (<= 1.000e-02) Rho0 1.000e-01
SQP Iteration 0 Feas 18531.435546875 (<= 0.009999999776482582) Step 23372.388671875 (<= 9.999999747378752e-05)
Time taken for MPC:  0.02018717909231782
ADMM done: Total Iterations=2 converged=True rho=1.000e-01 rp=0.000e+00 (<= 1.139e-02) rd=0.000e+00 (<= 1.000e-02) Rho0 1.000e-01
ADMM done: Total Iterations=1 converged=True rho=1.000e-01 rp=0.000e+00 (<= 1.139e-02) rd=5.290e-08 (<= 1.000e-02) Rho0 1.000e-01
SQP Iteration 0 Feas 18038.05859375 (<= 0.009999999776482582) Step 21280.0859375 (<= 9.999999747378752e-05)
Time taken for MPC:  0.018434651661664248
ADMM done: Total Iterations=2 converged=True rho=1.000e-01 rp=0.000e+00 (<= 7.391e-02) rd=0.000e+00 (<= 1.000e-02) Rho0 1.000e-01
ADMM done: Total Iterations=1 converged=True rho=1.000e-01 rp=0.000e+00 (<= 7.391e-02) rd=8.583e-07 (<= 1.000e-02) Rho0 1.000e-01
SQP Iteration 0 Feas 115806.4921875 (<= 0.009999999776482582) Step 266209.65625 (<= 9.999999747378752e-05)
Time taken for MPC:  0.0194303747266531
ADMM done: Total Iterations=399 converged=False rho=nan rp=nan (<= nan) rd=nan (<= nan) Rho0 1.000e-01
ADMM done: Total Iterations=399 converged=False rho=nan rp=nan (<= nan) rd=nan (<= nan) Rho0 nan
SQP Iteration 0 Feas 51396816.0 (<= 0.009999999776482582) Step nan (<= 9.999999747378752e-05)
Time taken for MPC:  0.21317930286750197
ADMM done: Total Iterations=399 converged=False rho=nan rp=nan (<= nan) rd=nan (<= nan) Rho0 nan
ADMM done: Total Iterations=399 converged=False rho=nan rp=nan (<= nan) rd=nan (<= nan) Rho0 nan
SQP Iteration 0 Feas 60.28179168701172 (<= 0.009999999776482582) Step nan (<= 9.999999747378752e-05)
Time taken for MPC:  0.2175101707689464
ADMM done: Total Iterations=399 converged=False rho=nan rp=nan (<= nan) rd=nan (<= nan) Rho0 nan
ADMM done: Total Iterations=399 converged=False rho=nan rp=nan (<= nan) rd=nan (<= nan) Rho0 nan
SQP Iteration 0 Feas 77.92729187011719 (<= 0.009999999776482582) Step nan (<= 9.999999747378752e-05)
Time taken for MPC:  0.21917929966002703
ADMM done: Total Iterations=399 converged=False rho=nan rp=nan (<= nan) rd=nan (<= nan) Rho0 nan
ADMM done: Total Iterations=399 converged=False rho=nan rp=nan (<= nan) rd=nan (<= nan) Rho0 nan
SQP Iteration 0 Feas 39.519775390625 (<= 0.009999999776482582) Step nan (<= 9.999999747378752e-05)
Time taken for MPC:  0.22833247389644384
ADMM done: Total Iterations=399 converged=False rho=nan rp=nan (<= nan) rd=nan (<= nan) Rho0 nan
ADMM done: Total Iterations=399 converged=False rho=nan rp=nan (<= nan) rd=nan (<= nan) Rho0 nan
SQP Iteration 0 Feas 23.78183937072754 (<= 0.009999999776482582) Step nan (<= 9.999999747378752e-05)
Time taken for MPC:  0.22897765086963773
ADMM done: Total Iterations=399 converged=False rho=nan rp=nan (<= nan) rd=nan (<= nan) Rho0 nan
ADMM done: Total Iterations=399 converged=False rho=nan rp=nan (<= nan) rd=nan (<= nan) Rho0 nan
SQP Iteration 0 Feas 49.22166061401367 (<= 0.009999999776482582) Step nan (<= 9.999999747378752e-05)
Time taken for MPC:  0.2297954116947949
ADMM done: Total Iterations=399 converged=False rho=nan rp=nan (<= nan) rd=nan (<= nan) Rho0 nan
ADMM done: Total Iterations=399 converged=False rho=nan rp=nan (<= nan) rd=nan (<= nan) Rho0 nan
SQP Iteration 0 Feas 30.55587387084961 (<= 0.009999999776482582) Step nan (<= 9.999999747378752e-05)
Time taken for MPC:  0.21954181790351868
ADMM done: Total Iterations=399 converged=False rho=nan rp=nan (<= nan) rd=nan (<= nan) Rho0 nan
ADMM done: Total Iterations=399 converged=False rho=nan rp=nan (<= nan) rd=nan (<= nan) Rho0 nan
SQP Iteration 0 Feas 43.20011520385742 (<= 0.009999999776482582) Step nan (<= 9.999999747378752e-05)
Time taken for MPC:  0.21311246696859598
ADMM done: Total Iterations=399 converged=False rho=nan rp=nan (<= nan) rd=nan (<= nan) Rho0 nan
ADMM done: Total Iterations=399 converged=False rho=nan rp=nan (<= nan) rd=nan (<= nan) Rho0 nan
SQP Iteration 0 Feas 53.19968032836914 (<= 0.009999999776482582) Step nan (<= 9.999999747378752e-05)
Time taken for MPC:  0.21383168827742338
ADMM done: Total Iterations=399 converged=False rho=nan rp=nan (<= nan) rd=nan (<= nan) Rho0 nan
ADMM done: Total Iterations=399 converged=False rho=nan rp=nan (<= nan) rd=nan (<= nan) Rho0 nan
SQP Iteration 0 Feas 53.48558044433594 (<= 0.009999999776482582) Step nan (<= 9.999999747378752e-05)
Time taken for MPC:  0.21194008272141218
ADMM done: Total Iterations=399 converged=False rho=nan rp=nan (<= nan) rd=nan (<= nan) Rho0 nan
ADMM done: Total Iterations=399 converged=False rho=nan rp=nan (<= nan) rd=nan (<= nan) Rho0 nan
SQP Iteration 0 Feas 51.765296936035156 (<= 0.009999999776482582) Step nan (<= 9.999999747378752e-05)
Time taken for MPC:  0.2113144020549953
ADMM done: Total Iterations=399 converged=False rho=nan rp=nan (<= nan) rd=nan (<= nan) Rho0 nan
ADMM done: Total Iterations=399 converged=False rho=nan rp=nan (<= nan) rd=nan (<= nan) Rho0 nan
SQP Iteration 0 Feas 51.267478942871094 (<= 0.009999999776482582) Step nan (<= 9.999999747378752e-05)
Time taken for MPC:  0.21263974765315652
ADMM done: Total Iterations=399 converged=False rho=nan rp=nan (<= nan) rd=nan (<= nan) Rho0 nan
ADMM done: Total Iterations=399 converged=False rho=nan rp=nan (<= nan) rd=nan (<= nan) Rho0 nan
SQP Iteration 0 Feas 41.70663070678711 (<= 0.009999999776482582) Step nan (<= 9.999999747378752e-05)
Time taken for MPC:  0.21419579815119505
ADMM done: Total Iterations=399 converged=False rho=nan rp=nan (<= nan) rd=nan (<= nan) Rho0 nan
ADMM done: Total Iterations=399 converged=False rho=nan rp=nan (<= nan) rd=nan (<= nan) Rho0 nan
SQP Iteration 0 Feas 38.002471923828125 (<= 0.009999999776482582) Step nan (<= 9.999999747378752e-05)
Time taken for MPC:  0.20877652894705534
ADMM done: Total Iterations=399 converged=False rho=nan rp=nan (<= nan) rd=nan (<= nan) Rho0 nan
ADMM done: Total Iterations=399 converged=False rho=nan rp=nan (<= nan) rd=nan (<= nan) Rho0 nan
SQP Iteration 0 Feas 12.571995735168457 (<= 0.009999999776482582) Step nan (<= 9.999999747378752e-05)
Time taken for MPC:  0.20954162999987602
ADMM done: Total Iterations=399 converged=False rho=nan rp=nan (<= nan) rd=nan (<= nan) Rho0 nan
ADMM done: Total Iterations=399 converged=False rho=nan rp=nan (<= nan) rd=nan (<= nan) Rho0 nan
SQP Iteration 0 Feas 16.637493133544922 (<= 0.009999999776482582) Step nan (<= 9.999999747378752e-05)
Time taken for MPC:  0.20879997313022614
ADMM done: Total Iterations=399 converged=False rho=nan rp=nan (<= nan) rd=nan (<= nan) Rho0 nan
ADMM done: Total Iterations=399 converged=False rho=nan rp=nan (<= nan) rd=nan (<= nan) Rho0 nan
SQP Iteration 0 Feas 21.022937774658203 (<= 0.009999999776482582) Step nan (<= 9.999999747378752e-05)
Time taken for MPC:  0.21141851413995028
ADMM done: Total Iterations=399 converged=False rho=nan rp=nan (<= nan) rd=nan (<= nan) Rho0 nan
ADMM done: Total Iterations=399 converged=False rho=nan rp=nan (<= nan) rd=nan (<= nan) Rho0 nan
SQP Iteration 0 Feas 24.11886978149414 (<= 0.009999999776482582) Step nan (<= 9.999999747378752e-05)
Time taken for MPC:  0.20336187817156315
ADMM done: Total Iterations=399 converged=False rho=nan rp=nan (<= nan) rd=nan (<= nan) Rho0 nan
ADMM done: Total Iterations=399 converged=False rho=nan rp=nan (<= nan) rd=nan (<= nan) Rho0 nan
SQP Iteration 0 Feas 26.320497512817383 (<= 0.009999999776482582) Step nan (<= 9.999999747378752e-05)
Time taken for MPC:  0.20737298531457782
ADMM done: Total Iterations=399 converged=False rho=nan rp=nan (<= nan) rd=nan (<= nan) Rho0 nan
ADMM done: Total Iterations=399 converged=False rho=nan rp=nan (<= nan) rd=nan (<= nan) Rho0 nan
SQP Iteration 0 Feas 27.993459701538086 (<= 0.009999999776482582) Step nan (<= 9.999999747378752e-05)
Time taken for MPC:  0.20751614915207028
ADMM done: Total Iterations=399 converged=False rho=nan rp=nan (<= nan) rd=nan (<= nan) Rho0 nan
ADMM done: Total Iterations=399 converged=False rho=nan rp=nan (<= nan) rd=nan (<= nan) Rho0 nan
SQP Iteration 0 Feas 29.392118453979492 (<= 0.009999999776482582) Step nan (<= 9.999999747378752e-05)
Time taken for MPC:  0.20193485403433442
ADMM done: Total Iterations=399 converged=False rho=nan rp=nan (<= nan) rd=nan (<= nan) Rho0 nan
ADMM done: Total Iterations=399 converged=False rho=nan rp=nan (<= nan) rd=nan (<= nan) Rho0 nan
SQP Iteration 0 Feas 30.773778915405273 (<= 0.009999999776482582) Step nan (<= 9.999999747378752e-05)
Time taken for MPC:  0.20441611669957638
ADMM done: Total Iterations=399 converged=False rho=nan rp=nan (<= nan) rd=nan (<= nan) Rho0 nan
ADMM done: Total Iterations=399 converged=False rho=nan rp=nan (<= nan) rd=nan (<= nan) Rho0 nan
SQP Iteration 0 Feas 31.99966812133789 (<= 0.009999999776482582) Step nan (<= 9.999999747378752e-05)
Time taken for MPC:  0.21136399265378714
ADMM done: Total Iterations=399 converged=False rho=nan rp=nan (<= nan) rd=nan (<= nan) Rho0 nan
ADMM done: Total Iterations=399 converged=False rho=nan rp=nan (<= nan) rd=nan (<= nan) Rho0 nan
SQP Iteration 0 Feas 33.18445587158203 (<= 0.009999999776482582) Step nan (<= 9.999999747378752e-05)
Time taken for MPC:  0.20926779694855213
ADMM done: Total Iterations=399 converged=False rho=nan rp=nan (<= nan) rd=nan (<= nan) Rho0 nan
ADMM done: Total Iterations=399 converged=False rho=nan rp=nan (<= nan) rd=nan (<= nan) Rho0 nan
SQP Iteration 0 Feas 34.38983154296875 (<= 0.009999999776482582) Step nan (<= 9.999999747378752e-05)
Time taken for MPC:  0.2188038770109415
ADMM done: Total Iterations=399 converged=False rho=nan rp=nan (<= nan) rd=nan (<= nan) Rho0 nan
ADMM done: Total Iterations=399 converged=False rho=nan rp=nan (<= nan) rd=nan (<= nan) Rho0 nan
SQP Iteration 0 Feas 35.502647399902344 (<= 0.009999999776482582) Step nan (<= 9.999999747378752e-05)
Time taken for MPC:  0.20343785593286157
ADMM done: Total Iterations=399 converged=False rho=nan rp=nan (<= nan) rd=nan (<= nan) Rho0 nan
ADMM done: Total Iterations=399 converged=False rho=nan rp=nan (<= nan) rd=nan (<= nan) Rho0 nan
SQP Iteration 0 Feas 36.43017578125 (<= 0.009999999776482582) Step nan (<= 9.999999747378752e-05)
Time taken for MPC:  0.21044858917593956
ADMM done: Total Iterations=399 converged=False rho=nan rp=nan (<= nan) rd=nan (<= nan) Rho0 nan
ADMM done: Total Iterations=399 converged=False rho=nan rp=nan (<= nan) rd=nan (<= nan) Rho0 nan
SQP Iteration 0 Feas 37.4609375 (<= 0.009999999776482582) Step nan (<= 9.999999747378752e-05)
Time taken for MPC:  0.22605336783453822
ADMM done: Total Iterations=399 converged=False rho=nan rp=nan (<= nan) rd=nan (<= nan) Rho0 nan
ADMM done: Total Iterations=399 converged=False rho=nan rp=nan (<= nan) rd=nan (<= nan) Rho0 nan
SQP Iteration 0 Feas 38.20193862915039 (<= 0.009999999776482582) Step nan (<= 9.999999747378752e-05)
Time taken for MPC:  0.22542967507615685
ADMM done: Total Iterations=399 converged=False rho=nan rp=nan (<= nan) rd=nan (<= nan) Rho0 nan
ADMM done: Total Iterations=399 converged=False rho=nan rp=nan (<= nan) rd=nan (<= nan) Rho0 nan
SQP Iteration 0 Feas 38.7989501953125 (<= 0.009999999776482582) Step nan (<= 9.999999747378752e-05)
Time taken for MPC:  0.22333722095936537
ADMM done: Total Iterations=399 converged=False rho=nan rp=nan (<= nan) rd=nan (<= nan) Rho0 nan
ADMM done: Total Iterations=399 converged=False rho=nan rp=nan (<= nan) rd=nan (<= nan) Rho0 nan
SQP Iteration 0 Feas 39.102230072021484 (<= 0.009999999776482582) Step nan (<= 9.999999747378752e-05)
Time taken for MPC:  0.21223763981834054
ADMM done: Total Iterations=399 converged=False rho=nan rp=nan (<= nan) rd=nan (<= nan) Rho0 nan
ADMM done: Total Iterations=399 converged=False rho=nan rp=nan (<= nan) rd=nan (<= nan) Rho0 nan
SQP Iteration 0 Feas 39.24475860595703 (<= 0.009999999776482582) Step nan (<= 9.999999747378752e-05)
Time taken for MPC:  0.20978416921570897
ADMM done: Total Iterations=399 converged=False rho=nan rp=nan (<= nan) rd=nan (<= nan) Rho0 nan
ADMM done: Total Iterations=399 converged=False rho=nan rp=nan (<= nan) rd=nan (<= nan) Rho0 nan
SQP Iteration 0 Feas 39.113887786865234 (<= 0.009999999776482582) Step nan (<= 9.999999747378752e-05)
Time taken for MPC:  0.20693447766825557
ADMM done: Total Iterations=399 converged=False rho=nan rp=nan (<= nan) rd=nan (<= nan) Rho0 nan
ADMM done: Total Iterations=399 converged=False rho=nan rp=nan (<= nan) rd=nan (<= nan) Rho0 nan
SQP Iteration 0 Feas 39.09458923339844 (<= 0.009999999776482582) Step nan (<= 9.999999747378752e-05)
Time taken for MPC:  0.2088000732474029
ADMM done: Total Iterations=399 converged=False rho=nan rp=nan (<= nan) rd=nan (<= nan) Rho0 nan
ADMM done: Total Iterations=399 converged=False rho=nan rp=nan (<= nan) rd=nan (<= nan) Rho0 nan
SQP Iteration 0 Feas 38.87649154663086 (<= 0.009999999776482582) Step nan (<= 9.999999747378752e-05)
Time taken for MPC:  0.21898940205574036
ADMM done: Total Iterations=399 converged=False rho=nan rp=nan (<= nan) rd=nan (<= nan) Rho0 nan
ADMM done: Total Iterations=399 converged=False rho=nan rp=nan (<= nan) rd=nan (<= nan) Rho0 nan
SQP Iteration 0 Feas 38.5961799621582 (<= 0.009999999776482582) Step nan (<= 9.999999747378752e-05)
Time taken for MPC:  0.20497116493061185
ADMM done: Total Iterations=399 converged=False rho=nan rp=nan (<= nan) rd=nan (<= nan) Rho0 nan
ADMM done: Total Iterations=399 converged=False rho=nan rp=nan (<= nan) rd=nan (<= nan) Rho0 nan
SQP Iteration 0 Feas 38.169132232666016 (<= 0.009999999776482582) Step nan (<= 9.999999747378752e-05)
Time taken for MPC:  0.2042098268866539
ADMM done: Total Iterations=399 converged=False rho=nan rp=nan (<= nan) rd=nan (<= nan) Rho0 nan
ADMM done: Total Iterations=399 converged=False rho=nan rp=nan (<= nan) rd=nan (<= nan) Rho0 nan
SQP Iteration 0 Feas 37.71864318847656 (<= 0.009999999776482582) Step nan (<= 9.999999747378752e-05)
Time taken for MPC:  0.20390866696834564
ADMM done: Total Iterations=399 converged=False rho=nan rp=nan (<= nan) rd=nan (<= nan) Rho0 nan
ADMM done: Total Iterations=399 converged=False rho=nan rp=nan (<= nan) rd=nan (<= nan) Rho0 nan
SQP Iteration 0 Feas 37.43721389770508 (<= 0.009999999776482582) Step nan (<= 9.999999747378752e-05)
Time taken for MPC:  0.2050399868749082
ADMM done: Total Iterations=399 converged=False rho=nan rp=nan (<= nan) rd=nan (<= nan) Rho0 nan
ADMM done: Total Iterations=399 converged=False rho=nan rp=nan (<= nan) rd=nan (<= nan) Rho0 nan
SQP Iteration 0 Feas 37.03486251831055 (<= 0.009999999776482582) Step nan (<= 9.999999747378752e-05)
Time taken for MPC:  0.20350668393075466
ADMM done: Total Iterations=399 converged=False rho=nan rp=nan (<= nan) rd=nan (<= nan) Rho0 nan
ADMM done: Total Iterations=399 converged=False rho=nan rp=nan (<= nan) rd=nan (<= nan) Rho0 nan
SQP Iteration 0 Feas 36.820552825927734 (<= 0.009999999776482582) Step nan (<= 9.999999747378752e-05)
Time taken for MPC:  0.20304924482479692
ADMM done: Total Iterations=399 converged=False rho=nan rp=nan (<= nan) rd=nan (<= nan) Rho0 nan
ADMM done: Total Iterations=399 converged=False rho=nan rp=nan (<= nan) rd=nan (<= nan) Rho0 nan
SQP Iteration 0 Feas 36.58818054199219 (<= 0.009999999776482582) Step nan (<= 9.999999747378752e-05)
Time taken for MPC:  0.20483496272936463
ADMM done: Total Iterations=399 converged=False rho=nan rp=nan (<= nan) rd=nan (<= nan) Rho0 nan
ADMM done: Total Iterations=399 converged=False rho=nan rp=nan (<= nan) rd=nan (<= nan) Rho0 nan
SQP Iteration 0 Feas 36.33423614501953 (<= 0.009999999776482582) Step nan (<= 9.999999747378752e-05)
Time taken for MPC:  0.21310651302337646
ADMM done: Total Iterations=399 converged=False rho=nan rp=nan (<= nan) rd=nan (<= nan) Rho0 nan
ADMM done: Total Iterations=399 converged=False rho=nan rp=nan (<= nan) rd=nan (<= nan) Rho0 nan
SQP Iteration 0 Feas 36.198890686035156 (<= 0.009999999776482582) Step nan (<= 9.999999747378752e-05)
Time taken for MPC:  0.20770429074764252
ADMM done: Total Iterations=399 converged=False rho=nan rp=nan (<= nan) rd=nan (<= nan) Rho0 nan
ADMM done: Total Iterations=399 converged=False rho=nan rp=nan (<= nan) rd=nan (<= nan) Rho0 nan
SQP Iteration 0 Feas 6.52690315246582 (<= 0.009999999776482582) Step nan (<= 9.999999747378752e-05)
Time taken for MPC:  0.2118058712221682
ADMM done: Total Iterations=399 converged=False rho=nan rp=nan (<= nan) rd=nan (<= nan) Rho0 nan
ADMM done: Total Iterations=399 converged=False rho=nan rp=nan (<= nan) rd=nan (<= nan) Rho0 nan
SQP Iteration 0 Feas 6.543495178222656 (<= 0.009999999776482582) Step nan (<= 9.999999747378752e-05)
Time taken for MPC:  0.21191954286769032
ADMM done: Total Iterations=399 converged=False rho=nan rp=nan (<= nan) rd=nan (<= nan) Rho0 nan
ADMM done: Total Iterations=399 converged=False rho=nan rp=nan (<= nan) rd=nan (<= nan) Rho0 nan
SQP Iteration 0 Feas 6.576698303222656 (<= 0.009999999776482582) Step nan (<= 9.999999747378752e-05)
Time taken for MPC:  0.2054047747515142
ADMM done: Total Iterations=399 converged=False rho=nan rp=nan (<= nan) rd=nan (<= nan) Rho0 nan
ADMM done: Total Iterations=399 converged=False rho=nan rp=nan (<= nan) rd=nan (<= nan) Rho0 nan
SQP Iteration 0 Feas 6.602658271789551 (<= 0.009999999776482582) Step nan (<= 9.999999747378752e-05)
Time taken for MPC:  0.20536011410877109
ADMM done: Total Iterations=399 converged=False rho=nan rp=nan (<= nan) rd=nan (<= nan) Rho0 nan
ADMM done: Total Iterations=399 converged=False rho=nan rp=nan (<= nan) rd=nan (<= nan) Rho0 nan
SQP Iteration 0 Feas 6.608822345733643 (<= 0.009999999776482582) Step nan (<= 9.999999747378752e-05)
Time taken for MPC:  0.2163915392011404
ADMM done: Total Iterations=399 converged=False rho=nan rp=nan (<= nan) rd=nan (<= nan) Rho0 nan
ADMM done: Total Iterations=399 converged=False rho=nan rp=nan (<= nan) rd=nan (<= nan) Rho0 nan
SQP Iteration 0 Feas 6.600157737731934 (<= 0.009999999776482582) Step nan (<= 9.999999747378752e-05)
Time taken for MPC:  0.21351204998791218
ADMM done: Total Iterations=399 converged=False rho=nan rp=nan (<= nan) rd=nan (<= nan) Rho0 nan
ADMM done: Total Iterations=399 converged=False rho=nan rp=nan (<= nan) rd=nan (<= nan) Rho0 nan
SQP Iteration 0 Feas 6.6159539222717285 (<= 0.009999999776482582) Step nan (<= 9.999999747378752e-05)
Time taken for MPC:  0.2154443310573697
ADMM done: Total Iterations=399 converged=False rho=nan rp=nan (<= nan) rd=nan (<= nan) Rho0 nan
ADMM done: Total Iterations=399 converged=False rho=nan rp=nan (<= nan) rd=nan (<= nan) Rho0 nan
SQP Iteration 0 Feas 6.618983268737793 (<= 0.009999999776482582) Step nan (<= 9.999999747378752e-05)
Time taken for MPC:  0.22609820403158665
ADMM done: Total Iterations=399 converged=False rho=nan rp=nan (<= nan) rd=nan (<= nan) Rho0 nan
ADMM done: Total Iterations=399 converged=False rho=nan rp=nan (<= nan) rd=nan (<= nan) Rho0 nan
SQP Iteration 0 Feas 6.616001605987549 (<= 0.009999999776482582) Step nan (<= 9.999999747378752e-05)
Time taken for MPC:  0.22856305912137032
ADMM done: Total Iterations=399 converged=False rho=nan rp=nan (<= nan) rd=nan (<= nan) Rho0 nan
ADMM done: Total Iterations=399 converged=False rho=nan rp=nan (<= nan) rd=nan (<= nan) Rho0 nan
SQP Iteration 0 Feas 6.603264331817627 (<= 0.009999999776482582) Step nan (<= 9.999999747378752e-05)
Time taken for MPC:  0.2287269253283739
ADMM done: Total Iterations=399 converged=False rho=nan rp=nan (<= nan) rd=nan (<= nan) Rho0 nan
ADMM done: Total Iterations=399 converged=False rho=nan rp=nan (<= nan) rd=nan (<= nan) Rho0 nan
SQP Iteration 0 Feas 6.604968070983887 (<= 0.009999999776482582) Step nan (<= 9.999999747378752e-05)
Time taken for MPC:  0.21306139277294278
ADMM done: Total Iterations=399 converged=False rho=nan rp=nan (<= nan) rd=nan (<= nan) Rho0 nan
ADMM done: Total Iterations=399 converged=False rho=nan rp=nan (<= nan) rd=nan (<= nan) Rho0 nan
SQP Iteration 0 Feas 6.604919910430908 (<= 0.009999999776482582) Step nan (<= 9.999999747378752e-05)
Time taken for MPC:  0.216795327141881
ADMM done: Total Iterations=399 converged=False rho=nan rp=nan (<= nan) rd=nan (<= nan) Rho0 nan
ADMM done: Total Iterations=399 converged=False rho=nan rp=nan (<= nan) rd=nan (<= nan) Rho0 nan
SQP Iteration 0 Feas 6.594422817230225 (<= 0.009999999776482582) Step nan (<= 9.999999747378752e-05)
Time taken for MPC:  0.23384055122733116
ADMM done: Total Iterations=399 converged=False rho=nan rp=nan (<= nan) rd=nan (<= nan) Rho0 nan
ADMM done: Total Iterations=399 converged=False rho=nan rp=nan (<= nan) rd=nan (<= nan) Rho0 nan
SQP Iteration 0 Feas 6.568619251251221 (<= 0.009999999776482582) Step nan (<= 9.999999747378752e-05)
Time taken for MPC:  0.2233821856789291
ADMM done: Total Iterations=399 converged=False rho=nan rp=nan (<= nan) rd=nan (<= nan) Rho0 nan
ADMM done: Total Iterations=399 converged=False rho=nan rp=nan (<= nan) rd=nan (<= nan) Rho0 nan
SQP Iteration 0 Feas 6.569715976715088 (<= 0.009999999776482582) Step nan (<= 9.999999747378752e-05)
Time taken for MPC:  0.24641190422698855
ADMM done: Total Iterations=399 converged=False rho=nan rp=nan (<= nan) rd=nan (<= nan) Rho0 nan
ADMM done: Total Iterations=399 converged=False rho=nan rp=nan (<= nan) rd=nan (<= nan) Rho0 nan
SQP Iteration 0 Feas 6.55661678314209 (<= 0.009999999776482582) Step nan (<= 9.999999747378752e-05)
Time taken for MPC:  0.23282241774722934
ADMM done: Total Iterations=399 converged=False rho=nan rp=nan (<= nan) rd=nan (<= nan) Rho0 nan
ADMM done: Total Iterations=399 converged=False rho=nan rp=nan (<= nan) rd=nan (<= nan) Rho0 nan
SQP Iteration 0 Feas 6.540252208709717 (<= 0.009999999776482582) Step nan (<= 9.999999747378752e-05)
Time taken for MPC:  0.2330134231597185
ADMM done: Total Iterations=399 converged=False rho=nan rp=nan (<= nan) rd=nan (<= nan) Rho0 nan
ADMM done: Total Iterations=399 converged=False rho=nan rp=nan (<= nan) rd=nan (<= nan) Rho0 nan
SQP Iteration 0 Feas 35.51285934448242 (<= 0.009999999776482582) Step nan (<= 9.999999747378752e-05)
Time taken for MPC:  0.25154626416042447
ADMM done: Total Iterations=399 converged=False rho=nan rp=nan (<= nan) rd=nan (<= nan) Rho0 nan
ADMM done: Total Iterations=399 converged=False rho=nan rp=nan (<= nan) rd=nan (<= nan) Rho0 nan
SQP Iteration 0 Feas 35.41323471069336 (<= 0.009999999776482582) Step nan (<= 9.999999747378752e-05)
Time taken for MPC:  0.22641596477478743
ADMM done: Total Iterations=399 converged=False rho=nan rp=nan (<= nan) rd=nan (<= nan) Rho0 nan
ADMM done: Total Iterations=399 converged=False rho=nan rp=nan (<= nan) rd=nan (<= nan) Rho0 nan
SQP Iteration 0 Feas 35.35859680175781 (<= 0.009999999776482582) Step nan (<= 9.999999747378752e-05)
Time taken for MPC:  0.22047227201983333
ADMM done: Total Iterations=399 converged=False rho=nan rp=nan (<= nan) rd=nan (<= nan) Rho0 nan
ADMM done: Total Iterations=399 converged=False rho=nan rp=nan (<= nan) rd=nan (<= nan) Rho0 nan
SQP Iteration 0 Feas 35.35995101928711 (<= 0.009999999776482582) Step nan (<= 9.999999747378752e-05)
Time taken for MPC:  0.21697544399648905
ADMM done: Total Iterations=399 converged=False rho=nan rp=nan (<= nan) rd=nan (<= nan) Rho0 nan
ADMM done: Total Iterations=399 converged=False rho=nan rp=nan (<= nan) rd=nan (<= nan) Rho0 nan
SQP Iteration 0 Feas 35.350257873535156 (<= 0.009999999776482582) Step nan (<= 9.999999747378752e-05)
Time taken for MPC:  0.20679716393351555
ADMM done: Total Iterations=399 converged=False rho=nan rp=nan (<= nan) rd=nan (<= nan) Rho0 nan
ADMM done: Total Iterations=399 converged=False rho=nan rp=nan (<= nan) rd=nan (<= nan) Rho0 nan
SQP Iteration 0 Feas 35.405128479003906 (<= 0.009999999776482582) Step nan (<= 9.999999747378752e-05)
Time taken for MPC:  0.21022755885496736
ADMM done: Total Iterations=399 converged=False rho=nan rp=nan (<= nan) rd=nan (<= nan) Rho0 nan
ADMM done: Total Iterations=399 converged=False rho=nan rp=nan (<= nan) rd=nan (<= nan) Rho0 nan
SQP Iteration 0 Feas 35.496578216552734 (<= 0.009999999776482582) Step nan (<= 9.999999747378752e-05)
Time taken for MPC:  0.20910186599940062
ADMM done: Total Iterations=399 converged=False rho=nan rp=nan (<= nan) rd=nan (<= nan) Rho0 nan
ADMM done: Total Iterations=399 converged=False rho=nan rp=nan (<= nan) rd=nan (<= nan) Rho0 nan
SQP Iteration 0 Feas 35.31730270385742 (<= 0.009999999776482582) Step nan (<= 9.999999747378752e-05)
Time taken for MPC:  0.21328940568491817
ADMM done: Total Iterations=399 converged=False rho=nan rp=nan (<= nan) rd=nan (<= nan) Rho0 nan
ADMM done: Total Iterations=399 converged=False rho=nan rp=nan (<= nan) rd=nan (<= nan) Rho0 nan
SQP Iteration 0 Feas 35.30607223510742 (<= 0.009999999776482582) Step nan (<= 9.999999747378752e-05)
Time taken for MPC:  0.21041045989841223
ADMM done: Total Iterations=399 converged=False rho=nan rp=nan (<= nan) rd=nan (<= nan) Rho0 nan
ADMM done: Total Iterations=399 converged=False rho=nan rp=nan (<= nan) rd=nan (<= nan) Rho0 nan
SQP Iteration 0 Feas 35.291297912597656 (<= 0.009999999776482582) Step nan (<= 9.999999747378752e-05)
Time taken for MPC:  0.21678545093163848
ADMM done: Total Iterations=399 converged=False rho=nan rp=nan (<= nan) rd=nan (<= nan) Rho0 nan
ADMM done: Total Iterations=399 converged=False rho=nan rp=nan (<= nan) rd=nan (<= nan) Rho0 nan
SQP Iteration 0 Feas 35.1411018371582 (<= 0.009999999776482582) Step nan (<= 9.999999747378752e-05)
Time taken for MPC:  0.22011961787939072
ADMM done: Total Iterations=399 converged=False rho=nan rp=nan (<= nan) rd=nan (<= nan) Rho0 nan
ADMM done: Total Iterations=399 converged=False rho=nan rp=nan (<= nan) rd=nan (<= nan) Rho0 nan
SQP Iteration 0 Feas 35.188514709472656 (<= 0.009999999776482582) Step nan (<= 9.999999747378752e-05)
Time taken for MPC:  0.22484962176531553
ADMM done: Total Iterations=399 converged=False rho=nan rp=nan (<= nan) rd=nan (<= nan) Rho0 nan
ADMM done: Total Iterations=399 converged=False rho=nan rp=nan (<= nan) rd=nan (<= nan) Rho0 nan
SQP Iteration 0 Feas 35.20905303955078 (<= 0.009999999776482582) Step nan (<= 9.999999747378752e-05)
Time taken for MPC:  0.22442749422043562
ADMM done: Total Iterations=399 converged=False rho=nan rp=nan (<= nan) rd=nan (<= nan) Rho0 nan
ADMM done: Total Iterations=399 converged=False rho=nan rp=nan (<= nan) rd=nan (<= nan) Rho0 nan
SQP Iteration 0 Feas 35.175540924072266 (<= 0.009999999776482582) Step nan (<= 9.999999747378752e-05)
Time taken for MPC:  0.2067110538482666
ADMM done: Total Iterations=399 converged=False rho=nan rp=nan (<= nan) rd=nan (<= nan) Rho0 nan
ADMM done: Total Iterations=399 converged=False rho=nan rp=nan (<= nan) rd=nan (<= nan) Rho0 nan
SQP Iteration 0 Feas 35.05908966064453 (<= 0.009999999776482582) Step nan (<= 9.999999747378752e-05)
Time taken for MPC:  0.2157630887813866
ADMM done: Total Iterations=399 converged=False rho=nan rp=nan (<= nan) rd=nan (<= nan) Rho0 nan
ADMM done: Total Iterations=399 converged=False rho=nan rp=nan (<= nan) rd=nan (<= nan) Rho0 nan
SQP Iteration 0 Feas 35.01369094848633 (<= 0.009999999776482582) Step nan (<= 9.999999747378752e-05)
Time taken for MPC:  0.22708940878510475
ADMM done: Total Iterations=399 converged=False rho=nan rp=nan (<= nan) rd=nan (<= nan) Rho0 nan
ADMM done: Total Iterations=399 converged=False rho=nan rp=nan (<= nan) rd=nan (<= nan) Rho0 nan
SQP Iteration 0 Feas 35.02643585205078 (<= 0.009999999776482582) Step nan (<= 9.999999747378752e-05)
Time taken for MPC:  0.22839232813566923
ADMM done: Total Iterations=399 converged=False rho=nan rp=nan (<= nan) rd=nan (<= nan) Rho0 nan
ADMM done: Total Iterations=399 converged=False rho=nan rp=nan (<= nan) rd=nan (<= nan) Rho0 nan
SQP Iteration 0 Feas 34.953086853027344 (<= 0.009999999776482582) Step nan (<= 9.999999747378752e-05)
Time taken for MPC:  0.23375901393592358
ADMM done: Total Iterations=399 converged=False rho=nan rp=nan (<= nan) rd=nan (<= nan) Rho0 nan
ADMM done: Total Iterations=399 converged=False rho=nan rp=nan (<= nan) rd=nan (<= nan) Rho0 nan
SQP Iteration 0 Feas 34.933292388916016 (<= 0.009999999776482582) Step nan (<= 9.999999747378752e-05)
Time taken for MPC:  0.22738032415509224
ADMM done: Total Iterations=399 converged=False rho=nan rp=nan (<= nan) rd=nan (<= nan) Rho0 nan
ADMM done: Total Iterations=399 converged=False rho=nan rp=nan (<= nan) rd=nan (<= nan) Rho0 nan
SQP Iteration 0 Feas 34.89710235595703 (<= 0.009999999776482582) Step nan (<= 9.999999747378752e-05)
Time taken for MPC:  0.22256562998518348
ADMM done: Total Iterations=399 converged=False rho=nan rp=nan (<= nan) rd=nan (<= nan) Rho0 nan
ADMM done: Total Iterations=399 converged=False rho=nan rp=nan (<= nan) rd=nan (<= nan) Rho0 nan
SQP Iteration 0 Feas 34.917572021484375 (<= 0.009999999776482582) Step nan (<= 9.999999747378752e-05)
Time taken for MPC:  0.21714672911912203
ADMM done: Total Iterations=399 converged=False rho=nan rp=nan (<= nan) rd=nan (<= nan) Rho0 nan
ADMM done: Total Iterations=399 converged=False rho=nan rp=nan (<= nan) rd=nan (<= nan) Rho0 nan
SQP Iteration 0 Feas 34.784934997558594 (<= 0.009999999776482582) Step nan (<= 9.999999747378752e-05)
Time taken for MPC:  0.21149724861606956
ADMM done: Total Iterations=399 converged=False rho=nan rp=nan (<= nan) rd=nan (<= nan) Rho0 nan
ADMM done: Total Iterations=399 converged=False rho=nan rp=nan (<= nan) rd=nan (<= nan) Rho0 nan
SQP Iteration 0 Feas 34.711788177490234 (<= 0.009999999776482582) Step nan (<= 9.999999747378752e-05)
Time taken for MPC:  0.20892873778939247
ADMM done: Total Iterations=399 converged=False rho=nan rp=nan (<= nan) rd=nan (<= nan) Rho0 nan
ADMM done: Total Iterations=399 converged=False rho=nan rp=nan (<= nan) rd=nan (<= nan) Rho0 nan
SQP Iteration 0 Feas 34.68487548828125 (<= 0.009999999776482582) Step nan (<= 9.999999747378752e-05)
Time taken for MPC:  0.2262668078765273
ADMM done: Total Iterations=399 converged=False rho=nan rp=nan (<= nan) rd=nan (<= nan) Rho0 nan
ADMM done: Total Iterations=399 converged=False rho=nan rp=nan (<= nan) rd=nan (<= nan) Rho0 nan
SQP Iteration 0 Feas 34.64705276489258 (<= 0.009999999776482582) Step nan (<= 9.999999747378752e-05)
Time taken for MPC:  0.22555436193943024
ADMM done: Total Iterations=399 converged=False rho=nan rp=nan (<= nan) rd=nan (<= nan) Rho0 nan
ADMM done: Total Iterations=399 converged=False rho=nan rp=nan (<= nan) rd=nan (<= nan) Rho0 nan
SQP Iteration 0 Feas 34.60649871826172 (<= 0.009999999776482582) Step nan (<= 9.999999747378752e-05)
Time taken for MPC:  0.20875855907797813
ADMM done: Total Iterations=399 converged=False rho=nan rp=nan (<= nan) rd=nan (<= nan) Rho0 nan
ADMM done: Total Iterations=399 converged=False rho=nan rp=nan (<= nan) rd=nan (<= nan) Rho0 nan
SQP Iteration 0 Feas 34.43790817260742 (<= 0.009999999776482582) Step nan (<= 9.999999747378752e-05)
Time taken for MPC:  0.22147085377946496
ADMM done: Total Iterations=399 converged=False rho=nan rp=nan (<= nan) rd=nan (<= nan) Rho0 nan
ADMM done: Total Iterations=399 converged=False rho=nan rp=nan (<= nan) rd=nan (<= nan) Rho0 nan
SQP Iteration 0 Feas 34.42131423950195 (<= 0.009999999776482582) Step nan (<= 9.999999747378752e-05)
Time taken for MPC:  0.22231489699333906
ADMM done: Total Iterations=399 converged=False rho=nan rp=nan (<= nan) rd=nan (<= nan) Rho0 nan
ADMM done: Total Iterations=399 converged=False rho=nan rp=nan (<= nan) rd=nan (<= nan) Rho0 nan
SQP Iteration 0 Feas 34.46422576904297 (<= 0.009999999776482582) Step nan (<= 9.999999747378752e-05)
Time taken for MPC:  0.224571134429425
ADMM done: Total Iterations=399 converged=False rho=nan rp=nan (<= nan) rd=nan (<= nan) Rho0 nan
ADMM done: Total Iterations=399 converged=False rho=nan rp=nan (<= nan) rd=nan (<= nan) Rho0 nan
SQP Iteration 0 Feas 34.30718994140625 (<= 0.009999999776482582) Step nan (<= 9.999999747378752e-05)
Time taken for MPC:  0.22454074071720243
ADMM done: Total Iterations=399 converged=False rho=nan rp=nan (<= nan) rd=nan (<= nan) Rho0 nan
ADMM done: Total Iterations=399 converged=False rho=nan rp=nan (<= nan) rd=nan (<= nan) Rho0 nan
SQP Iteration 0 Feas 34.269229888916016 (<= 0.009999999776482582) Step nan (<= 9.999999747378752e-05)
Time taken for MPC:  0.22333385609090328
ADMM done: Total Iterations=399 converged=False rho=nan rp=nan (<= nan) rd=nan (<= nan) Rho0 nan
ADMM done: Total Iterations=399 converged=False rho=nan rp=nan (<= nan) rd=nan (<= nan) Rho0 nan
SQP Iteration 0 Feas 34.336151123046875 (<= 0.009999999776482582) Step nan (<= 9.999999747378752e-05)
Time taken for MPC:  0.22320447582751513
ADMM done: Total Iterations=399 converged=False rho=nan rp=nan (<= nan) rd=nan (<= nan) Rho0 nan
ADMM done: Total Iterations=399 converged=False rho=nan rp=nan (<= nan) rd=nan (<= nan) Rho0 nan
SQP Iteration 0 Feas 34.113800048828125 (<= 0.009999999776482582) Step nan (<= 9.999999747378752e-05)
Time taken for MPC:  0.22776424093171954
ADMM done: Total Iterations=399 converged=False rho=nan rp=nan (<= nan) rd=nan (<= nan) Rho0 nan
ADMM done: Total Iterations=399 converged=False rho=nan rp=nan (<= nan) rd=nan (<= nan) Rho0 nan
SQP Iteration 0 Feas 34.02033615112305 (<= 0.009999999776482582) Step nan (<= 9.999999747378752e-05)
Time taken for MPC:  0.22285758890211582
ADMM done: Total Iterations=399 converged=False rho=nan rp=nan (<= nan) rd=nan (<= nan) Rho0 nan
ADMM done: Total Iterations=399 converged=False rho=nan rp=nan (<= nan) rd=nan (<= nan) Rho0 nan
SQP Iteration 0 Feas 34.092185974121094 (<= 0.009999999776482582) Step nan (<= 9.999999747378752e-05)
Time taken for MPC:  0.21203799406066537
ADMM done: Total Iterations=399 converged=False rho=nan rp=nan (<= nan) rd=nan (<= nan) Rho0 nan
ADMM done: Total Iterations=399 converged=False rho=nan rp=nan (<= nan) rd=nan (<= nan) Rho0 nan
SQP Iteration 0 Feas 34.07976531982422 (<= 0.009999999776482582) Step nan (<= 9.999999747378752e-05)
Time taken for MPC:  0.21409938484430313
ADMM done: Total Iterations=399 converged=False rho=nan rp=nan (<= nan) rd=nan (<= nan) Rho0 nan
ADMM done: Total Iterations=399 converged=False rho=nan rp=nan (<= nan) rd=nan (<= nan) Rho0 nan
SQP Iteration 0 Feas 34.204383850097656 (<= 0.009999999776482582) Step nan (<= 9.999999747378752e-05)
Time taken for MPC:  0.223298077005893
ADMM done: Total Iterations=399 converged=False rho=nan rp=nan (<= nan) rd=nan (<= nan) Rho0 nan
ADMM done: Total Iterations=399 converged=False rho=nan rp=nan (<= nan) rd=nan (<= nan) Rho0 nan
SQP Iteration 0 Feas 34.26215362548828 (<= 0.009999999776482582) Step nan (<= 9.999999747378752e-05)
Time taken for MPC:  0.21085320925340056
ADMM done: Total Iterations=399 converged=False rho=nan rp=nan (<= nan) rd=nan (<= nan) Rho0 nan
ADMM done: Total Iterations=399 converged=False rho=nan rp=nan (<= nan) rd=nan (<= nan) Rho0 nan
SQP Iteration 0 Feas 34.3236083984375 (<= 0.009999999776482582) Step nan (<= 9.999999747378752e-05)
Time taken for MPC:  0.21471841540187597
ADMM done: Total Iterations=399 converged=False rho=nan rp=nan (<= nan) rd=nan (<= nan) Rho0 nan
ADMM done: Total Iterations=399 converged=False rho=nan rp=nan (<= nan) rd=nan (<= nan) Rho0 nan
SQP Iteration 0 Feas 39.932926177978516 (<= 0.009999999776482582) Step nan (<= 9.999999747378752e-05)
Time taken for MPC:  0.2253158842213452
ADMM done: Total Iterations=399 converged=False rho=nan rp=nan (<= nan) rd=nan (<= nan) Rho0 nan
ADMM done: Total Iterations=399 converged=False rho=nan rp=nan (<= nan) rd=nan (<= nan) Rho0 nan
SQP Iteration 0 Feas 32.07773208618164 (<= 0.009999999776482582) Step nan (<= 9.999999747378752e-05)
Time taken for MPC:  0.2312688147649169
ADMM done: Total Iterations=399 converged=False rho=nan rp=nan (<= nan) rd=nan (<= nan) Rho0 nan
ADMM done: Total Iterations=399 converged=False rho=nan rp=nan (<= nan) rd=nan (<= nan) Rho0 nan
SQP Iteration 0 Feas 36.7728385925293 (<= 0.009999999776482582) Step nan (<= 9.999999747378752e-05)
Time taken for MPC:  0.22877647494897246
ADMM done: Total Iterations=399 converged=False rho=nan rp=nan (<= nan) rd=nan (<= nan) Rho0 nan
ADMM done: Total Iterations=399 converged=False rho=nan rp=nan (<= nan) rd=nan (<= nan) Rho0 nan
SQP Iteration 0 Feas 37.844234466552734 (<= 0.009999999776482582) Step nan (<= 9.999999747378752e-05)
Time taken for MPC:  0.2301145070232451
ADMM done: Total Iterations=399 converged=False rho=nan rp=nan (<= nan) rd=nan (<= nan) Rho0 nan
ADMM done: Total Iterations=399 converged=False rho=nan rp=nan (<= nan) rd=nan (<= nan) Rho0 nan
SQP Iteration 0 Feas 38.202728271484375 (<= 0.009999999776482582) Step nan (<= 9.999999747378752e-05)
Time taken for MPC:  0.2217180454172194
ADMM done: Total Iterations=399 converged=False rho=nan rp=nan (<= nan) rd=nan (<= nan) Rho0 nan
ADMM done: Total Iterations=399 converged=False rho=nan rp=nan (<= nan) rd=nan (<= nan) Rho0 nan
SQP Iteration 0 Feas 38.521995544433594 (<= 0.009999999776482582) Step nan (<= 9.999999747378752e-05)
Time taken for MPC:  0.2184830028563738
ADMM done: Total Iterations=399 converged=False rho=nan rp=nan (<= nan) rd=nan (<= nan) Rho0 nan
ADMM done: Total Iterations=399 converged=False rho=nan rp=nan (<= nan) rd=nan (<= nan) Rho0 nan
SQP Iteration 0 Feas 38.9459342956543 (<= 0.009999999776482582) Step nan (<= 9.999999747378752e-05)
Time taken for MPC:  0.21162640769034624
ADMM done: Total Iterations=399 converged=False rho=nan rp=nan (<= nan) rd=nan (<= nan) Rho0 nan
ADMM done: Total Iterations=399 converged=False rho=nan rp=nan (<= nan) rd=nan (<= nan) Rho0 nan
SQP Iteration 0 Feas 39.43410873413086 (<= 0.009999999776482582) Step nan (<= 9.999999747378752e-05)
Time taken for MPC:  0.20839546620845795
ADMM done: Total Iterations=399 converged=False rho=nan rp=nan (<= nan) rd=nan (<= nan) Rho0 nan
ADMM done: Total Iterations=399 converged=False rho=nan rp=nan (<= nan) rd=nan (<= nan) Rho0 nan
SQP Iteration 0 Feas 39.76316833496094 (<= 0.009999999776482582) Step nan (<= 9.999999747378752e-05)
Time taken for MPC:  0.20531432889401913
ADMM done: Total Iterations=399 converged=False rho=nan rp=nan (<= nan) rd=nan (<= nan) Rho0 nan
ADMM done: Total Iterations=399 converged=False rho=nan rp=nan (<= nan) rd=nan (<= nan) Rho0 nan
SQP Iteration 0 Feas 40.1201286315918 (<= 0.009999999776482582) Step nan (<= 9.999999747378752e-05)
Time taken for MPC:  0.20727834198623896
ADMM done: Total Iterations=399 converged=False rho=nan rp=nan (<= nan) rd=nan (<= nan) Rho0 nan
ADMM done: Total Iterations=399 converged=False rho=nan rp=nan (<= nan) rd=nan (<= nan) Rho0 nan
SQP Iteration 0 Feas 40.480777740478516 (<= 0.009999999776482582) Step nan (<= 9.999999747378752e-05)
Time taken for MPC:  0.20507424185052514
ADMM done: Total Iterations=399 converged=False rho=nan rp=nan (<= nan) rd=nan (<= nan) Rho0 nan
ADMM done: Total Iterations=399 converged=False rho=nan rp=nan (<= nan) rd=nan (<= nan) Rho0 nan
SQP Iteration 0 Feas 40.96931076049805 (<= 0.009999999776482582) Step nan (<= 9.999999747378752e-05)
Time taken for MPC:  0.2199530922807753
ADMM done: Total Iterations=399 converged=False rho=nan rp=nan (<= nan) rd=nan (<= nan) Rho0 nan
ADMM done: Total Iterations=399 converged=False rho=nan rp=nan (<= nan) rd=nan (<= nan) Rho0 nan
SQP Iteration 0 Feas 41.49015426635742 (<= 0.009999999776482582) Step nan (<= 9.999999747378752e-05)
Time taken for MPC:  0.22495650220662355
ADMM done: Total Iterations=399 converged=False rho=nan rp=nan (<= nan) rd=nan (<= nan) Rho0 nan
ADMM done: Total Iterations=399 converged=False rho=nan rp=nan (<= nan) rd=nan (<= nan) Rho0 nan
SQP Iteration 0 Feas 41.86686706542969 (<= 0.009999999776482582) Step nan (<= 9.999999747378752e-05)
Time taken for MPC:  0.20879689883440733
ADMM done: Total Iterations=399 converged=False rho=nan rp=nan (<= nan) rd=nan (<= nan) Rho0 nan
ADMM done: Total Iterations=399 converged=False rho=nan rp=nan (<= nan) rd=nan (<= nan) Rho0 nan
SQP Iteration 0 Feas 42.30934524536133 (<= 0.009999999776482582) Step nan (<= 9.999999747378752e-05)
Time taken for MPC:  0.20482770586386323
ADMM done: Total Iterations=399 converged=False rho=nan rp=nan (<= nan) rd=nan (<= nan) Rho0 nan
ADMM done: Total Iterations=399 converged=False rho=nan rp=nan (<= nan) rd=nan (<= nan) Rho0 nan
SQP Iteration 0 Feas 42.61396408081055 (<= 0.009999999776482582) Step nan (<= 9.999999747378752e-05)
Time taken for MPC:  0.20706222532317042
ADMM done: Total Iterations=399 converged=False rho=nan rp=nan (<= nan) rd=nan (<= nan) Rho0 nan
ADMM done: Total Iterations=399 converged=False rho=nan rp=nan (<= nan) rd=nan (<= nan) Rho0 nan
SQP Iteration 0 Feas 43.09699249267578 (<= 0.009999999776482582) Step nan (<= 9.999999747378752e-05)
Time taken for MPC:  0.2135706339031458
ADMM done: Total Iterations=399 converged=False rho=nan rp=nan (<= nan) rd=nan (<= nan) Rho0 nan
ADMM done: Total Iterations=399 converged=False rho=nan rp=nan (<= nan) rd=nan (<= nan) Rho0 nan
SQP Iteration 0 Feas 43.55911636352539 (<= 0.009999999776482582) Step nan (<= 9.999999747378752e-05)
Time taken for MPC:  0.22521744901314378
ADMM done: Total Iterations=399 converged=False rho=nan rp=nan (<= nan) rd=nan (<= nan) Rho0 nan
ADMM done: Total Iterations=399 converged=False rho=nan rp=nan (<= nan) rd=nan (<= nan) Rho0 nan
SQP Iteration 0 Feas 5.4233784675598145 (<= 0.009999999776482582) Step nan (<= 9.999999747378752e-05)
Time taken for MPC:  0.21556543605402112
ADMM done: Total Iterations=399 converged=False rho=nan rp=nan (<= nan) rd=nan (<= nan) Rho0 nan
ADMM done: Total Iterations=399 converged=False rho=nan rp=nan (<= nan) rd=nan (<= nan) Rho0 nan
SQP Iteration 0 Feas 5.4005513191223145 (<= 0.009999999776482582) Step nan (<= 9.999999747378752e-05)
Time taken for MPC:  0.2071847072802484
ADMM done: Total Iterations=399 converged=False rho=nan rp=nan (<= nan) rd=nan (<= nan) Rho0 nan
ADMM done: Total Iterations=399 converged=False rho=nan rp=nan (<= nan) rd=nan (<= nan) Rho0 nan
SQP Iteration 0 Feas 5.376028537750244 (<= 0.009999999776482582) Step nan (<= 9.999999747378752e-05)
Time taken for MPC:  0.2042757929302752
ADMM done: Total Iterations=399 converged=False rho=nan rp=nan (<= nan) rd=nan (<= nan) Rho0 nan
ADMM done: Total Iterations=399 converged=False rho=nan rp=nan (<= nan) rd=nan (<= nan) Rho0 nan
SQP Iteration 0 Feas 5.3531880378723145 (<= 0.009999999776482582) Step nan (<= 9.999999747378752e-05)
Time taken for MPC:  0.20873295096680522
ADMM done: Total Iterations=399 converged=False rho=nan rp=nan (<= nan) rd=nan (<= nan) Rho0 nan
ADMM done: Total Iterations=399 converged=False rho=nan rp=nan (<= nan) rd=nan (<= nan) Rho0 nan
SQP Iteration 0 Feas 5.3245368003845215 (<= 0.009999999776482582) Step nan (<= 9.999999747378752e-05)
Time taken for MPC:  0.2288948050700128
ADMM done: Total Iterations=399 converged=False rho=nan rp=nan (<= nan) rd=nan (<= nan) Rho0 nan
ADMM done: Total Iterations=399 converged=False rho=nan rp=nan (<= nan) rd=nan (<= nan) Rho0 nan
SQP Iteration 0 Feas 6.07617712020874 (<= 0.009999999776482582) Step nan (<= 9.999999747378752e-05)
Time taken for MPC:  0.21780155086889863
ADMM done: Total Iterations=399 converged=False rho=nan rp=nan (<= nan) rd=nan (<= nan) Rho0 nan
ADMM done: Total Iterations=399 converged=False rho=nan rp=nan (<= nan) rd=nan (<= nan) Rho0 nan
SQP Iteration 0 Feas 5.206128120422363 (<= 0.009999999776482582) Step nan (<= 9.999999747378752e-05)
Time taken for MPC:  0.223181142937392
ADMM done: Total Iterations=399 converged=False rho=nan rp=nan (<= nan) rd=nan (<= nan) Rho0 nan
ADMM done: Total Iterations=399 converged=False rho=nan rp=nan (<= nan) rd=nan (<= nan) Rho0 nan
SQP Iteration 0 Feas 5.191883087158203 (<= 0.009999999776482582) Step nan (<= 9.999999747378752e-05)
Time taken for MPC:  0.22950781509280205
ADMM done: Total Iterations=399 converged=False rho=nan rp=nan (<= nan) rd=nan (<= nan) Rho0 nan
ADMM done: Total Iterations=399 converged=False rho=nan rp=nan (<= nan) rd=nan (<= nan) Rho0 nan
SQP Iteration 0 Feas 5.164007186889648 (<= 0.009999999776482582) Step nan (<= 9.999999747378752e-05)
Time taken for MPC:  0.22423221170902252
ADMM done: Total Iterations=399 converged=False rho=nan rp=nan (<= nan) rd=nan (<= nan) Rho0 nan
ADMM done: Total Iterations=399 converged=False rho=nan rp=nan (<= nan) rd=nan (<= nan) Rho0 nan
SQP Iteration 0 Feas 5.118807792663574 (<= 0.009999999776482582) Step nan (<= 9.999999747378752e-05)
Time taken for MPC:  0.22284695180132985
ADMM done: Total Iterations=399 converged=False rho=nan rp=nan (<= nan) rd=nan (<= nan) Rho0 nan
ADMM done: Total Iterations=399 converged=False rho=nan rp=nan (<= nan) rd=nan (<= nan) Rho0 nan
SQP Iteration 0 Feas 6.055240631103516 (<= 0.009999999776482582) Step nan (<= 9.999999747378752e-05)
Time taken for MPC:  0.22536953119561076
ADMM done: Total Iterations=399 converged=False rho=nan rp=nan (<= nan) rd=nan (<= nan) Rho0 nan
ADMM done: Total Iterations=399 converged=False rho=nan rp=nan (<= nan) rd=nan (<= nan) Rho0 nan
SQP Iteration 0 Feas 4.985501289367676 (<= 0.009999999776482582) Step nan (<= 9.999999747378752e-05)
Time taken for MPC:  0.21123455604538321
ADMM done: Total Iterations=399 converged=False rho=nan rp=nan (<= nan) rd=nan (<= nan) Rho0 nan
ADMM done: Total Iterations=399 converged=False rho=nan rp=nan (<= nan) rd=nan (<= nan) Rho0 nan
SQP Iteration 0 Feas 4.950230598449707 (<= 0.009999999776482582) Step nan (<= 9.999999747378752e-05)
Time taken for MPC:  0.2109091877937317
ADMM done: Total Iterations=399 converged=False rho=nan rp=nan (<= nan) rd=nan (<= nan) Rho0 nan
ADMM done: Total Iterations=399 converged=False rho=nan rp=nan (<= nan) rd=nan (<= nan) Rho0 nan
SQP Iteration 0 Feas 4.912885665893555 (<= 0.009999999776482582) Step nan (<= 9.999999747378752e-05)
Time taken for MPC:  0.21745092095807195
ADMM done: Total Iterations=399 converged=False rho=nan rp=nan (<= nan) rd=nan (<= nan) Rho0 nan
ADMM done: Total Iterations=399 converged=False rho=nan rp=nan (<= nan) rd=nan (<= nan) Rho0 nan
SQP Iteration 0 Feas 4.854072570800781 (<= 0.009999999776482582) Step nan (<= 9.999999747378752e-05)
Time taken for MPC:  0.21731985779479146
ADMM done: Total Iterations=399 converged=False rho=nan rp=nan (<= nan) rd=nan (<= nan) Rho0 nan
ADMM done: Total Iterations=399 converged=False rho=nan rp=nan (<= nan) rd=nan (<= nan) Rho0 nan
SQP Iteration 0 Feas 6.050849914550781 (<= 0.009999999776482582) Step nan (<= 9.999999747378752e-05)
Time taken for MPC:  0.22202344005927444
ADMM done: Total Iterations=399 converged=False rho=nan rp=nan (<= nan) rd=nan (<= nan) Rho0 nan
ADMM done: Total Iterations=399 converged=False rho=nan rp=nan (<= nan) rd=nan (<= nan) Rho0 nan
SQP Iteration 0 Feas 4.698947906494141 (<= 0.009999999776482582) Step nan (<= 9.999999747378752e-05)
Time taken for MPC:  0.22548759309574962
ADMM done: Total Iterations=399 converged=False rho=nan rp=nan (<= nan) rd=nan (<= nan) Rho0 nan
ADMM done: Total Iterations=399 converged=False rho=nan rp=nan (<= nan) rd=nan (<= nan) Rho0 nan
SQP Iteration 0 Feas 55.135711669921875 (<= 0.009999999776482582) Step nan (<= 9.999999747378752e-05)
Time taken for MPC:  0.225427967030555
ADMM done: Total Iterations=399 converged=False rho=nan rp=nan (<= nan) rd=nan (<= nan) Rho0 nan
ADMM done: Total Iterations=399 converged=False rho=nan rp=nan (<= nan) rd=nan (<= nan) Rho0 nan
SQP Iteration 0 Feas 55.88499069213867 (<= 0.009999999776482582) Step nan (<= 9.999999747378752e-05)
Time taken for MPC:  0.22625545831397176
ADMM done: Total Iterations=399 converged=False rho=nan rp=nan (<= nan) rd=nan (<= nan) Rho0 nan
ADMM done: Total Iterations=399 converged=False rho=nan rp=nan (<= nan) rd=nan (<= nan) Rho0 nan
SQP Iteration 0 Feas 56.50388717651367 (<= 0.009999999776482582) Step nan (<= 9.999999747378752e-05)
Time taken for MPC:  0.2230747239664197
ADMM done: Total Iterations=399 converged=False rho=nan rp=nan (<= nan) rd=nan (<= nan) Rho0 nan
ADMM done: Total Iterations=399 converged=False rho=nan rp=nan (<= nan) rd=nan (<= nan) Rho0 nan
SQP Iteration 0 Feas 57.621280670166016 (<= 0.009999999776482582) Step nan (<= 9.999999747378752e-05)
Time taken for MPC:  0.21897140191867948
ADMM done: Total Iterations=399 converged=False rho=nan rp=nan (<= nan) rd=nan (<= nan) Rho0 nan
ADMM done: Total Iterations=399 converged=False rho=nan rp=nan (<= nan) rd=nan (<= nan) Rho0 nan
SQP Iteration 0 Feas 58.582611083984375 (<= 0.009999999776482582) Step nan (<= 9.999999747378752e-05)
Time taken for MPC:  0.21811571903526783
ADMM done: Total Iterations=399 converged=False rho=nan rp=nan (<= nan) rd=nan (<= nan) Rho0 nan
ADMM done: Total Iterations=399 converged=False rho=nan rp=nan (<= nan) rd=nan (<= nan) Rho0 nan
SQP Iteration 0 Feas 59.57712936401367 (<= 0.009999999776482582) Step nan (<= 9.999999747378752e-05)
Time taken for MPC:  0.2163454918190837
ADMM done: Total Iterations=399 converged=False rho=nan rp=nan (<= nan) rd=nan (<= nan) Rho0 nan
ADMM done: Total Iterations=399 converged=False rho=nan rp=nan (<= nan) rd=nan (<= nan) Rho0 nan
SQP Iteration 0 Feas 60.41023635864258 (<= 0.009999999776482582) Step nan (<= 9.999999747378752e-05)
Time taken for MPC:  0.23153968201950192
ADMM done: Total Iterations=399 converged=False rho=nan rp=nan (<= nan) rd=nan (<= nan) Rho0 nan
ADMM done: Total Iterations=399 converged=False rho=nan rp=nan (<= nan) rd=nan (<= nan) Rho0 nan
SQP Iteration 0 Feas 61.44856262207031 (<= 0.009999999776482582) Step nan (<= 9.999999747378752e-05)
Time taken for MPC:  0.23633241327479482
ADMM done: Total Iterations=399 converged=False rho=nan rp=nan (<= nan) rd=nan (<= nan) Rho0 nan
ADMM done: Total Iterations=399 converged=False rho=nan rp=nan (<= nan) rd=nan (<= nan) Rho0 nan
SQP Iteration 0 Feas 62.485939025878906 (<= 0.009999999776482582) Step nan (<= 9.999999747378752e-05)
Time taken for MPC:  0.22262280900031328
ADMM done: Total Iterations=399 converged=False rho=nan rp=nan (<= nan) rd=nan (<= nan) Rho0 nan
ADMM done: Total Iterations=399 converged=False rho=nan rp=nan (<= nan) rd=nan (<= nan) Rho0 nan
SQP Iteration 0 Feas 63.689517974853516 (<= 0.009999999776482582) Step nan (<= 9.999999747378752e-05)
Time taken for MPC:  0.21553889103233814
ADMM done: Total Iterations=399 converged=False rho=nan rp=nan (<= nan) rd=nan (<= nan) Rho0 nan
ADMM done: Total Iterations=399 converged=False rho=nan rp=nan (<= nan) rd=nan (<= nan) Rho0 nan
SQP Iteration 0 Feas 64.8401870727539 (<= 0.009999999776482582) Step nan (<= 9.999999747378752e-05)
Time taken for MPC:  0.22440771711990237
ADMM done: Total Iterations=399 converged=False rho=nan rp=nan (<= nan) rd=nan (<= nan) Rho0 nan
ADMM done: Total Iterations=399 converged=False rho=nan rp=nan (<= nan) rd=nan (<= nan) Rho0 nan
SQP Iteration 0 Feas 66.12734985351562 (<= 0.009999999776482582) Step nan (<= 9.999999747378752e-05)
Time taken for MPC:  0.22617643605917692
ADMM done: Total Iterations=399 converged=False rho=nan rp=nan (<= nan) rd=nan (<= nan) Rho0 nan
ADMM done: Total Iterations=399 converged=False rho=nan rp=nan (<= nan) rd=nan (<= nan) Rho0 nan
SQP Iteration 0 Feas 67.26919555664062 (<= 0.009999999776482582) Step nan (<= 9.999999747378752e-05)
Time taken for MPC:  0.22417447715997696
ADMM done: Total Iterations=399 converged=False rho=nan rp=nan (<= nan) rd=nan (<= nan) Rho0 nan
ADMM done: Total Iterations=399 converged=False rho=nan rp=nan (<= nan) rd=nan (<= nan) Rho0 nan
SQP Iteration 0 Feas 68.52201843261719 (<= 0.009999999776482582) Step nan (<= 9.999999747378752e-05)
Time taken for MPC:  0.24959235591813922
ADMM done: Total Iterations=399 converged=False rho=nan rp=nan (<= nan) rd=nan (<= nan) Rho0 nan
ADMM done: Total Iterations=399 converged=False rho=nan rp=nan (<= nan) rd=nan (<= nan) Rho0 nan
SQP Iteration 0 Feas 69.98702239990234 (<= 0.009999999776482582) Step nan (<= 9.999999747378752e-05)
Time taken for MPC:  0.238323581404984
ADMM done: Total Iterations=399 converged=False rho=nan rp=nan (<= nan) rd=nan (<= nan) Rho0 nan
ADMM done: Total Iterations=399 converged=False rho=nan rp=nan (<= nan) rd=nan (<= nan) Rho0 nan
SQP Iteration 0 Feas 71.38582611083984 (<= 0.009999999776482582) Step nan (<= 9.999999747378752e-05)
Time taken for MPC:  0.22854559496045113
ADMM done: Total Iterations=399 converged=False rho=nan rp=nan (<= nan) rd=nan (<= nan) Rho0 nan
ADMM done: Total Iterations=399 converged=False rho=nan rp=nan (<= nan) rd=nan (<= nan) Rho0 nan
SQP Iteration 0 Feas 72.7688980102539 (<= 0.009999999776482582) Step nan (<= 9.999999747378752e-05)
Time taken for MPC:  0.23218746623024344
ADMM done: Total Iterations=399 converged=False rho=nan rp=nan (<= nan) rd=nan (<= nan) Rho0 nan
ADMM done: Total Iterations=399 converged=False rho=nan rp=nan (<= nan) rd=nan (<= nan) Rho0 nan
SQP Iteration 0 Feas 74.22177124023438 (<= 0.009999999776482582) Step nan (<= 9.999999747378752e-05)
Time taken for MPC:  0.22430642787367105
ADMM done: Total Iterations=399 converged=False rho=nan rp=nan (<= nan) rd=nan (<= nan) Rho0 nan
ADMM done: Total Iterations=399 converged=False rho=nan rp=nan (<= nan) rd=nan (<= nan) Rho0 nan
SQP Iteration 0 Feas 75.2566146850586 (<= 0.009999999776482582) Step nan (<= 9.999999747378752e-05)
Time taken for MPC:  0.221064954996109
ADMM done: Total Iterations=399 converged=False rho=nan rp=nan (<= nan) rd=nan (<= nan) Rho0 nan
ADMM done: Total Iterations=399 converged=False rho=nan rp=nan (<= nan) rd=nan (<= nan) Rho0 nan
SQP Iteration 0 Feas 77.33387756347656 (<= 0.009999999776482582) Step nan (<= 9.999999747378752e-05)
Time taken for MPC:  0.20584809500724077
ADMM done: Total Iterations=399 converged=False rho=nan rp=nan (<= nan) rd=nan (<= nan) Rho0 nan
ADMM done: Total Iterations=399 converged=False rho=nan rp=nan (<= nan) rd=nan (<= nan) Rho0 nan
SQP Iteration 0 Feas 78.96202850341797 (<= 0.009999999776482582) Step nan (<= 9.999999747378752e-05)
Time taken for MPC:  0.2411317089572549
ADMM done: Total Iterations=399 converged=False rho=nan rp=nan (<= nan) rd=nan (<= nan) Rho0 nan
ADMM done: Total Iterations=399 converged=False rho=nan rp=nan (<= nan) rd=nan (<= nan) Rho0 nan
SQP Iteration 0 Feas 80.68912506103516 (<= 0.009999999776482582) Step nan (<= 9.999999747378752e-05)
Time taken for MPC:  0.23548641800880432
ADMM done: Total Iterations=399 converged=False rho=nan rp=nan (<= nan) rd=nan (<= nan) Rho0 nan
ADMM done: Total Iterations=399 converged=False rho=nan rp=nan (<= nan) rd=nan (<= nan) Rho0 nan
SQP Iteration 0 Feas 82.33843231201172 (<= 0.009999999776482582) Step nan (<= 9.999999747378752e-05)
Time taken for MPC:  0.23835845803841949
ADMM done: Total Iterations=399 converged=False rho=nan rp=nan (<= nan) rd=nan (<= nan) Rho0 nan
ADMM done: Total Iterations=399 converged=False rho=nan rp=nan (<= nan) rd=nan (<= nan) Rho0 nan
SQP Iteration 0 Feas 83.72110748291016 (<= 0.009999999776482582) Step nan (<= 9.999999747378752e-05)
Time taken for MPC:  0.23467338178306818
ADMM done: Total Iterations=399 converged=False rho=nan rp=nan (<= nan) rd=nan (<= nan) Rho0 nan
ADMM done: Total Iterations=399 converged=False rho=nan rp=nan (<= nan) rd=nan (<= nan) Rho0 nan
SQP Iteration 0 Feas 85.8215560913086 (<= 0.009999999776482582) Step nan (<= 9.999999747378752e-05)
Time taken for MPC:  0.2351878061890602
ADMM done: Total Iterations=399 converged=False rho=nan rp=nan (<= nan) rd=nan (<= nan) Rho0 nan
ADMM done: Total Iterations=399 converged=False rho=nan rp=nan (<= nan) rd=nan (<= nan) Rho0 nan
SQP Iteration 0 Feas 88.07577514648438 (<= 0.009999999776482582) Step nan (<= 9.999999747378752e-05)
Time taken for MPC:  0.21287600276991725
ADMM done: Total Iterations=399 converged=False rho=nan rp=nan (<= nan) rd=nan (<= nan) Rho0 nan
ADMM done: Total Iterations=399 converged=False rho=nan rp=nan (<= nan) rd=nan (<= nan) Rho0 nan
SQP Iteration 0 Feas 89.9645767211914 (<= 0.009999999776482582) Step nan (<= 9.999999747378752e-05)
Time taken for MPC:  0.2129706279374659
ADMM done: Total Iterations=399 converged=False rho=nan rp=nan (<= nan) rd=nan (<= nan) Rho0 nan
ADMM done: Total Iterations=399 converged=False rho=nan rp=nan (<= nan) rd=nan (<= nan) Rho0 nan
SQP Iteration 0 Feas 91.67185974121094 (<= 0.009999999776482582) Step nan (<= 9.999999747378752e-05)
Time taken for MPC:  0.2084805630147457
ADMM done: Total Iterations=399 converged=False rho=nan rp=nan (<= nan) rd=nan (<= nan) Rho0 nan
ADMM done: Total Iterations=399 converged=False rho=nan rp=nan (<= nan) rd=nan (<= nan) Rho0 nan
SQP Iteration 0 Feas 93.59039306640625 (<= 0.009999999776482582) Step nan (<= 9.999999747378752e-05)
Time taken for MPC:  0.21104854810982943
ADMM done: Total Iterations=399 converged=False rho=nan rp=nan (<= nan) rd=nan (<= nan) Rho0 nan
ADMM done: Total Iterations=399 converged=False rho=nan rp=nan (<= nan) rd=nan (<= nan) Rho0 nan
SQP Iteration 0 Feas 96.21028900146484 (<= 0.009999999776482582) Step nan (<= 9.999999747378752e-05)
Time taken for MPC:  0.20856982097029686
ADMM done: Total Iterations=399 converged=False rho=nan rp=nan (<= nan) rd=nan (<= nan) Rho0 nan
ADMM done: Total Iterations=399 converged=False rho=nan rp=nan (<= nan) rd=nan (<= nan) Rho0 nan
SQP Iteration 0 Feas 98.76524353027344 (<= 0.009999999776482582) Step nan (<= 9.999999747378752e-05)
Time taken for MPC:  0.20798650803044438
ADMM done: Total Iterations=399 converged=False rho=nan rp=nan (<= nan) rd=nan (<= nan) Rho0 nan
ADMM done: Total Iterations=399 converged=False rho=nan rp=nan (<= nan) rd=nan (<= nan) Rho0 nan
SQP Iteration 0 Feas 100.57064056396484 (<= 0.009999999776482582) Step nan (<= 9.999999747378752e-05)
Time taken for MPC:  0.2185601769015193
ADMM done: Total Iterations=399 converged=False rho=nan rp=nan (<= nan) rd=nan (<= nan) Rho0 nan
ADMM done: Total Iterations=399 converged=False rho=nan rp=nan (<= nan) rd=nan (<= nan) Rho0 nan
SQP Iteration 0 Feas 102.83527374267578 (<= 0.009999999776482582) Step nan (<= 9.999999747378752e-05)
Time taken for MPC:  0.2198521001264453
ADMM done: Total Iterations=399 converged=False rho=nan rp=nan (<= nan) rd=nan (<= nan) Rho0 nan
ADMM done: Total Iterations=399 converged=False rho=nan rp=nan (<= nan) rd=nan (<= nan) Rho0 nan
SQP Iteration 0 Feas 105.16429901123047 (<= 0.009999999776482582) Step nan (<= 9.999999747378752e-05)
Time taken for MPC:  0.2223223252221942
ADMM done: Total Iterations=399 converged=False rho=nan rp=nan (<= nan) rd=nan (<= nan) Rho0 nan
ADMM done: Total Iterations=399 converged=False rho=nan rp=nan (<= nan) rd=nan (<= nan) Rho0 nan
SQP Iteration 0 Feas 107.89643859863281 (<= 0.009999999776482582) Step nan (<= 9.999999747378752e-05)
Time taken for MPC:  0.22215478401631117
ADMM done: Total Iterations=399 converged=False rho=nan rp=nan (<= nan) rd=nan (<= nan) Rho0 nan
ADMM done: Total Iterations=399 converged=False rho=nan rp=nan (<= nan) rd=nan (<= nan) Rho0 nan
SQP Iteration 0 Feas 110.43331909179688 (<= 0.009999999776482582) Step nan (<= 9.999999747378752e-05)
Time taken for MPC:  0.22158260690048337
ADMM done: Total Iterations=399 converged=False rho=nan rp=nan (<= nan) rd=nan (<= nan) Rho0 nan
ADMM done: Total Iterations=399 converged=False rho=nan rp=nan (<= nan) rd=nan (<= nan) Rho0 nan
SQP Iteration 0 Feas 112.81527709960938 (<= 0.009999999776482582) Step nan (<= 9.999999747378752e-05)
Time taken for MPC:  0.22365137189626694
ADMM done: Total Iterations=399 converged=False rho=nan rp=nan (<= nan) rd=nan (<= nan) Rho0 nan
ADMM done: Total Iterations=399 converged=False rho=nan rp=nan (<= nan) rd=nan (<= nan) Rho0 nan
SQP Iteration 0 Feas 97.92174530029297 (<= 0.009999999776482582) Step nan (<= 9.999999747378752e-05)
Time taken for MPC:  0.2110392963513732
ADMM done: Total Iterations=399 converged=False rho=nan rp=nan (<= nan) rd=nan (<= nan) Rho0 nan
ADMM done: Total Iterations=399 converged=False rho=nan rp=nan (<= nan) rd=nan (<= nan) Rho0 nan
SQP Iteration 0 Feas 102.7901611328125 (<= 0.009999999776482582) Step nan (<= 9.999999747378752e-05)
Time taken for MPC:  0.23413833510130644
ADMM done: Total Iterations=399 converged=False rho=nan rp=nan (<= nan) rd=nan (<= nan) Rho0 nan
ADMM done: Total Iterations=399 converged=False rho=nan rp=nan (<= nan) rd=nan (<= nan) Rho0 nan
SQP Iteration 0 Feas 92.44623565673828 (<= 0.009999999776482582) Step nan (<= 9.999999747378752e-05)
Time taken for MPC:  0.24040057929232717
ADMM done: Total Iterations=399 converged=False rho=nan rp=nan (<= nan) rd=nan (<= nan) Rho0 nan
ADMM done: Total Iterations=399 converged=False rho=nan rp=nan (<= nan) rd=nan (<= nan) Rho0 nan
SQP Iteration 0 Feas 97.69824981689453 (<= 0.009999999776482582) Step nan (<= 9.999999747378752e-05)
Time taken for MPC:  0.23866057908162475
ADMM done: Total Iterations=399 converged=False rho=nan rp=nan (<= nan) rd=nan (<= nan) Rho0 nan
ADMM done: Total Iterations=399 converged=False rho=nan rp=nan (<= nan) rd=nan (<= nan) Rho0 nan
SQP Iteration 0 Feas 89.54671478271484 (<= 0.009999999776482582) Step nan (<= 9.999999747378752e-05)
Time taken for MPC:  0.2386781619861722
ADMM done: Total Iterations=399 converged=False rho=nan rp=nan (<= nan) rd=nan (<= nan) Rho0 nan
ADMM done: Total Iterations=399 converged=False rho=nan rp=nan (<= nan) rd=nan (<= nan) Rho0 nan
SQP Iteration 0 Feas 95.04267120361328 (<= 0.009999999776482582) Step nan (<= 9.999999747378752e-05)
Time taken for MPC:  0.238784562330693
ADMM done: Total Iterations=399 converged=False rho=nan rp=nan (<= nan) rd=nan (<= nan) Rho0 nan
ADMM done: Total Iterations=399 converged=False rho=nan rp=nan (<= nan) rd=nan (<= nan) Rho0 nan
SQP Iteration 0 Feas 88.01367950439453 (<= 0.009999999776482582) Step nan (<= 9.999999747378752e-05)
Time taken for MPC:  0.24383952328935266
ADMM done: Total Iterations=399 converged=False rho=nan rp=nan (<= nan) rd=nan (<= nan) Rho0 nan
ADMM done: Total Iterations=399 converged=False rho=nan rp=nan (<= nan) rd=nan (<= nan) Rho0 nan
SQP Iteration 0 Feas 93.27656555175781 (<= 0.009999999776482582) Step nan (<= 9.999999747378752e-05)
Time taken for MPC:  0.23656527791172266
ADMM done: Total Iterations=399 converged=False rho=nan rp=nan (<= nan) rd=nan (<= nan) Rho0 nan
ADMM done: Total Iterations=399 converged=False rho=nan rp=nan (<= nan) rd=nan (<= nan) Rho0 nan
SQP Iteration 0 Feas 87.55097961425781 (<= 0.009999999776482582) Step nan (<= 9.999999747378752e-05)
Time taken for MPC:  0.24307662900537252
ADMM done: Total Iterations=399 converged=False rho=nan rp=nan (<= nan) rd=nan (<= nan) Rho0 nan
ADMM done: Total Iterations=399 converged=False rho=nan rp=nan (<= nan) rd=nan (<= nan) Rho0 nan
SQP Iteration 0 Feas 92.16593170166016 (<= 0.009999999776482582) Step nan (<= 9.999999747378752e-05)
Time taken for MPC:  0.22842392697930336
ADMM done: Total Iterations=399 converged=False rho=nan rp=nan (<= nan) rd=nan (<= nan) Rho0 nan
ADMM done: Total Iterations=399 converged=False rho=nan rp=nan (<= nan) rd=nan (<= nan) Rho0 nan
SQP Iteration 0 Feas 87.13925170898438 (<= 0.009999999776482582) Step nan (<= 9.999999747378752e-05)
Time taken for MPC:  0.21607301523908973
ADMM done: Total Iterations=399 converged=False rho=nan rp=nan (<= nan) rd=nan (<= nan) Rho0 nan
ADMM done: Total Iterations=399 converged=False rho=nan rp=nan (<= nan) rd=nan (<= nan) Rho0 nan
SQP Iteration 0 Feas 91.67972564697266 (<= 0.009999999776482582) Step nan (<= 9.999999747378752e-05)
Time taken for MPC:  0.21315741585567594
ADMM done: Total Iterations=399 converged=False rho=nan rp=nan (<= nan) rd=nan (<= nan) Rho0 nan
ADMM done: Total Iterations=399 converged=False rho=nan rp=nan (<= nan) rd=nan (<= nan) Rho0 nan
SQP Iteration 0 Feas 87.21180725097656 (<= 0.009999999776482582) Step nan (<= 9.999999747378752e-05)
Time taken for MPC:  0.21716093691065907
ADMM done: Total Iterations=399 converged=False rho=nan rp=nan (<= nan) rd=nan (<= nan) Rho0 nan
ADMM done: Total Iterations=399 converged=False rho=nan rp=nan (<= nan) rd=nan (<= nan) Rho0 nan
SQP Iteration 0 Feas 91.51972198486328 (<= 0.009999999776482582) Step nan (<= 9.999999747378752e-05)
Time taken for MPC:  0.222715322393924
ADMM done: Total Iterations=399 converged=False rho=nan rp=nan (<= nan) rd=nan (<= nan) Rho0 nan
ADMM done: Total Iterations=399 converged=False rho=nan rp=nan (<= nan) rd=nan (<= nan) Rho0 nan
SQP Iteration 0 Feas 87.00032043457031 (<= 0.009999999776482582) Step nan (<= 9.999999747378752e-05)
Time taken for MPC:  0.23134513711556792
ADMM done: Total Iterations=399 converged=False rho=nan rp=nan (<= nan) rd=nan (<= nan) Rho0 nan
ADMM done: Total Iterations=399 converged=False rho=nan rp=nan (<= nan) rd=nan (<= nan) Rho0 nan
SQP Iteration 0 Feas 90.63402557373047 (<= 0.009999999776482582) Step nan (<= 9.999999747378752e-05)
Time taken for MPC:  0.22912367200478911
ADMM done: Total Iterations=399 converged=False rho=nan rp=nan (<= nan) rd=nan (<= nan) Rho0 nan
ADMM done: Total Iterations=399 converged=False rho=nan rp=nan (<= nan) rd=nan (<= nan) Rho0 nan
SQP Iteration 0 Feas 86.28800964355469 (<= 0.009999999776482582) Step nan (<= 9.999999747378752e-05)
Time taken for MPC:  0.22080394998192787
ADMM done: Total Iterations=399 converged=False rho=nan rp=nan (<= nan) rd=nan (<= nan) Rho0 nan
ADMM done: Total Iterations=399 converged=False rho=nan rp=nan (<= nan) rd=nan (<= nan) Rho0 nan
SQP Iteration 0 Feas 89.25041198730469 (<= 0.009999999776482582) Step nan (<= 9.999999747378752e-05)
Time taken for MPC:  0.2279024668969214
ADMM done: Total Iterations=399 converged=False rho=nan rp=nan (<= nan) rd=nan (<= nan) Rho0 nan
ADMM done: Total Iterations=399 converged=False rho=nan rp=nan (<= nan) rd=nan (<= nan) Rho0 nan
SQP Iteration 0 Feas 85.28604888916016 (<= 0.009999999776482582) Step nan (<= 9.999999747378752e-05)
Time taken for MPC:  0.22397347912192345
ADMM done: Total Iterations=399 converged=False rho=nan rp=nan (<= nan) rd=nan (<= nan) Rho0 nan
ADMM done: Total Iterations=399 converged=False rho=nan rp=nan (<= nan) rd=nan (<= nan) Rho0 nan
SQP Iteration 0 Feas 87.39777374267578 (<= 0.009999999776482582) Step nan (<= 9.999999747378752e-05)
Time taken for MPC:  0.21308399410918355
ADMM done: Total Iterations=399 converged=False rho=nan rp=nan (<= nan) rd=nan (<= nan) Rho0 nan
ADMM done: Total Iterations=399 converged=False rho=nan rp=nan (<= nan) rd=nan (<= nan) Rho0 nan
SQP Iteration 0 Feas 4.162506580352783 (<= 0.009999999776482582) Step nan (<= 9.999999747378752e-05)
Time taken for MPC:  0.2219990910962224
ADMM done: Total Iterations=399 converged=False rho=nan rp=nan (<= nan) rd=nan (<= nan) Rho0 nan
ADMM done: Total Iterations=399 converged=False rho=nan rp=nan (<= nan) rd=nan (<= nan) Rho0 nan
SQP Iteration 0 Feas 4.3887810707092285 (<= 0.009999999776482582) Step nan (<= 9.999999747378752e-05)
Time taken for MPC:  0.22770969802513719
ADMM done: Total Iterations=399 converged=False rho=nan rp=nan (<= nan) rd=nan (<= nan) Rho0 nan
ADMM done: Total Iterations=399 converged=False rho=nan rp=nan (<= nan) rd=nan (<= nan) Rho0 nan
SQP Iteration 0 Feas 5.525984764099121 (<= 0.009999999776482582) Step nan (<= 9.999999747378752e-05)
Time taken for MPC:  0.21458400413393974
ADMM done: Total Iterations=399 converged=False rho=nan rp=nan (<= nan) rd=nan (<= nan) Rho0 nan
ADMM done: Total Iterations=399 converged=False rho=nan rp=nan (<= nan) rd=nan (<= nan) Rho0 nan
SQP Iteration 0 Feas 4.368952751159668 (<= 0.009999999776482582) Step nan (<= 9.999999747378752e-05)
Time taken for MPC:  0.23431539116427302
ADMM done: Total Iterations=399 converged=False rho=nan rp=nan (<= nan) rd=nan (<= nan) Rho0 nan
ADMM done: Total Iterations=399 converged=False rho=nan rp=nan (<= nan) rd=nan (<= nan) Rho0 nan
SQP Iteration 0 Feas 4.315016269683838 (<= 0.009999999776482582) Step nan (<= 9.999999747378752e-05)
Time taken for MPC:  0.22864145785570145
ADMM done: Total Iterations=399 converged=False rho=nan rp=nan (<= nan) rd=nan (<= nan) Rho0 nan
ADMM done: Total Iterations=399 converged=False rho=nan rp=nan (<= nan) rd=nan (<= nan) Rho0 nan
SQP Iteration 0 Feas 4.377570152282715 (<= 0.009999999776482582) Step nan (<= 9.999999747378752e-05)
Time taken for MPC:  0.23731857305392623
ADMM done: Total Iterations=399 converged=False rho=nan rp=nan (<= nan) rd=nan (<= nan) Rho0 nan
ADMM done: Total Iterations=399 converged=False rho=nan rp=nan (<= nan) rd=nan (<= nan) Rho0 nan
SQP Iteration 0 Feas 4.442690849304199 (<= 0.009999999776482582) Step nan (<= 9.999999747378752e-05)
Time taken for MPC:  0.24520851392298937
ADMM done: Total Iterations=399 converged=False rho=nan rp=nan (<= nan) rd=nan (<= nan) Rho0 nan
ADMM done: Total Iterations=399 converged=False rho=nan rp=nan (<= nan) rd=nan (<= nan) Rho0 nan
SQP Iteration 0 Feas 4.48613166809082 (<= 0.009999999776482582) Step nan (<= 9.999999747378752e-05)
Time taken for MPC:  0.24211550503969193
ADMM done: Total Iterations=399 converged=False rho=nan rp=nan (<= nan) rd=nan (<= nan) Rho0 nan
ADMM done: Total Iterations=399 converged=False rho=nan rp=nan (<= nan) rd=nan (<= nan) Rho0 nan
SQP Iteration 0 Feas 4.46793270111084 (<= 0.009999999776482582) Step nan (<= 9.999999747378752e-05)
Time taken for MPC:  0.23558837920427322
ADMM done: Total Iterations=399 converged=False rho=nan rp=nan (<= nan) rd=nan (<= nan) Rho0 nan
ADMM done: Total Iterations=399 converged=False rho=nan rp=nan (<= nan) rd=nan (<= nan) Rho0 nan
SQP Iteration 0 Feas 4.5361738204956055 (<= 0.009999999776482582) Step nan (<= 9.999999747378752e-05)
Time taken for MPC:  0.21967124193906784
ADMM done: Total Iterations=399 converged=False rho=nan rp=nan (<= nan) rd=nan (<= nan) Rho0 nan
ADMM done: Total Iterations=399 converged=False rho=nan rp=nan (<= nan) rd=nan (<= nan) Rho0 nan
SQP Iteration 0 Feas 4.569295406341553 (<= 0.009999999776482582) Step nan (<= 9.999999747378752e-05)
Time taken for MPC:  0.22012502374127507
ADMM done: Total Iterations=399 converged=False rho=nan rp=nan (<= nan) rd=nan (<= nan) Rho0 nan
ADMM done: Total Iterations=399 converged=False rho=nan rp=nan (<= nan) rd=nan (<= nan) Rho0 nan
SQP Iteration 0 Feas 4.555142879486084 (<= 0.009999999776482582) Step nan (<= 9.999999747378752e-05)
Time taken for MPC:  0.22391532314941287
ADMM done: Total Iterations=399 converged=False rho=nan rp=nan (<= nan) rd=nan (<= nan) Rho0 nan
ADMM done: Total Iterations=399 converged=False rho=nan rp=nan (<= nan) rd=nan (<= nan) Rho0 nan
SQP Iteration 0 Feas 4.531170845031738 (<= 0.009999999776482582) Step nan (<= 9.999999747378752e-05)
Time taken for MPC:  0.22339848009869456
ADMM done: Total Iterations=399 converged=False rho=nan rp=nan (<= nan) rd=nan (<= nan) Rho0 nan
ADMM done: Total Iterations=399 converged=False rho=nan rp=nan (<= nan) rd=nan (<= nan) Rho0 nan
SQP Iteration 0 Feas 4.573408603668213 (<= 0.009999999776482582) Step nan (<= 9.999999747378752e-05)
Time taken for MPC:  0.22801136318594217
ADMM done: Total Iterations=399 converged=False rho=nan rp=nan (<= nan) rd=nan (<= nan) Rho0 nan
ADMM done: Total Iterations=399 converged=False rho=nan rp=nan (<= nan) rd=nan (<= nan) Rho0 nan
SQP Iteration 0 Feas 4.575743198394775 (<= 0.009999999776482582) Step nan (<= 9.999999747378752e-05)
Time taken for MPC:  0.22679413296282291
ADMM done: Total Iterations=399 converged=False rho=nan rp=nan (<= nan) rd=nan (<= nan) Rho0 nan
ADMM done: Total Iterations=399 converged=False rho=nan rp=nan (<= nan) rd=nan (<= nan) Rho0 nan
SQP Iteration 0 Feas 4.584991455078125 (<= 0.009999999776482582) Step nan (<= 9.999999747378752e-05)
Time taken for MPC:  0.213552868925035
ADMM done: Total Iterations=399 converged=False rho=nan rp=nan (<= nan) rd=nan (<= nan) Rho0 nan
ADMM done: Total Iterations=399 converged=False rho=nan rp=nan (<= nan) rd=nan (<= nan) Rho0 nan
SQP Iteration 0 Feas 4.582021236419678 (<= 0.009999999776482582) Step nan (<= 9.999999747378752e-05)
Time taken for MPC:  0.22282540891319513
ADMM done: Total Iterations=399 converged=False rho=nan rp=nan (<= nan) rd=nan (<= nan) Rho0 nan
ADMM done: Total Iterations=399 converged=False rho=nan rp=nan (<= nan) rd=nan (<= nan) Rho0 nan
SQP Iteration 0 Feas 75.0608139038086 (<= 0.009999999776482582) Step nan (<= 9.999999747378752e-05)
Time taken for MPC:  0.22576067503541708
ADMM done: Total Iterations=399 converged=False rho=nan rp=nan (<= nan) rd=nan (<= nan) Rho0 nan
ADMM done: Total Iterations=399 converged=False rho=nan rp=nan (<= nan) rd=nan (<= nan) Rho0 nan
SQP Iteration 0 Feas 74.84039306640625 (<= 0.009999999776482582) Step nan (<= 9.999999747378752e-05)
Time taken for MPC:  0.22477966733276844
ADMM done: Total Iterations=399 converged=False rho=nan rp=nan (<= nan) rd=nan (<= nan) Rho0 nan
ADMM done: Total Iterations=399 converged=False rho=nan rp=nan (<= nan) rd=nan (<= nan) Rho0 nan
SQP Iteration 0 Feas 74.90120697021484 (<= 0.009999999776482582) Step nan (<= 9.999999747378752e-05)
Time taken for MPC:  0.2297518029808998
ADMM done: Total Iterations=399 converged=False rho=nan rp=nan (<= nan) rd=nan (<= nan) Rho0 nan
ADMM done: Total Iterations=399 converged=False rho=nan rp=nan (<= nan) rd=nan (<= nan) Rho0 nan
SQP Iteration 0 Feas 74.6992416381836 (<= 0.009999999776482582) Step nan (<= 9.999999747378752e-05)
Time taken for MPC:  0.23009264329448342
ADMM done: Total Iterations=399 converged=False rho=nan rp=nan (<= nan) rd=nan (<= nan) Rho0 nan
ADMM done: Total Iterations=399 converged=False rho=nan rp=nan (<= nan) rd=nan (<= nan) Rho0 nan
SQP Iteration 0 Feas 74.86734771728516 (<= 0.009999999776482582) Step nan (<= 9.999999747378752e-05)
Time taken for MPC:  0.22546740295365453
ADMM done: Total Iterations=399 converged=False rho=nan rp=nan (<= nan) rd=nan (<= nan) Rho0 nan
ADMM done: Total Iterations=399 converged=False rho=nan rp=nan (<= nan) rd=nan (<= nan) Rho0 nan
SQP Iteration 0 Feas 74.94989776611328 (<= 0.009999999776482582) Step nan (<= 9.999999747378752e-05)
Time taken for MPC:  0.21659563295543194
ADMM done: Total Iterations=399 converged=False rho=nan rp=nan (<= nan) rd=nan (<= nan) Rho0 nan
ADMM done: Total Iterations=399 converged=False rho=nan rp=nan (<= nan) rd=nan (<= nan) Rho0 nan
SQP Iteration 0 Feas 74.8491439819336 (<= 0.009999999776482582) Step nan (<= 9.999999747378752e-05)
Time taken for MPC:  0.21991424728184938
ADMM done: Total Iterations=399 converged=False rho=nan rp=nan (<= nan) rd=nan (<= nan) Rho0 nan
ADMM done: Total Iterations=399 converged=False rho=nan rp=nan (<= nan) rd=nan (<= nan) Rho0 nan
SQP Iteration 0 Feas 74.71067810058594 (<= 0.009999999776482582) Step nan (<= 9.999999747378752e-05)
Time taken for MPC:  0.22244175290688872
ADMM done: Total Iterations=399 converged=False rho=nan rp=nan (<= nan) rd=nan (<= nan) Rho0 nan
ADMM done: Total Iterations=399 converged=False rho=nan rp=nan (<= nan) rd=nan (<= nan) Rho0 nan
SQP Iteration 0 Feas 74.70623779296875 (<= 0.009999999776482582) Step nan (<= 9.999999747378752e-05)
Time taken for MPC:  0.22168631618842483
ADMM done: Total Iterations=399 converged=False rho=nan rp=nan (<= nan) rd=nan (<= nan) Rho0 nan
ADMM done: Total Iterations=399 converged=False rho=nan rp=nan (<= nan) rd=nan (<= nan) Rho0 nan
SQP Iteration 0 Feas 74.661376953125 (<= 0.009999999776482582) Step nan (<= 9.999999747378752e-05)
Time taken for MPC:  0.22438709437847137
ADMM done: Total Iterations=399 converged=False rho=nan rp=nan (<= nan) rd=nan (<= nan) Rho0 nan
ADMM done: Total Iterations=399 converged=False rho=nan rp=nan (<= nan) rd=nan (<= nan) Rho0 nan
SQP Iteration 0 Feas 74.66207122802734 (<= 0.009999999776482582) Step nan (<= 9.999999747378752e-05)
Time taken for MPC:  0.22018019063398242
ADMM done: Total Iterations=399 converged=False rho=nan rp=nan (<= nan) rd=nan (<= nan) Rho0 nan
ADMM done: Total Iterations=399 converged=False rho=nan rp=nan (<= nan) rd=nan (<= nan) Rho0 nan
SQP Iteration 0 Feas 74.64492797851562 (<= 0.009999999776482582) Step nan (<= 9.999999747378752e-05)
Time taken for MPC:  0.22803090186789632
ADMM done: Total Iterations=399 converged=False rho=nan rp=nan (<= nan) rd=nan (<= nan) Rho0 nan
ADMM done: Total Iterations=399 converged=False rho=nan rp=nan (<= nan) rd=nan (<= nan) Rho0 nan
SQP Iteration 0 Feas 74.61713409423828 (<= 0.009999999776482582) Step nan (<= 9.999999747378752e-05)
Time taken for MPC:  0.2249553557485342
ADMM done: Total Iterations=399 converged=False rho=nan rp=nan (<= nan) rd=nan (<= nan) Rho0 nan
ADMM done: Total Iterations=399 converged=False rho=nan rp=nan (<= nan) rd=nan (<= nan) Rho0 nan
SQP Iteration 0 Feas 74.63150024414062 (<= 0.009999999776482582) Step nan (<= 9.999999747378752e-05)
Time taken for MPC:  0.24123171484097838
ADMM done: Total Iterations=399 converged=False rho=nan rp=nan (<= nan) rd=nan (<= nan) Rho0 nan
ADMM done: Total Iterations=399 converged=False rho=nan rp=nan (<= nan) rd=nan (<= nan) Rho0 nan
SQP Iteration 0 Feas 74.78450012207031 (<= 0.009999999776482582) Step nan (<= 9.999999747378752e-05)
Time taken for MPC:  0.24986424576491117
ADMM done: Total Iterations=399 converged=False rho=nan rp=nan (<= nan) rd=nan (<= nan) Rho0 nan
ADMM done: Total Iterations=399 converged=False rho=nan rp=nan (<= nan) rd=nan (<= nan) Rho0 nan
SQP Iteration 0 Feas 74.53096771240234 (<= 0.009999999776482582) Step nan (<= 9.999999747378752e-05)
Time taken for MPC:  0.24898992059752345
ADMM done: Total Iterations=399 converged=False rho=nan rp=nan (<= nan) rd=nan (<= nan) Rho0 nan
ADMM done: Total Iterations=399 converged=False rho=nan rp=nan (<= nan) rd=nan (<= nan) Rho0 nan
SQP Iteration 0 Feas 74.59521484375 (<= 0.009999999776482582) Step nan (<= 9.999999747378752e-05)
Time taken for MPC:  0.24140891199931502
ADMM done: Total Iterations=399 converged=False rho=nan rp=nan (<= nan) rd=nan (<= nan) Rho0 nan
ADMM done: Total Iterations=399 converged=False rho=nan rp=nan (<= nan) rd=nan (<= nan) Rho0 nan
SQP Iteration 0 Feas 74.60955047607422 (<= 0.009999999776482582) Step nan (<= 9.999999747378752e-05)
Time taken for MPC:  0.22199477395042777
ADMM done: Total Iterations=399 converged=False rho=nan rp=nan (<= nan) rd=nan (<= nan) Rho0 nan
ADMM done: Total Iterations=399 converged=False rho=nan rp=nan (<= nan) rd=nan (<= nan) Rho0 nan
SQP Iteration 0 Feas 74.574462890625 (<= 0.009999999776482582) Step nan (<= 9.999999747378752e-05)
Time taken for MPC:  0.22090421710163355
ADMM done: Total Iterations=399 converged=False rho=nan rp=nan (<= nan) rd=nan (<= nan) Rho0 nan
ADMM done: Total Iterations=399 converged=False rho=nan rp=nan (<= nan) rd=nan (<= nan) Rho0 nan
SQP Iteration 0 Feas 74.50163269042969 (<= 0.009999999776482582) Step nan (<= 9.999999747378752e-05)
Time taken for MPC:  0.22037127474322915
ADMM done: Total Iterations=399 converged=False rho=nan rp=nan (<= nan) rd=nan (<= nan) Rho0 nan
ADMM done: Total Iterations=399 converged=False rho=nan rp=nan (<= nan) rd=nan (<= nan) Rho0 nan
SQP Iteration 0 Feas 74.40119934082031 (<= 0.009999999776482582) Step nan (<= 9.999999747378752e-05)
Time taken for MPC:  0.22268196567893028
ADMM done: Total Iterations=399 converged=False rho=nan rp=nan (<= nan) rd=nan (<= nan) Rho0 nan
ADMM done: Total Iterations=399 converged=False rho=nan rp=nan (<= nan) rd=nan (<= nan) Rho0 nan
SQP Iteration 0 Feas 74.43403625488281 (<= 0.009999999776482582) Step nan (<= 9.999999747378752e-05)
Time taken for MPC:  0.2211493318900466
ADMM done: Total Iterations=399 converged=False rho=nan rp=nan (<= nan) rd=nan (<= nan) Rho0 nan
ADMM done: Total Iterations=399 converged=False rho=nan rp=nan (<= nan) rd=nan (<= nan) Rho0 nan
SQP Iteration 0 Feas 74.43616485595703 (<= 0.009999999776482582) Step nan (<= 9.999999747378752e-05)
Time taken for MPC:  0.22202259814366698
ADMM done: Total Iterations=399 converged=False rho=nan rp=nan (<= nan) rd=nan (<= nan) Rho0 nan
ADMM done: Total Iterations=399 converged=False rho=nan rp=nan (<= nan) rd=nan (<= nan) Rho0 nan
SQP Iteration 0 Feas 74.3314437866211 (<= 0.009999999776482582) Step nan (<= 9.999999747378752e-05)
Time taken for MPC:  0.226641234010458
ADMM done: Total Iterations=399 converged=False rho=nan rp=nan (<= nan) rd=nan (<= nan) Rho0 nan
ADMM done: Total Iterations=399 converged=False rho=nan rp=nan (<= nan) rd=nan (<= nan) Rho0 nan
SQP Iteration 0 Feas 74.50660705566406 (<= 0.009999999776482582) Step nan (<= 9.999999747378752e-05)
Time taken for MPC:  0.22541539324447513
ADMM done: Total Iterations=399 converged=False rho=nan rp=nan (<= nan) rd=nan (<= nan) Rho0 nan
ADMM done: Total Iterations=399 converged=False rho=nan rp=nan (<= nan) rd=nan (<= nan) Rho0 nan
SQP Iteration 0 Feas 74.48089599609375 (<= 0.009999999776482582) Step nan (<= 9.999999747378752e-05)
Time taken for MPC:  0.2261657090857625
ADMM done: Total Iterations=399 converged=False rho=nan rp=nan (<= nan) rd=nan (<= nan) Rho0 nan
ADMM done: Total Iterations=399 converged=False rho=nan rp=nan (<= nan) rd=nan (<= nan) Rho0 nan
SQP Iteration 0 Feas 74.5519790649414 (<= 0.009999999776482582) Step nan (<= 9.999999747378752e-05)
Time taken for MPC:  0.23008271679282188
ADMM done: Total Iterations=399 converged=False rho=nan rp=nan (<= nan) rd=nan (<= nan) Rho0 nan
ADMM done: Total Iterations=399 converged=False rho=nan rp=nan (<= nan) rd=nan (<= nan) Rho0 nan
SQP Iteration 0 Feas 74.4540023803711 (<= 0.009999999776482582) Step nan (<= 9.999999747378752e-05)
Time taken for MPC:  0.22480897791683674
ADMM done: Total Iterations=399 converged=False rho=nan rp=nan (<= nan) rd=nan (<= nan) Rho0 nan
ADMM done: Total Iterations=399 converged=False rho=nan rp=nan (<= nan) rd=nan (<= nan) Rho0 nan
SQP Iteration 0 Feas 74.44188690185547 (<= 0.009999999776482582) Step nan (<= 9.999999747378752e-05)
Time taken for MPC:  0.22492297226563096
ADMM done: Total Iterations=399 converged=False rho=nan rp=nan (<= nan) rd=nan (<= nan) Rho0 nan
ADMM done: Total Iterations=399 converged=False rho=nan rp=nan (<= nan) rd=nan (<= nan) Rho0 nan
SQP Iteration 0 Feas 74.29411315917969 (<= 0.009999999776482582) Step nan (<= 9.999999747378752e-05)
Time taken for MPC:  0.22795267030596733
ADMM done: Total Iterations=399 converged=False rho=nan rp=nan (<= nan) rd=nan (<= nan) Rho0 nan
ADMM done: Total Iterations=399 converged=False rho=nan rp=nan (<= nan) rd=nan (<= nan) Rho0 nan
SQP Iteration 0 Feas 74.42436218261719 (<= 0.009999999776482582) Step nan (<= 9.999999747378752e-05)
Time taken for MPC:  0.22760294983163476
ADMM done: Total Iterations=399 converged=False rho=nan rp=nan (<= nan) rd=nan (<= nan) Rho0 nan
ADMM done: Total Iterations=399 converged=False rho=nan rp=nan (<= nan) rd=nan (<= nan) Rho0 nan
SQP Iteration 0 Feas 74.34849548339844 (<= 0.009999999776482582) Step nan (<= 9.999999747378752e-05)
Time taken for MPC:  0.23553344095125794
ADMM done: Total Iterations=399 converged=False rho=nan rp=nan (<= nan) rd=nan (<= nan) Rho0 nan
ADMM done: Total Iterations=399 converged=False rho=nan rp=nan (<= nan) rd=nan (<= nan) Rho0 nan
SQP Iteration 0 Feas 74.28511047363281 (<= 0.009999999776482582) Step nan (<= 9.999999747378752e-05)
Time taken for MPC:  0.23873652797192335
ADMM done: Total Iterations=399 converged=False rho=nan rp=nan (<= nan) rd=nan (<= nan) Rho0 nan
ADMM done: Total Iterations=399 converged=False rho=nan rp=nan (<= nan) rd=nan (<= nan) Rho0 nan
SQP Iteration 0 Feas 74.28617858886719 (<= 0.009999999776482582) Step nan (<= 9.999999747378752e-05)
Time taken for MPC:  0.22844423493370414
ADMM done: Total Iterations=399 converged=False rho=nan rp=nan (<= nan) rd=nan (<= nan) Rho0 nan
ADMM done: Total Iterations=399 converged=False rho=nan rp=nan (<= nan) rd=nan (<= nan) Rho0 nan
SQP Iteration 0 Feas 74.39278411865234 (<= 0.009999999776482582) Step nan (<= 9.999999747378752e-05)
Time taken for MPC:  0.2254619598388672
ADMM done: Total Iterations=399 converged=False rho=nan rp=nan (<= nan) rd=nan (<= nan) Rho0 nan
ADMM done: Total Iterations=399 converged=False rho=nan rp=nan (<= nan) rd=nan (<= nan) Rho0 nan
SQP Iteration 0 Feas 74.41588592529297 (<= 0.009999999776482582) Step nan (<= 9.999999747378752e-05)
Time taken for MPC:  0.22990767611190677
ADMM done: Total Iterations=399 converged=False rho=nan rp=nan (<= nan) rd=nan (<= nan) Rho0 nan
ADMM done: Total Iterations=399 converged=False rho=nan rp=nan (<= nan) rd=nan (<= nan) Rho0 nan
SQP Iteration 0 Feas 74.40058898925781 (<= 0.009999999776482582) Step nan (<= 9.999999747378752e-05)
Time taken for MPC:  0.24087744299322367
ADMM done: Total Iterations=399 converged=False rho=nan rp=nan (<= nan) rd=nan (<= nan) Rho0 nan
ADMM done: Total Iterations=399 converged=False rho=nan rp=nan (<= nan) rd=nan (<= nan) Rho0 nan
SQP Iteration 0 Feas 74.24262237548828 (<= 0.009999999776482582) Step nan (<= 9.999999747378752e-05)
Time taken for MPC:  0.23639968689531088
ADMM done: Total Iterations=399 converged=False rho=nan rp=nan (<= nan) rd=nan (<= nan) Rho0 nan
ADMM done: Total Iterations=399 converged=False rho=nan rp=nan (<= nan) rd=nan (<= nan) Rho0 nan
SQP Iteration 0 Feas 74.25466918945312 (<= 0.009999999776482582) Step nan (<= 9.999999747378752e-05)
Time taken for MPC:  0.2341756196692586
ADMM done: Total Iterations=399 converged=False rho=nan rp=nan (<= nan) rd=nan (<= nan) Rho0 nan
ADMM done: Total Iterations=399 converged=False rho=nan rp=nan (<= nan) rd=nan (<= nan) Rho0 nan
SQP Iteration 0 Feas 74.20741271972656 (<= 0.009999999776482582) Step nan (<= 9.999999747378752e-05)
Time taken for MPC:  0.22795322770252824
ADMM done: Total Iterations=399 converged=False rho=nan rp=nan (<= nan) rd=nan (<= nan) Rho0 nan
ADMM done: Total Iterations=399 converged=False rho=nan rp=nan (<= nan) rd=nan (<= nan) Rho0 nan
SQP Iteration 0 Feas 74.21817016601562 (<= 0.009999999776482582) Step nan (<= 9.999999747378752e-05)
Time taken for MPC:  0.22272783610969782
ADMM done: Total Iterations=399 converged=False rho=nan rp=nan (<= nan) rd=nan (<= nan) Rho0 nan
ADMM done: Total Iterations=399 converged=False rho=nan rp=nan (<= nan) rd=nan (<= nan) Rho0 nan
SQP Iteration 0 Feas 74.12047576904297 (<= 0.009999999776482582) Step nan (<= 9.999999747378752e-05)
Time taken for MPC:  0.22176573565229774
ADMM done: Total Iterations=399 converged=False rho=nan rp=nan (<= nan) rd=nan (<= nan) Rho0 nan
ADMM done: Total Iterations=399 converged=False rho=nan rp=nan (<= nan) rd=nan (<= nan) Rho0 nan
SQP Iteration 0 Feas 74.26348876953125 (<= 0.009999999776482582) Step nan (<= 9.999999747378752e-05)
Time taken for MPC:  0.22470697527751327
ADMM done: Total Iterations=399 converged=False rho=nan rp=nan (<= nan) rd=nan (<= nan) Rho0 nan
ADMM done: Total Iterations=399 converged=False rho=nan rp=nan (<= nan) rd=nan (<= nan) Rho0 nan
SQP Iteration 0 Feas 74.1850814819336 (<= 0.009999999776482582) Step nan (<= 9.999999747378752e-05)
Time taken for MPC:  0.23183239018544555
ADMM done: Total Iterations=399 converged=False rho=nan rp=nan (<= nan) rd=nan (<= nan) Rho0 nan
ADMM done: Total Iterations=399 converged=False rho=nan rp=nan (<= nan) rd=nan (<= nan) Rho0 nan
SQP Iteration 0 Feas 74.21219635009766 (<= 0.009999999776482582) Step nan (<= 9.999999747378752e-05)
Time taken for MPC:  0.21777990367263556
ADMM done: Total Iterations=399 converged=False rho=nan rp=nan (<= nan) rd=nan (<= nan) Rho0 nan
ADMM done: Total Iterations=399 converged=False rho=nan rp=nan (<= nan) rd=nan (<= nan) Rho0 nan
SQP Iteration 0 Feas 74.21424865722656 (<= 0.009999999776482582) Step nan (<= 9.999999747378752e-05)
Time taken for MPC:  0.2230722550302744
ADMM done: Total Iterations=399 converged=False rho=nan rp=nan (<= nan) rd=nan (<= nan) Rho0 nan
ADMM done: Total Iterations=399 converged=False rho=nan rp=nan (<= nan) rd=nan (<= nan) Rho0 nan
SQP Iteration 0 Feas 74.12564849853516 (<= 0.009999999776482582) Step nan (<= 9.999999747378752e-05)
Time taken for MPC:  0.2169684120453894
ADMM done: Total Iterations=399 converged=False rho=nan rp=nan (<= nan) rd=nan (<= nan) Rho0 nan
ADMM done: Total Iterations=399 converged=False rho=nan rp=nan (<= nan) rd=nan (<= nan) Rho0 nan
SQP Iteration 0 Feas 74.26335906982422 (<= 0.009999999776482582) Step nan (<= 9.999999747378752e-05)
Time taken for MPC:  0.22672803001478314
ADMM done: Total Iterations=399 converged=False rho=nan rp=nan (<= nan) rd=nan (<= nan) Rho0 nan
ADMM done: Total Iterations=399 converged=False rho=nan rp=nan (<= nan) rd=nan (<= nan) Rho0 nan
SQP Iteration 0 Feas 74.10356903076172 (<= 0.009999999776482582) Step nan (<= 9.999999747378752e-05)
Time taken for MPC:  0.21693623485043645
ADMM done: Total Iterations=399 converged=False rho=nan rp=nan (<= nan) rd=nan (<= nan) Rho0 nan
ADMM done: Total Iterations=399 converged=False rho=nan rp=nan (<= nan) rd=nan (<= nan) Rho0 nan
SQP Iteration 0 Feas 74.06777954101562 (<= 0.009999999776482582) Step nan (<= 9.999999747378752e-05)
Time taken for MPC:  0.22056200075894594
ADMM done: Total Iterations=399 converged=False rho=nan rp=nan (<= nan) rd=nan (<= nan) Rho0 nan
ADMM done: Total Iterations=399 converged=False rho=nan rp=nan (<= nan) rd=nan (<= nan) Rho0 nan
SQP Iteration 0 Feas 73.93107604980469 (<= 0.009999999776482582) Step nan (<= 9.999999747378752e-05)
Time taken for MPC:  0.22461828589439392
ADMM done: Total Iterations=399 converged=False rho=nan rp=nan (<= nan) rd=nan (<= nan) Rho0 nan
ADMM done: Total Iterations=399 converged=False rho=nan rp=nan (<= nan) rd=nan (<= nan) Rho0 nan
SQP Iteration 0 Feas 74.0783920288086 (<= 0.009999999776482582) Step nan (<= 9.999999747378752e-05)
Time taken for MPC:  0.21601026505231857
ADMM done: Total Iterations=399 converged=False rho=nan rp=nan (<= nan) rd=nan (<= nan) Rho0 nan
ADMM done: Total Iterations=399 converged=False rho=nan rp=nan (<= nan) rd=nan (<= nan) Rho0 nan
SQP Iteration 0 Feas 74.0688705444336 (<= 0.009999999776482582) Step nan (<= 9.999999747378752e-05)
Time taken for MPC:  0.22384992381557822
ADMM done: Total Iterations=399 converged=False rho=nan rp=nan (<= nan) rd=nan (<= nan) Rho0 nan
ADMM done: Total Iterations=399 converged=False rho=nan rp=nan (<= nan) rd=nan (<= nan) Rho0 nan
SQP Iteration 0 Feas 73.97209167480469 (<= 0.009999999776482582) Step nan (<= 9.999999747378752e-05)
Time taken for MPC:  0.22330456087365746
ADMM done: Total Iterations=399 converged=False rho=nan rp=nan (<= nan) rd=nan (<= nan) Rho0 nan
ADMM done: Total Iterations=399 converged=False rho=nan rp=nan (<= nan) rd=nan (<= nan) Rho0 nan
SQP Iteration 0 Feas 74.02953338623047 (<= 0.009999999776482582) Step nan (<= 9.999999747378752e-05)
Time taken for MPC:  0.21647615591064095
ADMM done: Total Iterations=399 converged=False rho=nan rp=nan (<= nan) rd=nan (<= nan) Rho0 nan
ADMM done: Total Iterations=399 converged=False rho=nan rp=nan (<= nan) rd=nan (<= nan) Rho0 nan
SQP Iteration 0 Feas 74.07502746582031 (<= 0.009999999776482582) Step nan (<= 9.999999747378752e-05)
Time taken for MPC:  0.21450138185173273
ADMM done: Total Iterations=399 converged=False rho=nan rp=nan (<= nan) rd=nan (<= nan) Rho0 nan
ADMM done: Total Iterations=399 converged=False rho=nan rp=nan (<= nan) rd=nan (<= nan) Rho0 nan
SQP Iteration 0 Feas 74.05284881591797 (<= 0.009999999776482582) Step nan (<= 9.999999747378752e-05)
Time taken for MPC:  0.2188855386339128
ADMM done: Total Iterations=399 converged=False rho=nan rp=nan (<= nan) rd=nan (<= nan) Rho0 nan
ADMM done: Total Iterations=399 converged=False rho=nan rp=nan (<= nan) rd=nan (<= nan) Rho0 nan
SQP Iteration 0 Feas 74.03980255126953 (<= 0.009999999776482582) Step nan (<= 9.999999747378752e-05)
Time taken for MPC:  0.21529531897976995
ADMM done: Total Iterations=399 converged=False rho=nan rp=nan (<= nan) rd=nan (<= nan) Rho0 nan
ADMM done: Total Iterations=399 converged=False rho=nan rp=nan (<= nan) rd=nan (<= nan) Rho0 nan
SQP Iteration 0 Feas 4.642747402191162 (<= 0.009999999776482582) Step nan (<= 9.999999747378752e-05)
Time taken for MPC:  0.22701209876686335
ADMM done: Total Iterations=399 converged=False rho=nan rp=nan (<= nan) rd=nan (<= nan) Rho0 nan
ADMM done: Total Iterations=399 converged=False rho=nan rp=nan (<= nan) rd=nan (<= nan) Rho0 nan
E0123 21:31:42.465161 3966255 pjrt_stream_executor_client.cc:2974] Execution of replica 0 failed: INTERNAL: CpuCallback error calling callback: Traceback (most recent call last):
  File "/home/jeffreyfang/trustworthroboticsgroup/mympx/mpx/mpx/examples/mjx_quad.py", line 317, in <module>
  File "/home/jeffreyfang/trustworthroboticsgroup/mympx/mpx/mpx/utils/mpc_wrapper.py", line 375, in run
  File "/home/jeffreyfang/miniconda3/envs/jaxgpu/lib/python3.13/site-packages/jax/_src/traceback_util.py", line 180, in reraise_with_filtered_traceback
  File "/home/jeffreyfang/miniconda3/envs/jaxgpu/lib/python3.13/site-packages/jax/_src/pjit.py", line 263, in cache_miss
  File "/home/jeffreyfang/miniconda3/envs/jaxgpu/lib/python3.13/site-packages/jax/_src/pjit.py", line 146, in _python_pjit_helper
  File "/home/jeffreyfang/miniconda3/envs/jaxgpu/lib/python3.13/site-packages/jax/_src/pjit.py", line 1622, in _pjit_call_impl_python
  File "/home/jeffreyfang/miniconda3/envs/jaxgpu/lib/python3.13/site-packages/jax/_src/profiler.py", line 359, in wrapper
  File "/home/jeffreyfang/miniconda3/envs/jaxgpu/lib/python3.13/site-packages/jax/_src/interpreters/pxla.py", line 1371, in __call__
  File "/home/jeffreyfang/miniconda3/envs/jaxgpu/lib/python3.13/site-packages/jax/_src/callback.py", line 783, in _wrapped_callback
KeyboardInterrupt: 
SQP Iteration 0 Feas 4.65194034576416 (<= 0.009999999776482582) Step nan (<= 9.999999747378752e-05)
Time taken for MPC:  0.22312111454084516
ADMM done: Total Iterations=399 converged=False rho=nan rp=nan (<= nan) rd=nan (<= nan) Rho0 nan
ADMM done: Total Iterations=399 converged=False rho=nan rp=nan (<= nan) rd=nan (<= nan) Rho0 nan
SQP Iteration 0 Feas 4.648537635803223 (<= 0.009999999776482582) Step nan (<= 9.999999747378752e-05)
Time taken for MPC:  0.22133888909593225
ADMM done: Total Iterations=399 converged=False rho=nan rp=nan (<= nan) rd=nan (<= nan) Rho0 nan
ADMM done: Total Iterations=399 converged=False rho=nan rp=nan (<= nan) rd=nan (<= nan) Rho0 nan
SQP Iteration 0 Feas 4.654665946960449 (<= 0.009999999776482582) Step nan (<= 9.999999747378752e-05)
Time taken for MPC:  0.21704101003706455
ADMM done: Total Iterations=399 converged=False rho=nan rp=nan (<= nan) rd=nan (<= nan) Rho0 nan
ADMM done: Total Iterations=399 converged=False rho=nan rp=nan (<= nan) rd=nan (<= nan) Rho0 nan
SQP Iteration 0 Feas 4.653042793273926 (<= 0.009999999776482582) Step nan (<= 9.999999747378752e-05)
Time taken for MPC:  0.21727103786543012
ADMM done: Total Iterations=399 converged=False rho=nan rp=nan (<= nan) rd=nan (<= nan) Rho0 nan
ADMM done: Total Iterations=399 converged=False rho=nan rp=nan (<= nan) rd=nan (<= nan) Rho0 nan
SQP Iteration 0 Feas 4.6550679206848145 (<= 0.009999999776482582) Step nan (<= 9.999999747378752e-05)
Time taken for MPC:  0.22092275181785226
ADMM done: Total Iterations=399 converged=False rho=nan rp=nan (<= nan) rd=nan (<= nan) Rho0 nan
ADMM done: Total Iterations=399 converged=False rho=nan rp=nan (<= nan) rd=nan (<= nan) Rho0 nan
SQP Iteration 0 Feas 4.654359817504883 (<= 0.009999999776482582) Step nan (<= 9.999999747378752e-05)
Time taken for MPC:  0.2219206797890365
ADMM done: Total Iterations=399 converged=False rho=nan rp=nan (<= nan) rd=nan (<= nan) Rho0 nan
ADMM done: Total Iterations=399 converged=False rho=nan rp=nan (<= nan) rd=nan (<= nan) Rho0 nan
SQP Iteration 0 Feas 4.653591156005859 (<= 0.009999999776482582) Step nan (<= 9.999999747378752e-05)
Time taken for MPC:  0.24897578405216336
ADMM done: Total Iterations=399 converged=False rho=nan rp=nan (<= nan) rd=nan (<= nan) Rho0 nan
ADMM done: Total Iterations=399 converged=False rho=nan rp=nan (<= nan) rd=nan (<= nan) Rho0 nan
SQP Iteration 0 Feas 4.65627908706665 (<= 0.009999999776482582) Step nan (<= 9.999999747378752e-05)
Time taken for MPC:  0.24961240403354168
ADMM done: Total Iterations=399 converged=False rho=nan rp=nan (<= nan) rd=nan (<= nan) Rho0 nan
ADMM done: Total Iterations=399 converged=False rho=nan rp=nan (<= nan) rd=nan (<= nan) Rho0 nan
SQP Iteration 0 Feas 4.658905982971191 (<= 0.009999999776482582) Step nan (<= 9.999999747378752e-05)
Time taken for MPC:  0.2390492600388825
ADMM done: Total Iterations=399 converged=False rho=nan rp=nan (<= nan) rd=nan (<= nan) Rho0 nan
ADMM done: Total Iterations=399 converged=False rho=nan rp=nan (<= nan) rd=nan (<= nan) Rho0 nan
SQP Iteration 0 Feas 4.65645170211792 (<= 0.009999999776482582) Step nan (<= 9.999999747378752e-05)
Time taken for MPC:  0.25146978069096804
ADMM done: Total Iterations=399 converged=False rho=nan rp=nan (<= nan) rd=nan (<= nan) Rho0 nan
ADMM done: Total Iterations=399 converged=False rho=nan rp=nan (<= nan) rd=nan (<= nan) Rho0 nan
SQP Iteration 0 Feas 4.662423610687256 (<= 0.009999999776482582) Step nan (<= 9.999999747378752e-05)
Time taken for MPC:  0.2448447090573609
ADMM done: Total Iterations=399 converged=False rho=nan rp=nan (<= nan) rd=nan (<= nan) Rho0 nan
Traceback (most recent call last):
  File "/home/jeffreyfang/trustworthroboticsgroup/mympx/mpx/mpx/examples/mjx_quad.py", line 317, in <module>
    tau, q, dq, X, U, V, backoffs, Phi_x, Phi_u, parameter = mpc.run(qpos,qvel,input,contact)
                                                             ~~~~~~~^^^^^^^^^^^^^^^^^^^^^^^^^
  File "/home/jeffreyfang/trustworthroboticsgroup/mympx/mpx/mpx/utils/mpc_wrapper.py", line 375, in run
    X, U, V, w, y, rho, backoffs, Phi_x, Phi_u = self._solve(
                                                 ~~~~~~~~~~~^
        reference,
        ^^^^^^^^^^
    ...<10 lines>...
        self.h_ct_ws
        ^^^^^^^^^^^^
    )
    ^
jax.errors.JaxRuntimeError: INTERNAL: CpuCallback error calling callback: Traceback (most recent call last):
  File "/home/jeffreyfang/trustworthroboticsgroup/mympx/mpx/mpx/examples/mjx_quad.py", line 317, in <module>
  File "/home/jeffreyfang/trustworthroboticsgroup/mympx/mpx/mpx/utils/mpc_wrapper.py", line 375, in run
  File "/home/jeffreyfang/miniconda3/envs/jaxgpu/lib/python3.13/site-packages/jax/_src/traceback_util.py", line 180, in reraise_with_filtered_traceback
  File "/home/jeffreyfang/miniconda3/envs/jaxgpu/lib/python3.13/site-packages/jax/_src/pjit.py", line 263, in cache_miss
  File "/home/jeffreyfang/miniconda3/envs/jaxgpu/lib/python3.13/site-packages/jax/_src/pjit.py", line 146, in _python_pjit_helper
  File "/home/jeffreyfang/miniconda3/envs/jaxgpu/lib/python3.13/site-packages/jax/_src/pjit.py", line 1622, in _pjit_call_impl_python
  File "/home/jeffreyfang/miniconda3/envs/jaxgpu/lib/python3.13/site-packages/jax/_src/profiler.py", line 359, in wrapper
  File "/home/jeffreyfang/miniconda3/envs/jaxgpu/lib/python3.13/site-packages/jax/_src/interpreters/pxla.py", line 1371, in __call__
  File "/home/jeffreyfang/miniconda3/envs/jaxgpu/lib/python3.13/site-packages/jax/_src/callback.py", line 783, in _wrapped_callback
KeyboardInterrupt: 
--------------------
For simplicity, JAX has removed its internal frames from the traceback of the following exception. Set JAX_TRACEBACK_FILTERING=off to include these.
